,Nr,Artikelnr,Istmenge,Kst Id,Beginn,Ende
0,18005,717221,22000,ZSK 70/8,21.02.2022 20:15:00,22.02.2022 18:00:00
1,18006,717221,22000,ZSK 70/8,22.02.2022 18:00:00,23.02.2022 14:45:00
2,18007,717221,22000,ZSK 70/8,23.02.2022 14:45:00,24.02.2022 10:00:00
3,18008,717221,19000,ZSK 70/8,26.02.2022 01:00:00,01.03.2022 06:00:00
4,18008,717221,19000,ZSK 70/8,26.02.2022 01:00:00,01.03.2022 06:00:00
5,18009,717221,22000,ZSK 70/8,01.03.2022 07:45:00,02.03.2022 06:05:00
6,18010,717221,22000,ZSK 70/8,02.03.2022 06:05:00,03.03.2022 01:45:00
7,18080,717221,7000,ZSK 70/4,24.02.2022 00:30:00,24.02.2022 11:00:00
8,18080,717221,7500,ZSK 70/5,24.02.2022 00:30:00,24.02.2022 11:00:00
9,18080,717221,7500,ZSK 70/9,24.02.2022 00:30:00,24.02.2022 11:00:00
10,18081,717221,7500,ZSK 70/4,24.02.2022 11:00:00,24.02.2022 20:45:00
11,18081,717221,7000,ZSK 70/5,24.02.2022 11:00:00,24.02.2022 20:45:00
12,18081,717221,7500,ZSK 70/9,24.02.2022 11:00:00,24.02.2022 20:45:00
13,18082,717221,7500,ZSK 70/4,24.02.2022 20:45:00,25.02.2022 11:00:00
14,18082,717221,7500,ZSK 70/9,24.02.2022 20:45:00,25.02.2022 11:00:00
15,18083,717221,7000,ZSK 70/4,25.02.2022 06:30:00,25.02.2022 16:45:00
16,18083,717221,7500,ZSK 70/5,25.02.2022 06:30:00,25.02.2022 16:45:00
17,18083,717221,7500,ZSK 70/9,25.02.2022 06:30:00,25.02.2022 16:45:00
18,18084,717221,7500,ZSK 70/4,25.02.2022 16:45:00,26.02.2022 03:00:00
19,18084,717221,7000,ZSK 70/5,25.02.2022 16:45:00,26.02.2022 03:00:00
20,18084,717221,7500,ZSK 70/9,25.02.2022 16:45:00,26.02.2022 01:45:00
21,18103,717221,22000,ZSK 70/8,03.03.2022 01:45:00,03.03.2022 19:05:00
22,18104,717221,22000,ZSK 70/8,03.03.2022 19:05:00,04.03.2022 14:20:00
23,18105,717221,22000,ZSK 70/8,04.03.2022 14:20:00,07.03.2022 13:30:00
24,18211,717221,22000,ZSK 70/8,07.03.2022 13:30:00,08.03.2022 07:45:00
25,18212,717221,22000,ZSK 70/8,08.03.2022 07:45:00,09.03.2022 02:15:00
26,18213,717221,22000,ZSK 70/8,09.03.2022 02:15:00,09.03.2022 20:30:00
27,18214,717221,22000,ZSK 70/8,09.03.2022 20:30:00,10.03.2022 17:50:00
28,18215,717221,22000,ZSK 70/8,10.03.2022 17:50:00,11.03.2022 11:40:00
29,18216,717221,22000,ZSK 70/8,11.03.2022 11:40:00,14.03.2022 13:00:00
30,18295,717221,22000,ZSK 70/8,15.03.2022 13:00:00,15.03.2022 06:45:00
31,18296,717221,22000,ZSK 70/8,15.03.2022 06:45:00,16.03.2022 01:40:00
32,18297,717221,22000,ZSK 70/8,16.03.2022 01:40:00,16.03.2022 18:15:00
33,18298,717221,22000,ZSK 70/8,16.03.2022 18:15:00,17.03.2022 13:45:00
34,18299,717221,22000,ZSK 70/8,17.03.2022 13:45:00,18.03.2022 12:45:00
35,18300,717221,12000,ZSK 70/8,18.03.2022 12:45:00,18.03.2022 23:15:00
36,18301,717221,22000,ZSK 70/8,24.03.2022 08:00:00,25.03.2022 02:15:00
37,18302,717221,22000,ZSK 70/8,25.03.2022 02:15:00,25.03.2022 21:10:00
38,18303,717221,22000,ZSK 70/8,25.03.2022 21:10:00,28.03.2022 19:30:00
39,18304,717221,22000,ZSK 70/8,28.03.2022 19:30:00,29.03.2022 13:40:00
40,18305,717221,22000,ZSK 70/8,29.03.2022 13:40:00,30.03.2022 17:30:00
41,18306,717221,22000,ZSK 70/8,30.03.2022 17:30:00,31.03.2022 13:20:00
42,18307,717221,22000,ZSK 70/8,31.03.2022 13:20:00,31.03.2022 23:59:00
43,18314,717221,15000,ZSK 70/5,14.03.2022 10:00:00,15.03.2022 06:30:00
44,18314,717221,7000,ZSK 70/9,14.03.2022 20:00:00,15.03.2022 06:30:00
45,18315,717221,11000,ZSK 70/5,15.03.2022 06:30:00,16.03.2022 05:25:00
46,18315,717221,11000,ZSK 70/9,15.03.2022 06:30:00,16.03.2022 05:25:00
47,18316,717221,16000,ZSK 70/5,16.03.2022 05:25:00,17.03.2022 01:45:00
48,18316,717221,6000,ZSK 70/9,16.03.2022 05:25:00,17.03.2022 01:45:00
49,18317,717221,18000,ZSK 70/5,17.03.2022 01:45:00,18.03.2022 03:20:00
50,18317,717221,4000,ZSK 70/9,17.03.2022 01:45:00,18.03.2022 03:20:00
51,18318,717221,11000,ZSK 70/5,18.03.2022 03:20:00,18.03.2022 18:25:00
52,18318,717221,11000,ZSK 70/9,18.03.2022 03:20:00,18.03.2022 18:25:00
53,18319,717221,3500,ZSK 70/5,18.03.2022 18:25:00,18.03.2022 23:15:00
54,18319,717221,3500,ZSK 70/9,18.03.2022 18:25:00,18.03.2022 23:15:00
55,18326,717221,7000,ZSK 70/4,22.03.2022 10:00:00,22.03.2022 20:10:00
56,18326,717221,9000,ZSK 70/5,22.03.2022 09:00:00,22.03.2022 20:10:00
57,18326,717221,6000,ZSK 70/9,22.03.2022 00:15:00,22.03.2022 00:00:00
58,18327,717221,11000,ZSK 70/4,22.03.2022 20:10:00,23.03.2022 11:30:00
59,18327,717221,11000,ZSK 70/5,22.03.2022 20:10:00,23.03.2022 11:30:00
60,18328,717221,8000,ZSK 70/4,23.03.2022 11:30:00,23.03.2022 22:30:00
61,18328,717221,8000,ZSK 70/5,23.03.2022 11:30:00,23.03.2022 22:30:00
62,18328,717221,6000,ZSK 70/9,23.03.2022 11:30:00,23.03.2022 22:30:00
63,18329,717221,7500,ZSK 70/4,23.03.2022 22:30:00,24.03.2022 07:50:00
64,18329,717221,7500,ZSK 70/5,23.03.2022 22:30:00,24.03.2022 07:50:00
65,18329,717221,7000,ZSK 70/9,23.03.2022 22:30:00,24.03.2022 07:45:00
66,18329,717221,7500,ZSK 70/4,23.03.2022 22:30:00,24.03.2022 07:50:00
67,18329,717221,7500,ZSK 70/5,23.03.2022 22:30:00,24.03.2022 07:50:00
68,18329,717221,7000,ZSK 70/9,23.03.2022 22:30:00,24.03.2022 07:45:00
69,18330,717221,8000,ZSK 70/4,24.03.2022 07:30:00,24.03.2022 19:20:00
70,18330,717221,8000,ZSK 70/5,24.03.2022 07:30:00,24.03.2022 19:20:00
71,18330,717221,6000,ZSK 70/9,24.03.2022 07:30:00,24.03.2022 19:20:00
72,18331,717221,7500,ZSK 70/4,24.03.2022 19:20:00,25.03.2022 05:25:00
73,18331,717221,7500,ZSK 70/5,24.03.2022 19:20:00,25.03.2022 05:25:00
74,18331,717221,7000,ZSK 70/9,24.03.2022 19:20:00,25.03.2022 05:25:00
75,18332,717221,9000,ZSK 70/4,25.03.2022 05:25:00,25.03.2022 18:00:00
76,18332,717221,8000,ZSK 70/5,25.03.2022 05:25:00,25.03.2022 18:00:00
77,18332,717221,5000,ZSK 70/9,25.03.2022 05:25:00,25.03.2022 18:00:00
78,18333,717221,9000,ZSK 70/4,25.03.2022 18:00:00,28.03.2022 09:50:00
79,18333,717221,9000,ZSK 70/5,25.03.2022 18:00:00,28.03.2022 09:50:00
80,18333,717221,4000,ZSK 70/9,25.03.2022 18:00:00,26.03.2022 02:00:00
81,18334,717221,11000,ZSK 70/4,28.03.2022 09:50:00,29.03.2022 00:35:00
82,18334,717221,11000,ZSK 70/5,28.03.2022 09:50:00,29.03.2022 00:35:00
83,18335,717221,11000,ZSK 70/4,29.03.2022 00:35:00,29.03.2022 16:15:00
84,18335,717221,11000,ZSK 70/5,29.03.2022 00:35:00,29.03.2022 16:15:00
85,18336,717221,11000,ZSK 70/4,29.03.2022 16:15:00,30.03.2022 06:30:00
86,18336,717221,11000,ZSK 70/5,29.03.2022 16:15:00,30.03.2022 06:30:00
87,18337,717221,11000,ZSK 70/4,30.03.2022 06:30:00,30.03.2022 21:30:00
88,18337,717221,11000,ZSK 70/5,30.03.2022 06:30:00,30.03.2022 21:30:00
89,18338,717221,11000,ZSK 70/4,30.03.2022 21:30:00,31.03.2022 12:20:00
90,18338,717221,11000,ZSK 70/5,30.03.2022 21:30:00,31.03.2022 12:20:00
91,18339,717221,11000,ZSK 70/4,31.03.2022 12:40:00,31.03.2022 23:59:00
92,18339,717221,11000,ZSK 70/5,31.03.2022 12:20:00,31.03.2022 23:59:00
93,18358,717221,22000,ZSK 70/8,24.02.2022 10:00:00,25.02.2022 07:00:00
94,18359,717221,22000,ZSK 70/8,25.02.2022 07:00:00,26.02.2022 01:30:00
95,18452,717221,22000,ZSK 70/8,04.04.2022 15:00:00,05.04.2022 10:50:00
96,18453,717221,22000,ZSK 70/8,05.04.2022 10:50:00,06.04.2022 05:20:00
97,18454,717221,22000,ZSK 70/8,06.04.2022 05:20:00,07.04.2022 01:25:00
98,18455,717221,22000,ZSK 70/8,07.04.2022 01:25:00,07.04.2022 17:55:00
99,18456,717221,22000,ZSK 70/8,07.04.2022 17:55:00,08.04.2022 13:00:00
100,18457,717221,22000,ZSK 70/8,08.04.2022 13:00:00,11.04.2022 11:00:00
101,18458,717221,22000,ZSK 70/8,11.04.2022 11:00:00,12.04.2022 11:30:00
102,18459,717221,22000,ZSK 70/8,12.04.2022 11:30:00,13.04.2022 05:40:00
103,18460,717221,22000,ZSK 70/8,13.04.2022 05:40:00,14.04.2022 00:01:00
104,18461,717221,22000,ZSK 70/8,14.04.2022 00:00:00,14.04.2022 18:20:00
105,18462,717221,23000,ZSK 70/8,20.04.2022 00:00:00,20.04.2022 00:00:00
106,18463,717221,22000,ZSK 70/8,14.04.2022 18:20:00,19.04.2022 20:00:00
107,18463,717221,22000,ZSK 70/8,14.04.2022 18:20:00,19.04.2022 20:00:00
108,18464,717221,22000,ZSK 70/8,20.04.2022 22:45:00,22.04.2022 03:45:00
109,18465,717221,22000,ZSK 70/8,22.04.2022 03:45:00,22.04.2022 22:15:00
110,18466,717221,22000,ZSK 70/8,22.04.2022 22:15:00,25.04.2022 22:40:00
111,18467,717221,22000,ZSK 70/8,25.04.2022 22:40:00,26.04.2022 17:40:00
112,18468,717221,22000,ZSK 70/8,26.04.2022 17:40:00,27.04.2022 12:30:00
113,18469,717221,22000,ZSK 70/8,27.04.2022 12:30:00,28.04.2022 09:00:00
114,18470,717221,22000,ZSK 70/8,28.04.2022 09:00:00,29.04.2022 03:15:00
115,18471,717221,22000,ZSK 70/8,29.04.2022 03:15:00,29.04.2022 21:30:00
116,18472,717221,4000,ZSK 70/8,29.04.2022 21:30:00,30.04.2022 03:00:00
117,18472,717221,18000,ZSK 70/8,02.05.2022 08:00:00,03.05.2022 22:45:00
118,18473,717221,22000,ZSK 70/8,02.05.2022 22:45:00,03.05.2022 16:20:00
119,18555,717221,22000,ZSK 70/8,13.07.2022 00:00:00,13.07.2022 00:00:00
120,18557,717221,22000,ZSK 70/8,14.07.2022 10:00:00,14.07.2022 20:00:00
121,18564,717221,22000,ZSK 70/4,23.08.2022 00:00:00,23.08.2022 20:00:00
122,18565,717221,10000,ZSK 70/4,30.08.2022 00:00:00,30.08.2022 20:00:00
123,18567,717221,10000,ZSK 70/5,05.09.2022 00:00:00,05.09.2022 20:00:00
124,18568,717221,10000,ZSK 70/5,05.09.2022 00:00:00,05.09.2022 20:00:00
125,18569,717221,100,ZSK 70/4,14.09.2022 00:00:00,14.09.2022 00:00:00
126,18584,717221,1000,ZSK 70/4,29.09.2022 00:00:00,29.09.2022 00:00:00
127,18585,717221,500,ZSK 70/4,29.09.2022 10:00:00,29.09.2022 11:00:00
128,18585,717221,500,ZSK 70/5,29.09.2022 10:00:00,29.09.2022 11:00:00
129,18616,717221,1000,ZSK 70/8,16.11.2022 00:00:00,16.11.2022 00:00:00
130,18617,717221,22000,ZSK 70/8,03.05.2022 16:20:00,04.05.2022 13:00:00
131,18617,717221,1000,ZSK 70/8,16.11.2022 00:00:00,16.11.2022 00:00:00
132,18618,717221,22000,ZSK 70/8,04.05.2022 13:00:00,05.05.2022 07:30:00
133,18618,717221,1000,ZSK 70/8,16.11.2022 01:00:00,16.11.2022 02:30:00
134,18619,717221,22000,ZSK 70/8,05.05.2022 07:30:00,06.05.2022 07:20:00
135,18619,717221,1000,ZSK 70/8,17.11.2022 00:00:00,17.11.2022 00:00:00
136,18620,717221,22000,ZSK 70/8,06.05.2022 07:20:00,07.05.2022 01:50:00
137,18621,717221,22000,ZSK 70/8,09.05.2022 07:00:00,10.05.2022 01:30:00
138,18622,717221,22000,ZSK 70/8,10.05.2022 01:30:00,11.05.2022 06:25:00
139,18623,717221,22000,ZSK 70/8,11.05.2022 06:25:00,12.05.2022 00:30:00
140,18624,717221,22000,ZSK 70/8,12.05.2022 00:30:00,12.05.2022 22:00:00
141,18625,717221,22000,ZSK 70/8,12.05.2022 22:00:00,13.05.2022 15:10:00
142,18626,717221,22000,ZSK 70/8,13.05.2022 15:10:00,16.05.2022 17:30:00
143,18629,717221,22000,ZSK 70/8,16.05.2022 17:30:00,17.05.2022 21:00:00
144,18630,717221,22000,ZSK 70/8,17.05.2022 21:00:00,18.05.2022 18:30:00
145,18631,717221,22000,ZSK 70/8,20.05.2022 03:00:00,21.05.2022 02:00:00
146,18632,717221,22000,ZSK 70/8,21.05.2022 02:00:00,24.05.2022 02:50:00
147,18633,717221,22000,ZSK 70/8,24.05.2022 02:50:00,24.05.2022 23:00:00
148,18634,717221,22000,ZSK 70/8,24.05.2022 23:00:00,25.05.2022 20:35:00
149,18635,717231,26400,ZSK 70/8,25.05.2022 20:35:00,30.05.2022 22:15:00
150,18638,717231,26400,ZSK 70/8,30.05.2022 22:15:00,31.05.2022 21:45:00
151,18639,717231,6000,ZSK 70/8,31.05.2022 21:45:00,31.05.2022 23:59:00
152,18639,717231,20400,ZSK 70/8,01.06.2022 00:01:00,01.06.2022 21:40:00
153,18640,717231,26400,ZSK 70/8,01.06.2022 21:40:00,02.06.2022 21:35:00
154,18641,717231,26400,ZSK 70/8,02.06.2022 21:35:00,03.06.2022 21:10:00
155,18642,717231,26400,ZSK 70/8,03.06.2022 21:40:00,08.06.2022 02:40:00
156,18647,717221,7000,ZSK 70/4,02.05.2022 10:40:00,03.05.2022 22:30:00
157,18647,717221,12000,ZSK 70/5,02.05.2022 07:15:00,03.05.2022 22:30:00
158,18647,717221,3000,ZSK 70/9,02.05.2022 16:00:00,03.05.2022 22:30:00
159,18648,717221,7000,ZSK 70/4,02.05.2022 22:30:00,03.05.2022 08:15:00
160,18648,717221,8000,ZSK 70/5,02.05.2022 22:30:00,03.05.2022 08:15:00
161,18648,717221,7000,ZSK 70/9,02.05.2022 22:30:00,03.05.2022 08:15:00
162,18649,717231,11000,ZSK 70/4,03.05.2022 08:15:00,04.05.2022 02:00:00
163,18649,717231,11000,ZSK 70/5,03.05.2022 08:15:00,04.05.2022 02:00:00
164,18649,717231,4400,ZSK 70/9,03.05.2022 08:15:00,04.05.2022 02:00:00
165,18650,717221,8000,ZSK 70/4,04.05.2022 02:00:00,04.05.2022 14:35:00
166,18650,717221,10000,ZSK 70/5,04.05.2022 02:00:00,04.05.2022 14:35:00
167,18650,717221,4000,ZSK 70/9,04.05.2022 02:00:00,04.05.2022 14:35:00
168,18651,717221,6000,ZSK 70/4,04.05.2022 14:35:00,05.05.2022 02:30:00
169,18651,717221,8000,ZSK 70/5,04.05.2022 14:35:00,05.05.2022 02:30:00
170,18651,717221,8000,ZSK 70/9,04.05.2022 14:35:00,05.05.2022 02:30:00
171,18652,717221,9000,ZSK 70/4,05.05.2022 02:30:00,05.05.2022 17:15:00
172,18652,717221,9000,ZSK 70/5,05.05.2022 02:30:00,05.05.2022 17:15:00
173,18652,717221,4000,ZSK 70/9,05.05.2022 02:30:00,05.05.2022 17:15:00
174,18653,717221,9000,ZSK 70/4,05.05.2022 17:15:00,06.05.2022 05:10:00
175,18653,717221,9000,ZSK 70/5,05.05.2022 17:15:00,06.05.2022 05:10:00
176,18653,717221,4000,ZSK 70/9,05.05.2022 17:15:00,06.05.2022 05:10:00
177,18654,717221,7000,ZSK 70/4,06.05.2022 05:10:00,06.05.2022 16:00:00
178,18654,717221,8000,ZSK 70/5,06.05.2022 05:10:00,06.05.2022 16:00:00
179,18654,717221,7000,ZSK 70/9,06.05.2022 05:10:00,06.05.2022 16:00:00
180,18655,717221,7000,ZSK 70/4,06.05.2022 16:00:00,07.05.2022 02:15:00
181,18655,717221,8000,ZSK 70/5,06.05.2022 16:00:00,07.05.2022 02:15:00
182,18655,717221,7000,ZSK 70/9,06.05.2022 16:00:00,07.05.2022 02:00:00
183,18656,717221,7000,ZSK 70/4,09.05.2022 07:20:00,09.05.2022 20:00:00
184,18656,717221,8000,ZSK 70/5,09.05.2022 07:20:00,09.05.2022 20:00:00
185,18656,717221,7000,ZSK 70/9,09.05.2022 07:20:00,09.05.2022 20:00:00
186,18660,717221,7000,ZSK 70/4,10.05.2022 06:45:00,11.05.2022 17:15:00
187,18660,717221,7500,ZSK 70/5,10.05.2022 17:15:00,11.05.2022 03:30:00
188,18660,717221,7500,ZSK 70/9,10.05.2022 17:15:00,11.05.2022 03:30:00
189,18661,717221,8000,ZSK 70/4,11.05.2022 03:30:00,11.05.2022 17:00:00
190,18661,717221,11000,ZSK 70/5,11.05.2022 03:30:00,11.05.2022 17:00:00
191,18661,717221,3000,ZSK 70/9,11.05.2022 03:30:00,11.05.2022 17:00:00
192,18662,717221,7000,ZSK 70/4,12.05.2022 03:40:00,12.05.2022 14:30:00
193,18662,717221,9000,ZSK 70/5,12.05.2022 03:40:00,12.05.2022 14:30:00
194,18662,717221,6000,ZSK 70/9,12.05.2022 03:40:00,12.05.2022 14:30:00
195,18663,717221,6000,ZSK 70/4,12.05.2022 14:30:00,13.05.2022 00:45:00
196,18663,717221,8000,ZSK 70/5,12.05.2022 14:30:00,13.05.2022 00:45:00
197,18663,717221,8000,ZSK 70/9,12.05.2022 14:30:00,13.05.2022 00:45:00
198,18664,717221,7000,ZSK 70/4,13.05.2022 00:45:00,13.05.2022 11:05:00
199,18664,717221,8000,ZSK 70/5,13.05.2022 00:45:00,13.05.2022 11:05:00
200,18664,717221,7000,ZSK 70/9,13.05.2022 00:45:00,13.05.2022 11:05:00
201,18665,717221,7000,ZSK 70/4,13.05.2022 11:05:00,13.05.2022 21:30:00
202,18665,717221,7500,ZSK 70/5,13.05.2022 11:05:00,13.05.2022 21:30:00
203,18665,717221,7500,ZSK 70/9,13.05.2022 11:05:00,13.05.2022 21:30:00
204,18666,717221,3000,ZSK 70/4,13.05.2022 21:30:00,14.05.2022 03:00:00
205,18666,717221,6000,ZSK 70/5,13.05.2022 21:30:00,14.05.2022 04:45:00
206,18666,717221,5000,ZSK 70/9,13.05.2022 21:30:00,14.05.2022 04:00:00
207,18667,717221,7000,ZSK 70/4,17.05.2022 00:00:00,18.05.2022 00:00:00
208,18667,717221,7500,ZSK 70/5,17.05.2022 20:10:00,18.05.2022 06:30:00
209,18667,717221,7500,ZSK 70/9,17.05.2022 20:10:00,18.05.2022 06:30:00
210,18686,717221,7000,ZSK 70/4,16.05.2022 08:00:00,16.05.2022 19:15:00
211,18686,717221,7500,ZSK 70/5,16.05.2022 08:00:00,16.05.2022 19:15:00
212,18686,717221,7500,ZSK 70/9,16.05.2022 10:00:00,16.05.2022 19:15:00
213,18687,717221,7000,ZSK 70/4,16.05.2022 19:15:00,17.05.2022 08:50:00
214,18687,717221,7500,ZSK 70/5,16.05.2022 19:15:00,17.05.2022 08:50:00
215,18687,717221,7500,ZSK 70/9,16.05.2022 19:15:00,17.05.2022 08:50:00
216,18690,717221,7000,ZSK 70/4,17.05.2022 08:50:00,17.05.2022 20:10:00
217,18690,717221,7500,ZSK 70/5,17.05.2022 08:50:00,17.05.2022 20:10:00
218,18690,717221,7500,ZSK 70/9,17.05.2022 08:50:00,17.05.2022 20:10:00
219,18733,717221,8000,ZSK 70/5,18.05.2022 06:30:00,18.05.2022 20:00:00
220,18733,717221,8000,ZSK 70/4,18.05.2022 06:30:00,18.05.2022 20:00:00
221,18733,717221,6000,ZSK 70/9,18.05.2022 06:30:00,18.05.2022 20:00:00
222,18734,717221,6000,ZSK 70/4,18.05.2022 20:00:00,19.05.2022 06:45:00
223,18734,717221,8000,ZSK 70/5,18.05.2022 20:00:00,19.05.2022 06:45:00
224,18734,717221,8000,ZSK 70/9,18.05.2022 20:00:00,19.05.2022 06:45:00
225,18735,717221,6000,ZSK 70/4,19.05.2022 06:45:00,19.05.2022 16:40:00
226,18735,717221,8000,ZSK 70/5,19.05.2022 06:45:00,19.05.2022 16:40:00
227,18735,717221,8000,ZSK 70/9,19.05.2022 06:45:00,19.05.2022 16:40:00
228,18736,717221,7500,ZSK 70/5,19.05.2022 16:40:00,20.05.2022 03:00:00
229,18736,717221,7500,ZSK 70/9,19.05.2022 16:40:00,20.05.2022 03:00:00
230,18736,717221,7000,ZSK 70/4,19.05.2022 16:40:00,20.05.2022 03:00:00
231,18737,717221,7000,ZSK 70/4,20.05.2022 03:00:00,20.05.2022 14:00:00
232,18737,717221,7500,ZSK 70/5,20.05.2022 03:00:00,20.05.2022 14:00:00
233,18737,717221,7500,ZSK 70/9,20.05.2022 03:00:00,20.05.2022 14:00:00
234,18738,717221,7000,ZSK 70/4,20.05.2022 14:00:00,20.05.2022 23:45:00
235,18738,717221,7500,ZSK 70/5,20.05.2022 14:00:00,20.05.2022 23:45:00
236,18738,717221,7500,ZSK 70/9,20.05.2022 14:00:00,20.05.2022 23:45:00
237,18739,717221,7000,ZSK 70/4,20.05.2022 00:00:00,23.05.2022 00:00:00
238,18739,717221,7500,ZSK 70/5,20.05.2022 23:45:00,23.05.2022 18:20:00
239,18739,717221,7500,ZSK 70/9,20.05.2022 23:45:00,23.05.2022 18:20:00
240,18740,717221,7000,ZSK 70/4,23.05.2022 18:20:00,24.05.2022 04:45:00
241,18740,717221,7500,ZSK 70/5,23.05.2022 18:20:00,24.05.2022 04:45:00
242,18740,717221,7500,ZSK 70/9,23.05.2022 18:20:00,24.05.2022 04:45:00
243,18741,717221,3000,ZSK 70/4,24.05.2022 04:45:00,25.05.2022 00:35:00
244,18741,717221,9500,ZSK 70/5,24.05.2022 04:45:00,25.05.2022 00:35:00
245,18741,717221,9500,ZSK 70/9,24.05.2022 04:45:00,25.05.2022 00:35:00
246,18742,717221,6000,ZSK 70/4,25.05.2022 00:35:00,25.05.2022 11:50:00
247,18742,717221,8000,ZSK 70/5,25.05.2022 00:35:00,25.05.2022 11:50:00
248,18742,717221,8000,ZSK 70/9,25.05.2022 00:35:00,25.05.2022 11:50:00
249,18743,717221,7000,ZSK 70/4,25.05.2022 11:50:00,25.05.2022 21:40:00
250,18743,717221,7500,ZSK 70/5,25.05.2022 11:50:00,25.05.2022 21:40:00
251,18743,717221,7500,ZSK 70/9,25.05.2022 11:50:00,25.05.2022 21:40:00
252,18744,717221,7500,ZSK 70/4,25.05.2022 21:40:00,30.05.2022 11:45:00
253,18744,717221,7500,ZSK 70/5,25.05.2022 21:40:00,30.05.2022 11:45:00
254,18744,717221,7000,ZSK 70/9,25.05.2022 21:40:00,30.05.2022 11:45:00
255,18745,717221,7500,ZSK 70/4,30.05.2022 11:45:00,30.05.2022 21:25:00
256,18745,717221,7000,ZSK 70/5,30.05.2022 11:45:00,30.05.2022 21:25:00
257,18745,717221,7500,ZSK 70/9,30.05.2022 11:45:00,30.05.2022 21:25:00
258,18746,717221,7500,ZSK 70/4,30.05.2022 21:25:00,31.05.2022 08:05:00
259,18746,717221,7500,ZSK 70/5,30.05.2022 21:25:00,31.05.2022 08:05:00
260,18746,717221,7000,ZSK 70/9,30.05.2022 21:25:00,31.05.2022 08:05:00
261,18747,717221,7000,ZSK 70/4,31.05.2022 08:05:00,31.05.2022 17:25:00
262,18747,717221,7500,ZSK 70/5,31.05.2022 08:05:00,31.05.2022 17:25:00
263,18747,717221,7500,ZSK 70/9,31.05.2022 08:05:00,31.05.2022 17:25:00
264,18800,717221,22000,ZSK 70/8,15.06.2022 01:00:00,15.06.2022 23:00:00
265,18801,717221,22000,ZSK 70/8,15.06.2022 23:00:00,21.06.2022 01:15:00
266,18802,717221,22000,ZSK 70/8,21.06.2022 01:15:00,21.06.2022 23:40:00
267,18803,717231,26400,ZSK 70/8,21.06.2022 23:40:00,23.06.2022 01:45:00
268,18804,717231,26400,ZSK 70/8,23.06.2022 01:45:00,27.06.2022 08:55:00
269,18806,717231,26400,ZSK 70/8,27.06.2022 08:55:00,28.06.2022 10:45:00
270,18807,717231,31200,ZSK 70/8,28.06.2022 10:45:00,29.06.2022 17:20:00
271,18808,717221,14000,ZSK 70/8,30.06.2022 17:15:00,30.06.2022 23:59:00
272,18808,717221,14000,ZSK 70/8,30.06.2022 17:15:00,30.06.2022 23:59:00
273,18809,717221,22000,ZSK 70/8,01.07.2022 18:30:00,04.07.2022 23:05:00
274,18814,717221,7500,ZSK 70/4,31.05.2022 17:25:00,01.06.2022 04:30:00
275,18814,717221,7000,ZSK 70/5,31.05.2022 17:25:00,01.06.2022 04:30:00
276,18814,717221,7500,ZSK 70/9,31.05.2022 17:25:00,01.06.2022 04:30:00
277,18814,717221,7500,ZSK 70/4,31.05.2022 17:25:00,01.06.2022 04:30:00
278,18814,717221,7000,ZSK 70/5,31.05.2022 17:25:00,01.06.2022 04:30:00
279,18814,717221,7500,ZSK 70/9,31.05.2022 17:25:00,01.06.2022 04:30:00
280,18815,717221,2000,ZSK 70/4,31.05.2022 23:50:00,31.05.2022 23:59:00
281,18815,717221,6000,ZSK 70/4,01.06.2022 04:30:00,01.06.2022 13:10:00
282,18815,717221,7000,ZSK 70/5,01.06.2022 04:30:00,01.06.2022 13:10:00
283,18815,717221,7000,ZSK 70/9,01.06.2022 04:30:00,01.06.2022 13:10:00
284,18816,717221,7500,ZSK 70/4,01.06.2022 13:10:00,01.06.2022 23:15:00
285,18816,717221,7500,ZSK 70/5,01.06.2022 13:10:00,01.06.2022 23:15:00
286,18816,717221,7000,ZSK 70/9,01.06.2022 13:10:00,01.06.2022 23:15:00
287,18817,717221,7000,ZSK 70/4,01.06.2022 23:15:00,02.06.2022 09:15:00
288,18817,717221,7500,ZSK 70/5,01.06.2022 23:15:00,02.06.2022 09:15:00
289,18817,717221,7500,ZSK 70/9,01.06.2022 23:15:00,02.06.2022 09:15:00
290,18818,717221,7500,ZSK 70/4,02.06.2022 09:15:00,02.06.2022 19:20:00
291,18818,717221,7500,ZSK 70/5,02.06.2022 09:15:00,02.06.2022 19:20:00
292,18818,717221,7000,ZSK 70/9,02.06.2022 09:15:00,02.06.2022 19:20:00
293,18819,717221,7500,ZSK 70/4,02.06.2022 19:20:00,03.06.2022 05:15:00
294,18819,717221,7500,ZSK 70/5,02.06.2022 19:20:00,03.06.2022 05:15:00
295,18819,717221,7000,ZSK 70/9,02.06.2022 19:20:00,03.06.2022 05:15:00
296,18820,717221,7500,ZSK 70/4,03.06.2022 05:15:00,03.06.2022 17:20:00
297,18820,717221,7500,ZSK 70/5,03.06.2022 05:15:00,03.06.2022 17:30:00
298,18820,717221,7500,ZSK 70/4,03.06.2022 05:15:00,03.06.2022 17:20:00
299,18820,717221,7500,ZSK 70/5,03.06.2022 05:15:00,03.06.2022 17:30:00
300,18820,717221,7000,ZSK 70/9,03.06.2022 05:15:00,03.06.2022 17:30:00
301,18822,717221,7000,ZSK 70/4,03.06.2022 17:30:00,04.06.2022 02:30:00
302,18822,717221,7500,ZSK 70/5,03.06.2022 17:30:00,04.06.2022 02:30:00
303,18822,717221,7500,ZSK 70/9,03.06.2022 17:30:00,04.06.2022 02:30:00
304,18824,717221,7000,ZSK 70/4,07.06.2022 19:30:00,08.06.2022 05:20:00
305,18824,717221,7500,ZSK 70/5,07.06.2022 19:30:00,08.06.2022 05:20:00
306,18824,717221,7500,ZSK 70/9,07.06.2022 19:30:00,08.06.2022 05:20:00
307,18825,717221,7500,ZSK 70/4,08.06.2022 05:20:00,08.06.2022 15:15:00
308,18825,717221,7500,ZSK 70/5,08.06.2022 05:20:00,08.06.2022 15:15:00
309,18825,717221,7000,ZSK 70/9,08.06.2022 05:20:00,08.06.2022 15:15:00
310,18828,717221,7500,ZSK 70/4,09.06.2022 12:00:00,09.06.2022 21:00:00
311,18828,717221,7500,ZSK 70/9,09.06.2022 12:00:00,09.06.2022 21:00:00
312,18829,717221,7500,ZSK 70/4,09.06.2022 21:00:00,10.06.2022 07:10:00
313,18829,717221,7000,ZSK 70/5,09.06.2022 21:00:00,10.06.2022 07:10:00
314,18829,717221,7500,ZSK 70/9,10.06.2022 00:00:00,10.06.2022 00:00:00
315,18830,717221,7500,ZSK 70/4,10.06.2022 07:10:00,10.06.2022 17:00:00
316,18830,717221,7500,ZSK 70/5,10.06.2022 07:10:00,10.06.2022 17:00:00
317,18830,717221,7000,ZSK 70/9,10.06.2022 07:10:00,10.06.2022 17:00:00
318,18831,717221,7500,ZSK 70/4,10.06.2022 17:00:00,11.06.2022 02:30:00
319,18831,717221,7000,ZSK 70/5,10.06.2022 17:00:00,11.06.2022 04:20:00
320,18831,717221,7500,ZSK 70/9,10.06.2022 17:00:00,11.06.2022 02:00:00
321,18843,717221,7500,ZSK 70/4,22.06.2022 10:20:00,22.06.2022 20:25:00
322,18843,717221,7000,ZSK 70/5,22.06.2022 10:20:00,22.06.2022 20:25:00
323,18843,717221,7500,ZSK 70/9,22.06.2022 10:20:00,22.06.2022 20:25:00
324,18844,717221,7500,ZSK 70/4,22.06.2022 20:25:00,23.06.2022 06:55:00
325,18844,717221,7000,ZSK 70/5,22.06.2022 20:25:00,23.06.2022 06:55:00
326,18844,717221,7500,ZSK 70/9,22.06.2022 20:25:00,23.06.2022 06:55:00
327,18845,717221,7500,ZSK 70/4,23.06.2022 06:55:00,23.06.2022 17:25:00
328,18845,717221,7000,ZSK 70/5,23.06.2022 06:55:00,23.06.2022 17:25:00
329,18845,717221,7500,ZSK 70/9,23.06.2022 06:55:00,23.06.2022 17:25:00
330,18846,717221,7000,ZSK 70/4,24.06.2022 17:25:00,24.06.2022 03:15:00
331,18846,717221,7500,ZSK 70/5,23.06.2022 17:25:00,24.06.2022 03:15:00
332,18846,717221,7500,ZSK 70/9,23.06.2022 17:25:00,24.06.2022 03:15:00
333,18847,717221,7500,ZSK 70/4,24.06.2022 03:15:00,27.06.2022 18:15:00
334,18847,717221,7500,ZSK 70/5,24.06.2022 03:15:00,27.06.2022 18:15:00
335,18847,717221,7000,ZSK 70/9,24.06.2022 03:15:00,27.06.2022 18:15:00
336,18848,717221,7500,ZSK 70/4,27.06.2022 18:15:00,28.06.2022 04:10:00
337,18848,717221,7500,ZSK 70/5,27.06.2022 18:15:00,28.06.2022 04:10:00
338,18848,717221,7000,ZSK 70/9,27.06.2022 18:15:00,28.06.2022 04:10:00
339,18849,717221,7000,ZSK 70/4,28.06.2022 04:10:00,28.06.2022 14:25:00
340,18849,717221,7500,ZSK 70/5,28.06.2022 04:10:00,28.06.2022 14:25:00
341,18849,717221,7500,ZSK 70/9,28.06.2022 04:10:00,28.06.2022 14:25:00
342,18850,717221,7500,ZSK 70/4,28.06.2022 15:35:00,29.06.2022 00:05:00
343,18850,717221,7500,ZSK 70/5,28.06.2022 14:35:00,29.06.2022 00:05:00
344,18850,717221,7000,ZSK 70/9,28.06.2022 14:35:00,29.06.2022 00:05:00
345,18850,717221,7500,ZSK 70/4,28.06.2022 15:35:00,29.06.2022 00:05:00
346,18850,717221,7500,ZSK 70/5,28.06.2022 14:35:00,29.06.2022 00:05:00
347,18850,717221,7000,ZSK 70/9,28.06.2022 14:35:00,29.06.2022 00:05:00
348,18851,717221,7000,ZSK 70/4,29.06.2022 00:05:00,29.06.2022 10:00:00
349,18851,717221,7500,ZSK 70/5,29.06.2022 00:05:00,29.06.2022 10:00:00
350,18851,717221,7500,ZSK 70/9,29.06.2022 00:05:00,29.06.2022 10:00:00
351,18851,717221,7000,ZSK 70/4,29.06.2022 00:05:00,29.06.2022 10:00:00
352,18851,717221,7500,ZSK 70/5,29.06.2022 00:05:00,29.06.2022 10:00:00
353,18851,717221,7500,ZSK 70/9,29.06.2022 00:05:00,29.06.2022 10:00:00
354,18852,717221,7500,ZSK 70/4,29.06.2022 10:00:00,29.06.2022 21:20:00
355,18852,717221,7500,ZSK 70/5,29.06.2022 10:00:00,29.06.2022 21:20:00
356,18852,717221,7000,ZSK 70/9,29.06.2022 10:00:00,29.06.2022 21:20:00
357,18852,717221,7500,ZSK 70/4,29.06.2022 10:00:00,29.06.2022 21:20:00
358,18852,717221,7500,ZSK 70/5,29.06.2022 10:00:00,29.06.2022 21:20:00
359,18852,717221,7000,ZSK 70/9,29.06.2022 10:00:00,29.06.2022 21:20:00
360,18853,717221,7000,ZSK 70/4,29.06.2022 21:20:00,30.06.2022 06:50:00
361,18853,717221,7500,ZSK 70/5,29.06.2022 21:20:00,30.06.2022 06:50:00
362,18853,717221,7500,ZSK 70/9,29.06.2022 21:20:00,30.06.2022 06:50:00
363,18854,717221,6000,ZSK 70/4,30.06.2022 06:50:00,30.06.2022 17:45:00
364,18854,717221,8000,ZSK 70/5,30.06.2022 06:50:00,30.06.2022 17:45:00
365,18854,717221,8000,ZSK 70/9,30.06.2022 06:50:00,30.06.2022 17:45:00
366,18855,717221,5000,ZSK 70/4,01.07.2022 00:00:00,01.07.2022 03:50:00
367,18855,717221,3500,ZSK 70/5,01.07.2022 00:00:00,01.07.2022 03:50:00
368,18855,717221,5500,ZSK 70/9,01.07.2022 00:00:00,01.07.2022 03:45:00
369,18856,717221,7000,ZSK 70/4,01.07.2022 03:50:00,01.07.2022 14:15:00
370,18856,717221,7500,ZSK 70/5,01.07.2022 03:50:00,01.07.2022 14:15:00
371,18856,717221,7500,ZSK 70/9,01.07.2022 03:50:00,01.07.2022 14:15:00
372,18857,717221,7000,ZSK 70/4,01.07.2022 14:15:00,02.07.2022 00:00:00
373,18857,717221,7861,ZSK 70/5,01.07.2022 14:15:00,02.07.2022 00:35:00
374,18857,717221,7500,ZSK 70/9,01.07.2022 14:15:00,02.07.2022 00:20:00
375,18878,717231,8400,ZSK 70/8,08.06.2022 02:40:00,08.06.2022 10:45:00
376,18879,717231,26400,ZSK 70/8,08.06.2022 12:00:00,09.06.2022 15:15:00
377,18880,717231,26400,ZSK 70/8,09.06.2022 15:15:00,10.06.2022 17:45:00
378,18881,717231,26400,ZSK 70/8,10.06.2022 17:45:00,14.06.2022 01:30:00
379,18882,717231,26400,ZSK 70/8,14.06.2022 01:30:00,15.06.2022 01:00:00
380,18947,717231,28800,ZSK 70/8,04.07.2022 23:05:00,06.07.2022 03:00:00
381,18948,717231,26400,ZSK 70/8,06.07.2022 03:00:00,07.07.2022 05:00:00
382,18949,717231,26400,ZSK 70/8,07.07.2022 06:30:00,08.07.2022 08:45:00
383,18950,717231,26400,ZSK 70/8,08.07.2022 08:45:00,11.07.2022 16:30:00
384,18951,717231,26400,ZSK 70/8,11.07.2022 16:30:00,12.07.2022 18:25:00
385,18952,717231,26400,ZSK 70/8,12.07.2022 18:25:00,13.07.2022 19:25:00
386,18953,717231,26400,ZSK 70/8,13.07.2022 19:25:00,14.07.2022 19:30:00
387,18954,717231,26400,ZSK 70/8,14.07.2022 19:30:00,15.07.2022 18:45:00
388,18955,717231,26400,ZSK 70/8,15.07.2022 18:45:00,18.07.2022 23:10:00
389,18956,717231,26400,ZSK 70/8,18.07.2022 23:00:00,20.07.2022 02:40:00
390,18957,717231,26400,ZSK 70/8,20.07.2022 02:40:00,21.07.2022 04:50:00
391,18958,717231,26400,ZSK 70/8,21.07.2022 04:50:00,22.07.2022 12:50:00
392,18959,717231,26400,ZSK 70/8,22.07.2022 12:50:00,25.07.2022 16:45:00
393,18960,717231,26400,ZSK 70/8,25.07.2022 16:45:00,26.07.2022 16:30:00
394,18961,717231,26400,ZSK 70/8,26.07.2022 16:30:00,27.07.2022 18:45:00
395,18962,717231,26400,ZSK 70/8,27.07.2022 18:45:00,28.07.2022 18:00:00
396,18986,717221,7500,ZSK 70/4,18.07.2022 13:00:00,18.07.2022 23:30:00
397,18986,717221,7000,ZSK 70/5,18.07.2022 13:00:00,18.07.2022 23:30:00
398,18986,717221,7500,ZSK 70/9,18.07.2022 13:00:00,18.07.2022 23:30:00
399,18987,717221,7500,ZSK 70/4,18.07.2022 23:30:00,19.07.2022 09:50:00
400,18987,717221,7500,ZSK 70/9,18.07.2022 23:30:00,19.07.2022 09:50:00
401,18987,717221,7000,ZSK 70/5,18.07.2022 23:30:00,19.07.2022 09:50:00
402,18988,717221,7500,ZSK 70/4,19.07.2022 09:50:00,19.07.2022 21:10:00
403,18988,717221,7500,ZSK 70/5,19.07.2022 09:50:00,19.07.2022 21:10:00
404,18989,717221,7500,ZSK 70/4,19.07.2022 21:10:00,20.07.2022 06:55:00
405,18989,717221,7500,ZSK 70/5,19.07.2022 21:10:00,20.07.2022 06:55:00
406,18989,717221,7000,ZSK 70/9,19.07.2022 21:10:00,20.07.2022 06:55:00
407,18990,717221,7500,ZSK 70/4,20.07.2022 06:55:00,20.07.2022 17:30:00
408,18990,717221,7500,ZSK 70/5,20.07.2022 06:55:00,20.07.2022 17:30:00
409,18990,717221,7000,ZSK 70/9,20.07.2022 06:55:00,20.07.2022 17:30:00
410,18991,717221,7000,ZSK 70/4,20.07.2022 17:30:00,21.07.2022 03:25:00
411,18991,717221,7500,ZSK 70/5,20.07.2022 17:30:00,21.07.2022 03:25:00
412,18991,717221,7500,ZSK 70/9,20.07.2022 17:30:00,21.07.2022 03:25:00
413,18992,717221,6000,ZSK 70/4,21.07.2022 03:25:00,21.07.2022 12:40:00
414,18992,717221,6000,ZSK 70/5,21.07.2022 03:25:00,21.07.2022 13:00:00
415,18992,717221,5000,ZSK 70/9,21.07.2022 03:25:00,21.07.2022 09:25:00
416,18993,717221,8000,ZSK 70/4,21.07.2022 13:00:00,22.07.2022 02:20:00
417,18993,717221,9000,ZSK 70/5,21.07.2022 13:00:00,22.07.2022 02:20:00
418,18993,717221,5000,ZSK 70/9,21.07.2022 13:00:00,22.07.2022 02:20:00
419,18994,717221,3000,ZSK 70/4,22.07.2022 02:20:00,22.07.2022 07:30:00
420,18994,717221,3000,ZSK 70/5,22.07.2022 02:20:00,22.07.2022 07:30:00
421,18994,717221,3000,ZSK 70/9,22.07.2022 02:20:00,22.07.2022 07:30:00
422,18995,717221,8500,ZSK 70/4,22.07.2022 07:30:00,22.07.2022 18:05:00
423,18995,717221,8500,ZSK 70/5,22.07.2022 07:30:00,22.07.2022 18:05:00
424,18995,717221,9400,ZSK 70/9,22.07.2022 07:30:00,22.07.2022 18:05:00
425,18996,717221,7500,ZSK 70/4,22.07.2022 18:05:00,25.07.2022 08:50:00
426,18996,717221,7000,ZSK 70/5,22.07.2022 18:05:00,25.07.2022 08:50:00
427,18996,717221,7500,ZSK 70/9,22.07.2022 18:05:00,25.07.2022 08:50:00
428,18997,717221,8000,ZSK 70/4,25.07.2022 08:50:00,26.07.2022 00:35:00
429,18997,717221,6000,ZSK 70/5,25.07.2022 08:50:00,26.07.2022 00:50:00
430,18997,717221,8000,ZSK 70/9,25.07.2022 08:50:00,26.07.2022 00:25:00
431,19139,717231,26400,ZSK 70/8,08.08.2022 10:30:00,09.08.2022 11:50:00
432,19140,717231,26400,ZSK 70/8,09.08.2022 11:50:00,10.08.2022 13:15:00
433,19141,717231,26400,ZSK 70/8,10.08.2022 13:15:00,11.08.2022 11:00:00
434,19142,717231,26400,ZSK 70/8,11.08.2022 11:00:00,12.08.2022 12:00:00
435,19143,717231,26400,ZSK 70/8,04.09.2022 00:00:00,16.08.2022 00:00:00
436,19144,717231,26400,ZSK 70/8,15.08.2022 20:10:00,16.08.2022 19:50:00
437,19145,717231,26400,ZSK 70/8,16.08.2022 19:50:00,17.08.2022 19:40:00
438,19146,717231,12000,ZSK 70/8,17.08.2022 19:40:00,18.08.2022 08:35:00
439,19146,717231,12000,ZSK 70/8,17.08.2022 19:40:00,18.08.2022 08:35:00
440,19147,717231,10000,ZSK 70/8,18.08.2022 11:45:00,18.08.2022 21:05:00
441,19147,717231,3000,ZSK 70/4,18.08.2022 11:45:00,18.08.2022 14:45:00
442,19148,717231,26400,ZSK 70/8,18.08.2022 20:00:00,19.08.2022 22:00:00
443,19149,717231,26400,ZSK 70/8,19.08.2022 22:00:00,23.08.2022 04:00:00
444,19150,717231,26400,ZSK 70/8,23.08.2022 04:00:00,24.08.2022 08:30:00
445,19151,717231,26400,ZSK 70/8,24.08.2022 08:30:00,25.08.2022 09:10:00
446,19152,717231,26400,ZSK 70/8,25.08.2022 09:10:00,26.08.2022 08:45:00
447,19153,717231,26400,ZSK 70/8,29.08.2022 07:15:00,30.08.2022 07:30:00
448,19154,717231,26400,ZSK 70/8,30.08.2022 09:45:00,01.09.2022 10:15:00
449,19154,717231,26400,ZSK 70/8,30.08.2022 09:45:00,01.09.2022 10:15:00
450,19154,717231,26400,ZSK 70/8,30.08.2022 09:45:00,01.09.2022 10:15:00
451,19155,717231,16800,ZSK 70/8,31.08.2022 10:15:00,31.08.2022 23:59:00
452,19177,717221,7500,ZSK 70/4,15.08.2022 22:30:00,16.08.2022 09:00:00
453,19177,717221,7500,ZSK 70/5,15.08.2022 22:30:00,16.08.2022 09:00:00
454,19177,717221,7000,ZSK 70/9,15.08.2022 22:30:00,16.08.2022 09:00:00
455,19178,717221,7000,ZSK 70/4,16.08.2022 09:00:00,16.08.2022 19:40:00
456,19178,717221,7500,ZSK 70/5,16.08.2022 09:00:00,16.08.2022 19:40:00
457,19178,717221,7500,ZSK 70/9,16.08.2022 09:00:00,16.08.2022 19:40:00
458,19179,717221,7500,ZSK 70/4,16.08.2022 19:40:00,17.08.2022 05:40:00
459,19179,717221,7500,ZSK 70/5,16.08.2022 19:40:00,17.08.2022 05:40:00
460,19179,717221,7000,ZSK 70/9,16.08.2022 19:40:00,17.08.2022 05:40:00
461,19180,717221,7500,ZSK 70/4,17.08.2022 05:30:00,17.08.2022 15:30:00
462,19180,717221,7000,ZSK 70/5,17.08.2022 05:40:00,17.08.2022 15:30:00
463,19180,717221,7500,ZSK 70/9,17.08.2022 05:40:00,17.08.2022 15:30:00
464,19181,717221,7000,ZSK 70/4,17.08.2022 15:30:00,18.08.2022 01:45:00
465,19181,717221,7500,ZSK 70/5,17.08.2022 15:30:00,18.08.2022 01:45:00
466,19181,717221,7500,ZSK 70/9,17.08.2022 15:30:00,18.08.2022 01:45:00
467,19182,717221,7000,ZSK 70/4,18.08.2022 01:45:00,18.08.2022 11:50:00
468,19182,717221,7500,ZSK 70/5,18.08.2022 01:45:00,18.08.2022 11:50:00
469,19182,717221,7500,ZSK 70/9,18.08.2022 01:45:00,18.08.2022 11:50:00
470,19183,717221,6000,ZSK 70/4,18.08.2022 11:50:00,18.08.2022 23:00:00
471,19183,717221,8000,ZSK 70/5,18.08.2022 11:50:00,18.08.2022 23:00:00
472,19183,717221,8000,ZSK 70/9,18.08.2022 11:50:00,18.08.2022 23:00:00
473,19184,717221,7500,ZSK 70/4,18.08.2022 23:00:00,19.08.2022 09:00:00
474,19184,717221,7000,ZSK 70/5,18.08.2022 23:00:00,19.08.2022 09:00:00
475,19184,717221,7500,ZSK 70/9,18.08.2022 23:00:00,19.08.2022 09:00:00
476,19185,717221,7500,ZSK 70/4,19.08.2022 09:00:00,19.08.2022 19:20:00
477,19185,717221,7000,ZSK 70/5,19.08.2022 09:00:00,19.08.2022 19:20:00
478,19185,717221,7500,ZSK 70/9,19.08.2022 09:00:00,19.08.2022 19:20:00
479,19186,717221,6000,ZSK 70/4,19.08.2022 19:20:00,20.08.2022 03:00:00
480,19186,717221,6000,ZSK 70/5,19.08.2022 19:20:00,20.08.2022 03:00:00
481,19186,717221,5000,ZSK 70/9,19.08.2022 19:20:00,20.08.2022 03:00:00
482,19198,717231,19200,ZSK 70/8,28.07.2022 18:00:00,29.07.2022 11:15:00
483,19245,717231,26400,ZSK 70/8,01.09.2022 11:00:00,02.09.2022 11:15:00
484,19246,717231,26400,ZSK 70/8,05.09.2022 14:00:00,06.09.2022 14:00:00
485,19247,717231,26400,ZSK 70/8,06.09.2022 14:00:00,07.09.2022 14:10:00
486,19248,717231,26400,ZSK 70/8,07.09.2022 14:10:00,08.09.2022 12:45:00
487,19249,717231,26400,ZSK 70/8,08.09.2022 12:45:00,09.09.2022 13:00:00
488,19250,717231,26400,ZSK 70/8,12.09.2022 08:15:00,13.09.2022 10:15:00
489,19251,717231,26400,ZSK 70/8,13.09.2022 10:15:00,14.09.2022 14:30:00
490,19252,717231,26400,ZSK 70/8,14.09.2022 14:30:00,15.09.2022 17:00:00
491,19253,717231,26400,ZSK 70/8,15.09.2022 17:00:00,16.09.2022 20:50:00
492,19253,717231,26400,ZSK 70/8,15.09.2022 17:00:00,16.09.2022 20:50:00
493,19254,717231,26400,ZSK 70/8,19.09.2022 09:45:00,20.09.2022 09:45:00
494,19255,717231,26400,ZSK 70/8,22.09.2022 09:45:00,21.09.2022 11:00:00
495,19256,717231,26400,ZSK 70/8,21.09.2022 11:00:00,21.09.2022 09:40:00
496,19257,717231,26400,ZSK 70/8,22.09.2022 09:45:00,23.09.2022 13:00:00
497,19258,717231,26400,ZSK 70/8,26.09.2022 06:30:00,27.09.2022 07:00:00
498,19259,717231,26400,ZSK 70/8,27.09.2022 06:30:00,28.09.2022 13:00:00
499,19260,717231,26400,ZSK 70/8,29.09.2022 12:15:00,30.09.2022 12:40:00
500,19263,717221,11000,ZSK 70/4,29.08.2022 07:15:00,29.08.2022 22:00:00
501,19263,717221,11000,ZSK 70/5,29.08.2022 07:15:00,29.08.2022 22:00:00
502,19264,717221,11000,ZSK 70/4,29.08.2022 22:00:00,30.08.2022 13:15:00
503,19264,717221,11000,ZSK 70/5,29.08.2022 22:00:00,30.08.2022 13:15:00
504,19265,717221,11000,ZSK 70/4,30.08.2022 13:15:00,31.08.2022 04:20:00
505,19265,717221,11000,ZSK 70/5,30.08.2022 13:15:00,31.08.2022 04:20:00
506,19266,717221,11000,ZSK 70/4,31.08.2022 04:20:00,31.08.2022 19:20:00
507,19266,717221,11000,ZSK 70/5,31.08.2022 04:20:00,31.08.2022 19:20:00
508,19267,717221,6000,ZSK 70/5,01.09.2022 00:01:00,01.09.2022 10:00:00
509,19267,717221,6000,ZSK 70/4,31.08.2022 19:20:00,31.08.2022 23:59:00
510,19268,717221,11000,ZSK 70/4,01.09.2022 10:00:00,02.09.2022 02:35:00
511,19268,717221,11000,ZSK 70/5,01.09.2022 10:00:00,02.09.2022 02:35:00
512,19269,717221,11000,ZSK 70/4,02.09.2022 02:35:00,02.09.2022 17:15:00
513,19269,717221,11000,ZSK 70/5,02.09.2022 02:35:00,02.09.2022 18:00:00
514,19270,717221,11000,ZSK 70/4,05.09.2022 08:00:00,06.09.2022 01:45:00
515,19270,717221,11000,ZSK 70/5,05.09.2022 11:45:00,06.09.2022 01:45:00
516,19271,717221,11000,ZSK 70/4,06.09.2022 01:45:00,06.09.2022 16:35:00
517,19271,717221,11000,ZSK 70/5,06.09.2022 01:45:00,06.09.2022 16:35:00
518,19272,717221,11000,ZSK 70/4,06.09.2022 16:35:00,07.09.2022 07:15:00
519,19272,717221,11000,ZSK 70/5,06.09.2022 16:35:00,07.09.2022 07:15:00
520,19273,717221,11000,ZSK 70/4,07.09.2022 07:15:00,07.09.2022 22:45:00
521,19273,717221,11000,ZSK 70/5,07.09.2022 07:15:00,07.09.2022 22:45:00
522,19274,717221,11000,ZSK 70/4,07.09.2022 22:45:00,08.09.2022 13:25:00
523,19274,717221,11000,ZSK 70/5,07.09.2022 22:45:00,08.09.2022 13:25:00
524,19275,717221,11000,ZSK 70/4,08.09.2022 13:25:00,09.09.2022 04:15:00
525,19275,717221,11000,ZSK 70/5,08.09.2022 13:25:00,09.09.2022 04:15:00
526,19276,717221,11000,ZSK 70/4,09.09.2022 04:15:00,09.09.2022 19:10:00
527,19276,717221,11000,ZSK 70/5,09.09.2022 04:15:00,09.09.2022 19:10:00
528,19277,717221,11000,ZSK 70/4,12.09.2022 07:00:00,12.09.2022 22:40:00
529,19277,717221,11000,ZSK 70/5,12.09.2022 07:20:00,12.09.2022 22:40:00
530,19278,717221,11000,ZSK 70/4,12.09.2022 22:40:00,13.09.2022 13:50:00
531,19278,717221,11000,ZSK 70/5,12.09.2022 22:40:00,13.09.2022 13:50:00
532,19279,717221,11000,ZSK 70/4,13.09.2022 13:50:00,14.09.2022 04:30:00
533,19279,717221,11000,ZSK 70/5,13.09.2022 13:50:00,14.09.2022 04:30:00
534,19280,717221,11000,ZSK 70/4,14.09.2022 04:30:00,14.09.2022 14:30:00
535,19280,717221,11000,ZSK 70/5,14.09.2022 04:30:00,14.09.2022 14:30:00
536,19281,717221,11000,ZSK 70/4,14.09.2022 20:00:00,15.09.2022 10:55:00
537,19281,717221,11000,ZSK 70/5,14.09.2022 00:00:00,15.09.2022 10:55:00
538,19282,717221,11000,ZSK 70/4,15.09.2022 10:55:00,16.09.2022 02:15:00
539,19282,717221,11000,ZSK 70/5,15.09.2022 10:55:00,16.09.2022 02:15:00
540,19283,717221,11000,ZSK 70/4,16.09.2022 02:15:00,16.09.2022 17:30:00
541,19283,717221,11000,ZSK 70/5,16.09.2022 02:15:00,16.09.2022 17:30:00
542,19284,717221,11000,ZSK 70/4,19.09.2022 09:00:00,20.09.2022 01:00:00
543,19284,717221,11000,ZSK 70/5,19.09.2022 09:00:00,20.09.2022 01:00:00
544,19285,717221,11000,ZSK 70/4,20.09.2022 01:00:00,20.09.2022 16:10:00
545,19285,717221,11000,ZSK 70/5,20.09.2022 01:00:00,20.09.2022 16:10:00
546,19374,717221,11000,ZSK 70/4,20.09.2022 16:10:00,21.09.2022 06:45:00
547,19374,717221,11000,ZSK 70/5,20.09.2022 16:10:00,21.09.2022 06:45:00
548,19375,717221,19000,ZSK 70/4,21.09.2022 06:45:00,22.09.2022 07:00:00
549,19375,717221,3000,ZSK 70/5,21.09.2022 06:45:00,22.09.2022 11:45:00
550,19376,717221,18000,ZSK 70/4,22.09.2022 08:30:00,23.09.2022 06:05:00
551,19376,717221,4000,ZSK 70/5,22.09.2022 22:15:00,23.09.2022 06:05:00
552,19377,717221,12000,ZSK 70/4,23.09.2022 06:05:00,23.09.2022 21:45:00
553,19377,717221,10000,ZSK 70/5,23.09.2022 06:05:00,23.09.2022 21:45:00
554,19458,717231,26400,ZSK 70/8,04.10.2022 10:30:00,05.10.2022 12:15:00
555,19459,717231,26400,ZSK 70/8,05.10.2022 12:15:00,06.10.2022 13:40:00
556,19460,717231,26400,ZSK 70/8,06.10.2022 13:40:00,07.10.2022 15:45:00
557,19461,717231,26400,ZSK 70/8,10.10.2022 08:15:00,11.10.2022 10:30:00
558,19462,717231,26400,ZSK 70/8,11.10.2022 10:30:00,12.10.2022 10:45:00
559,19463,717231,25559,ZSK 70/8,12.10.2022 10:45:00,13.10.2022 00:00:00
560,19464,717231,26400,ZSK 70/8,25.10.2022 07:15:00,26.10.2022 07:45:00
561,19465,717221,26400,ZSK 70/8,26.10.2022 07:45:00,27.10.2022 11:50:00
562,19466,717221,26400,ZSK 70/8,27.10.2022 11:50:00,28.10.2022 12:00:00
563,19467,717221,13200,ZSK 70/8,02.11.2022 00:01:00,02.11.2022 22:40:00
564,19467,717221,13200,ZSK 70/8,02.11.2022 00:01:00,02.11.2022 22:40:00
565,19467,717221,13200,ZSK 70/8,02.11.2022 00:01:00,02.11.2022 22:40:00
566,19467,717221,13200,ZSK 70/8,28.10.2022 12:00:00,29.10.2022 04:00:00
567,19468,717221,26400,ZSK 70/8,02.11.2022 22:40:00,04.11.2022 00:01:00
568,19468,717221,26400,ZSK 70/8,02.11.2022 22:40:00,04.11.2022 00:01:00
569,19468,717221,26400,ZSK 70/8,02.11.2022 22:40:00,04.11.2022 01:00:00
570,19469,717221,26400,ZSK 70/8,04.11.2022 00:01:00,05.11.2022 02:20:00
571,19469,717221,26400,ZSK 70/8,04.11.2022 00:01:00,05.11.2022 02:20:00
572,19469,717221,26400,ZSK 70/8,04.11.2022 00:01:00,05.11.2022 02:20:00
573,19470,717221,26400,ZSK 70/8,05.11.2022 02:20:00,08.11.2022 08:10:00
574,19470,717221,26400,ZSK 70/8,05.11.2022 02:20:00,08.11.2022 08:10:00
575,19470,717221,26400,ZSK 70/8,05.11.2022 02:20:00,08.11.2022 08:10:00
576,19471,717231,26400,ZSK 70/8,08.11.2022 08:10:00,09.11.2022 09:50:00
577,19471,717231,26400,ZSK 70/8,08.11.2022 08:10:00,09.11.2022 09:50:00
578,19471,717231,26400,ZSK 70/8,08.11.2022 08:10:00,09.11.2022 09:50:00
579,19472,717231,26400,ZSK 70/8,09.11.2022 09:50:00,10.11.2022 11:50:00
580,19472,717231,26400,ZSK 70/8,09.11.2022 09:50:00,10.11.2022 11:50:00
581,19515,717231,26400,ZSK 70/9,10.10.2022 09:00:00,12.10.2022 04:25:00
582,19516,717231,13200,ZSK 70/9,12.10.2022 04:25:00,13.10.2022 01:40:00
583,19516,717231,13200,ZSK 70/4,12.10.2022 07:00:00,13.10.2022 01:40:00
584,19517,717231,13200,ZSK 70/4,13.10.2022 01:40:00,13.10.2022 20:50:00
585,19517,717231,13200,ZSK 70/9,13.10.2022 01:40:00,13.10.2022 20:50:00
586,19518,717231,13200,ZSK 70/9,13.10.2022 20:50:00,14.10.2022 15:25:00
587,19518,717231,13200,ZSK 70/4,13.10.2022 20:50:00,14.10.2022 15:25:00
588,19548,717231,9600,ZSK 70/4,14.10.2022 15:25:00,15.10.2022 04:00:00
589,19548,717231,9156,ZSK 70/9,14.10.2022 15:25:00,15.10.2022 04:00:00
590,19588,717231,26400,ZSK 70/8,11.11.2022 18:20:00,15.11.2022 03:40:00
591,19589,717231,33600,ZSK 70/8,10.11.2022 11:45:00,11.11.2022 18:20:00
592,19590,717231,26400,ZSK 70/8,15.11.2022 03:40:00,16.11.2022 04:20:00
593,19594,717231,26400,ZSK 70/8,16.11.2022 12:15:00,17.11.2022 12:20:00
594,19595,717231,26400,ZSK 70/8,17.11.2022 12:20:00,18.11.2022 13:30:00
595,19596,717231,26400,ZSK 70/8,18.11.2022 13:30:00,21.11.2022 20:10:00
596,19597,717231,26400,ZSK 70/8,21.11.2022 20:10:00,23.11.2022 00:45:00
597,19598,717231,26400,ZSK 70/8,23.11.2022 00:45:00,24.11.2022 07:40:00
598,19599,717231,26400,ZSK 70/8,24.11.2022 07:40:00,25.11.2022 10:00:00
599,19600,717231,26400,ZSK 70/8,25.11.2022 10:00:00,28.11.2022 19:35:00
600,19603,717231,26400,ZSK 70/8,28.11.2022 19:35:00,29.11.2022 19:10:00
601,19604,717231,26400,ZSK 70/8,29.11.2022 19:10:00,30.11.2022 18:20:00
602,19666,717221,7000,ZSK 70/9,21.11.2022 09:00:00,21.11.2022 20:15:00
603,19666,717221,7500,ZSK 70/4,21.11.2022 09:00:00,21.11.2022 20:15:00
604,19666,717221,7500,ZSK 70/5,21.11.2022 09:00:00,21.11.2022 20:15:00
605,19667,717221,7000,ZSK 70/9,21.11.2022 20:10:00,22.11.2022 07:00:00
606,19667,717221,7500,ZSK 70/4,21.11.2022 20:10:00,22.11.2022 07:00:00
607,19667,717221,7500,ZSK 70/5,21.11.2022 20:10:00,22.11.2022 07:00:00
608,19672,717221,7500,ZSK 70/9,24.11.2022 03:00:00,24.11.2022 14:00:00
609,19672,717221,7500,ZSK 70/4,24.11.2022 03:00:00,24.11.2022 14:00:00
610,19672,717221,7000,ZSK 70/5,24.11.2022 03:00:00,24.11.2022 14:00:00
611,19673,717221,7500,ZSK 70/9,24.11.2022 14:00:00,24.11.2022 22:45:00
612,19673,717221,7500,ZSK 70/4,24.11.2022 14:00:00,24.11.2022 22:45:00
613,19673,717221,7000,ZSK 70/5,24.11.2022 14:00:00,24.11.2022 22:45:00
614,19674,717221,8000,ZSK 70/9,24.11.2022 22:45:00,25.11.2022 10:00:00
615,19674,717221,7000,ZSK 70/4,24.11.2022 22:45:00,25.11.2022 10:00:00
616,19674,717221,7000,ZSK 70/5,24.11.2022 22:45:00,25.11.2022 10:00:00
617,19675,717221,13000,ZSK 70/9,25.11.2022 10:00:00,26.11.2022 03:00:00
618,19675,717221,13000,ZSK 70/4,25.11.2022 10:00:00,26.11.2022 03:00:00
619,19675,717221,13788,ZSK 70/5,25.11.2022 10:00:00,26.11.2022 03:00:00
620,19820,717231,6000,ZSK 70/8,30.11.2022 19:00:00,30.11.2022 23:59:00
621,19820,717231,20400,ZSK 70/8,01.12.2022 00:01:00,01.12.2022 18:45:00
622,19821,717231,26400,ZSK 70/8,01.12.2022 18:45:00,02.12.2022 01:00:00
623,19822,717231,26400,ZSK 70/8,02.12.2022 22:00:00,06.12.2022 08:00:00
624,19823,717231,26400,ZSK 70/8,06.12.2022 08:00:00,07.12.2022 09:40:00
625,19824,717231,26400,ZSK 70/8,07.12.2022 09:40:00,08.12.2022 12:25:00
626,19825,717231,26400,ZSK 70/8,08.12.2022 12:25:00,09.12.2022 14:30:00
627,19826,717231,26400,ZSK 70/8,09.12.2022 14:30:00,13.12.2022 03:35:00
628,19827,717231,31200,ZSK 70/8,13.12.2022 03:35:00,15.12.2022 05:40:00
629,19828,717231,19200,ZSK 70/8,15.12.2022 05:40:00,16.12.2022 01:30:00
630,19856,717221,6000,ZSK 70/9,12.12.2022 12:00:00,12.12.2022 20:45:00
631,19856,717221,8000,ZSK 70/4,12.12.2022 12:00:00,12.12.2022 20:45:00
632,19856,717221,8000,ZSK 70/5,12.12.2022 08:30:00,12.12.2022 20:45:00
633,19857,717221,7500,ZSK 70/9,12.12.2022 20:45:00,13.12.2022 06:30:00
634,19857,717221,7500,ZSK 70/4,12.12.2022 20:45:00,13.12.2022 06:30:00
635,19858,717221,6000,ZSK 70/9,13.12.2022 06:30:00,13.12.2022 17:30:00
636,19858,717221,8000,ZSK 70/4,13.12.2022 06:30:00,13.12.2022 17:30:00
637,19858,717221,8000,ZSK 70/5,13.12.2022 06:30:00,13.12.2022 17:30:00
638,19859,717221,7000,ZSK 70/9,13.12.2022 17:30:00,14.12.2022 05:40:00
639,19859,717221,9000,ZSK 70/4,13.12.2022 17:30:00,14.12.2022 05:40:00
640,19859,717221,9000,ZSK 70/5,13.12.2022 17:30:00,14.12.2022 05:40:00
641,19860,717221,9000,ZSK 70/4,14.12.2022 05:40:00,14.12.2022 16:30:00
642,19860,717221,9000,ZSK 70/5,14.12.2022 05:40:00,14.12.2022 16:30:00
643,19860,717221,4000,ZSK 70/9,14.12.2022 05:40:00,14.12.2022 16:30:00
644,19861,717221,7000,ZSK 70/9,14.12.2022 16:30:00,15.12.2022 02:55:00
645,19861,717221,7500,ZSK 70/4,14.12.2022 16:30:00,15.12.2022 02:55:00
646,19861,717221,7500,ZSK 70/5,14.12.2022 16:30:00,15.12.2022 02:55:00
647,19862,717221,7500,ZSK 70/9,15.12.2022 06:00:00,15.12.2022 16:00:00
648,19862,717221,7500,ZSK 70/4,15.12.2022 06:00:00,15.12.2022 16:00:00
649,19862,717221,7000,ZSK 70/5,15.12.2022 06:00:00,15.12.2022 16:00:00
650,19863,717221,9217,ZSK 70/9,15.12.2022 16:00:00,16.12.2022 00:45:00
651,19863,717221,9000,ZSK 70/4,15.12.2022 16:00:00,16.12.2022 00:45:00
652,19863,717221,9000,ZSK 70/5,15.12.2022 16:00:00,16.12.2022 00:15:00
653,19944,717231,26400,ZSK 70/8,03.01.2023 16:25:00,04.01.2023 20:15:00
654,19945,717231,26400,ZSK 70/8,04.01.2023 20:15:00,05.01.2023 22:35:00
655,19946,717231,26400,ZSK 70/8,05.01.2023 22:35:00,06.01.2023 23:20:00
656,19947,717231,30200,ZSK 70/8,06.01.2023 23:20:00,10.01.2023 21:40:00
657,19948,717231,31200,ZSK 70/8,10.01.2023 21:40:00,12.01.2023 09:00:00
658,19951,717221,7000,ZSK 70/9,02.01.2023 10:00:00,02.01.2023 23:10:00
659,19951,717221,7500,ZSK 70/4,02.01.2023 09:30:00,02.01.2023 23:10:00
660,19951,717221,7500,ZSK 70/5,02.01.2023 09:30:00,02.01.2023 23:10:00
661,19952,717221,7500,ZSK 70/9,02.01.2023 23:10:00,03.01.2023 06:00:00
662,19952,717221,7500,ZSK 70/4,02.01.2023 23:10:00,03.01.2023 06:00:00
663,19952,717221,7000,ZSK 70/5,02.01.2023 23:10:00,03.01.2023 06:00:00
664,19953,717221,7500,ZSK 70/9,03.01.2023 06:00:00,03.01.2023 16:00:00
665,19953,717221,7500,ZSK 70/4,03.01.2023 06:00:00,03.01.2023 16:00:00
666,19953,717221,7000,ZSK 70/5,03.01.2023 06:00:00,03.01.2023 16:00:00
667,19954,717221,7000,ZSK 70/9,03.01.2023 16:00:00,04.01.2023 02:10:00
668,19954,717221,7500,ZSK 70/4,03.01.2023 16:00:00,04.01.2023 02:10:00
669,19954,717221,7500,ZSK 70/5,03.01.2023 16:00:00,04.01.2023 02:10:00
670,19955,717221,8000,ZSK 70/9,04.01.2023 02:10:00,04.01.2023 13:15:00
671,19955,717221,8000,ZSK 70/4,04.01.2023 02:10:00,04.01.2023 13:15:00
672,19955,717221,6000,ZSK 70/5,04.01.2023 02:10:00,04.01.2023 13:15:00
673,19956,717221,8000,ZSK 70/9,04.01.2023 13:15:00,05.01.2023 00:10:00
674,19956,717221,8000,ZSK 70/4,04.01.2023 13:15:00,05.01.2023 00:10:00
675,19956,717221,6000,ZSK 70/5,04.01.2023 13:15:00,05.01.2023 00:10:00
676,19957,717221,7500,ZSK 70/9,05.01.2023 00:10:00,05.01.2023 10:00:00
677,19957,717221,7500,ZSK 70/4,05.01.2023 00:00:00,05.01.2023 00:00:00
678,19957,717221,7000,ZSK 70/5,05.01.2023 00:10:00,05.01.2023 10:00:00
679,19958,717221,7000,ZSK 70/9,05.01.2023 10:00:00,05.01.2023 20:35:00
680,19958,717221,7500,ZSK 70/4,05.01.2023 10:00:00,05.01.2023 20:35:00
681,19958,717221,7500,ZSK 70/5,05.01.2023 10:00:00,05.01.2023 20:35:00
682,19959,717221,7500,ZSK 70/9,05.01.2023 20:35:00,06.01.2023 06:30:00
683,19959,717221,7500,ZSK 70/4,05.01.2023 20:35:00,06.01.2023 06:30:00
684,19959,717221,7000,ZSK 70/5,05.01.2023 20:35:00,06.01.2023 06:30:00
685,19960,717221,7500,ZSK 70/9,06.01.2023 06:30:00,06.01.2023 16:30:00
686,19960,717221,7500,ZSK 70/4,06.01.2023 06:30:00,06.01.2023 16:30:00
687,19960,717221,7000,ZSK 70/5,06.01.2023 06:30:00,06.01.2023 16:30:00
688,19961,717221,7500,ZSK 70/9,06.01.2023 16:30:00,07.01.2023 02:30:00
689,19961,717221,7500,ZSK 70/4,06.01.2023 16:30:00,06.01.2023 02:30:00
690,19961,717221,7702,ZSK 70/5,06.01.2023 16:30:00,07.01.2023 02:30:00
691,19974,717231,26400,ZSK 70/8,12.01.2023 09:00:00,13.01.2023 14:25:00
692,19975,717231,26400,ZSK 70/8,13.01.2023 14:25:00,16.01.2023 19:45:00
693,19976,717231,26400,ZSK 70/8,16.01.2023 19:45:00,17.01.2023 21:30:00
694,19977,717231,26400,ZSK 70/8,17.01.2023 21:30:00,18.01.2023 23:00:00
695,20012,717231,26400,ZSK 70/8,18.01.2023 23:00:00,20.01.2023 01:30:00
696,20013,717231,26400,ZSK 70/8,20.01.2023 01:30:00,21.01.2023 02:30:00
697,20014,717231,26400,ZSK 70/8,21.01.2023 02:30:00,24.01.2023 07:00:00
698,20015,717231,26400,ZSK 70/8,24.01.2023 07:00:00,25.01.2023 10:45:00
699,20016,717231,26400,ZSK 70/8,25.01.2023 10:45:00,26.01.2023 15:45:00
700,20023,717221,7500,ZSK 70/9,23.01.2023 08:00:00,23.01.2023 18:30:00
701,20023,717221,7000,ZSK 70/4,23.01.2023 08:00:00,23.01.2023 18:30:00
702,20023,717221,7500,ZSK 70/5,23.01.2023 09:00:00,23.01.2023 18:30:00
703,20024,717221,7000,ZSK 70/9,23.01.2023 18:30:00,24.01.2023 04:35:00
704,20024,717221,7500,ZSK 70/5,23.01.2023 18:30:00,24.01.2023 04:35:00
705,20025,717221,7000,ZSK 70/9,24.01.2023 04:35:00,24.01.2023 14:35:00
706,20025,717221,7500,ZSK 70/5,24.01.2023 04:35:00,24.01.2023 14:35:00
707,20025,717221,7500,ZSK 70/4,24.01.2023 04:35:00,24.01.2023 14:35:00
708,20026,717221,7500,ZSK 70/9,24.01.2023 14:35:00,25.01.2023 00:30:00
709,20026,717221,7000,ZSK 70/5,24.01.2023 14:35:00,25.01.2023 00:30:00
710,20026,717221,7500,ZSK 70/4,24.01.2023 14:35:00,25.01.2023 00:30:00
711,20054,717231,26400,ZSK 70/8,26.01.2023 15:45:00,27.01.2023 20:30:00
712,20055,717231,25400,ZSK 70/8,27.01.2023 20:30:00,28.01.2023 04:00:00
713,20056,717231,19200,ZSK 70/8,31.01.2023 06:20:00,31.01.2023 23:59:00
714,20058,717231,26400,ZSK 70/8,01.02.2023 08:30:00,02.02.2023 09:30:00
715,20059,717231,26400,ZSK 70/8,02.02.2023 08:30:00,03.02.2023 10:15:00
716,20128,717231,26400,ZSK 70/8,03.02.2023 10:15:00,04.02.2023 04:00:00
717,20129,717231,26400,ZSK 70/8,06.02.2023 21:40:00,07.02.2023 22:45:00
718,20130,717231,26400,ZSK 70/8,07.02.2023 22:45:00,08.02.2023 23:30:00
719,20131,717231,26400,ZSK 70/8,08.02.2023 23:30:00,10.02.2023 03:00:00
720,20132,717231,25200,ZSK 70/8,10.02.2023 03:00:00,11.02.2023 03:00:00
721,20133,717231,26400,ZSK 70/8,13.02.2023 12:30:00,14.02.2023 15:15:00
722,20134,717231,26400,ZSK 70/8,14.02.2023 15:15:00,15.02.2023 18:30:00
723,20135,717231,26400,ZSK 70/8,15.02.2023 18:30:00,16.02.2023 22:20:00
724,20136,717231,26400,ZSK 70/8,16.02.2023 22:20:00,18.02.2023 03:10:00
725,20137,717231,26400,ZSK 70/8,20.02.2023 09:00:00,21.02.2023 12:30:00
726,20138,717231,26400,ZSK 70/8,21.02.2023 12:30:00,22.02.2023 15:55:00
727,20139,717231,26400,ZSK 70/8,22.02.2023 15:55:00,23.02.2023 17:55:00
728,20140,717231,26400,ZSK 70/8,23.02.2023 17:55:00,24.02.2023 20:40:00
729,20141,717231,4800,ZSK 70/8,24.02.2023 20:40:00,25.02.2023 02:30:00
730,20142,717231,12000,ZSK 70/5,27.02.2023 09:45:00,27.02.2023 22:15:00
731,20142,717231,14400,ZSK 70/8,27.02.2023 07:45:00,27.02.2023 22:15:00
732,20143,717231,13200,ZSK 70/5,27.02.2023 22:15:00,28.02.2023 14:45:00
733,20143,717231,13200,ZSK 70/8,01.03.2023 00:00:00,01.03.2023 00:00:00
734,20143,717231,13200,ZSK 70/8,27.02.2023 22:15:00,28.02.2023 14:45:00
735,20143,717231,13200,ZSK 70/5,27.02.2023 22:15:00,28.02.2023 14:45:00
736,20144,717231,9000,ZSK 70/5,28.02.2023 14:45:00,28.02.2023 23:59:00
737,20144,717231,9000,ZSK 70/8,28.02.2023 14:45:00,28.02.2023 23:59:00
738,20145,717231,16000,ZSK 70/5,01.03.2023 00:01:00,01.03.2023 23:15:00
739,20145,717231,10400,ZSK 70/8,01.03.2023 05:15:00,01.03.2023 22:30:00
740,20145,717231,16000,ZSK 70/5,01.03.2023 00:01:00,01.03.2023 23:15:00
741,20145,717231,10400,ZSK 70/8,01.03.2023 05:15:00,01.03.2023 22:30:00
742,20322,717231,18000,ZSK 70/5,01.03.2023 23:15:00,02.03.2023 19:30:00
743,20322,717231,8400,ZSK 70/8,02.03.2023 10:15:00,02.03.2023 19:30:00
744,20322,717231,18000,ZSK 70/5,01.03.2023 23:15:00,02.03.2023 19:30:00
745,20322,717231,8400,ZSK 70/8,02.03.2023 10:15:00,02.03.2023 19:30:00
746,20323,717231,12000,ZSK 70/5,02.03.2023 15:30:00,03.03.2023 09:05:00
747,20323,717231,14400,ZSK 70/8,02.03.2023 19:30:00,03.03.2023 09:05:00
748,20324,717231,12000,ZSK 70/5,03.03.2023 09:05:00,04.03.2023 23:45:00
749,20324,717231,14400,ZSK 70/8,03.03.2023 09:05:00,03.03.2023 23:45:00
750,20325,717231,12000,ZSK 70/5,06.03.2023 08:00:00,06.03.2023 18:45:00
751,20325,717231,14400,ZSK 70/8,06.03.2023 08:00:00,06.03.2023 18:45:00
752,20326,717231,12000,ZSK 70/5,06.03.2023 18:45:00,07.03.2023 09:40:00
753,20326,717231,14400,ZSK 70/8,06.03.2023 18:45:00,07.03.2023 09:40:00
754,20327,717231,12000,ZSK 70/5,07.03.2023 09:40:00,07.03.2023 22:45:00
755,20327,717231,14400,ZSK 70/8,07.03.2023 09:40:00,07.03.2023 22:45:00
756,20327,717231,12000,ZSK 70/5,07.03.2023 09:40:00,07.03.2023 22:45:00
757,20327,717231,14400,ZSK 70/8,07.03.2023 09:40:00,07.03.2023 22:45:00
758,20328,717231,12000,ZSK 70/5,07.03.2023 22:45:00,08.03.2023 14:00:00
759,20328,717231,14400,ZSK 70/8,07.03.2023 22:45:00,08.03.2023 14:00:00
760,20329,717231,12000,ZSK 70/5,08.03.2023 14:00:00,09.03.2023 03:55:00
761,20329,717231,14400,ZSK 70/8,08.03.2023 14:00:00,09.03.2023 03:55:00
762,20329,717231,12000,ZSK 70/5,08.03.2023 14:00:00,09.03.2023 03:55:00
763,20329,717231,14400,ZSK 70/8,08.03.2023 14:00:00,09.03.2023 03:55:00
764,20330,717231,16800,ZSK 70/5,09.03.2023 03:55:00,10.03.2023 01:00:00
765,20330,717231,9600,ZSK 70/8,09.03.2023 03:55:00,10.03.2023 01:00:00
766,20331,717231,12000,ZSK 70/5,10.03.2023 01:00:00,10.03.2023 21:00:00
767,20331,717231,14400,ZSK 70/8,10.03.2023 01:00:00,10.03.2023 21:00:00
768,20331,717231,12000,ZSK 70/5,10.03.2023 01:00:00,10.03.2023 21:00:00
769,20331,717231,14400,ZSK 70/8,10.03.2023 01:00:00,10.03.2023 21:00:00
770,20332,717231,6000,ZSK 70/5,10.03.2023 21:00:00,11.03.2023 04:00:00
771,20332,717231,6000,ZSK 70/8,10.03.2023 21:00:00,11.03.2023 04:00:00
772,20332,717231,6000,ZSK 70/5,10.03.2023 21:00:00,11.03.2023 04:00:00
773,20332,717231,6000,ZSK 70/8,10.03.2023 21:00:00,11.03.2023 04:00:00
774,20333,717231,13200,ZSK 70/8,13.03.2023 08:00:00,13.03.2023 23:15:00
775,20333,717231,13200,ZSK 70/9,13.03.2023 10:30:00,13.03.2023 23:15:00
776,20333,717231,13200,ZSK 70/8,13.03.2023 08:00:00,13.03.2023 23:15:00
777,20333,717231,13200,ZSK 70/9,13.03.2023 10:30:00,13.03.2023 23:15:00
778,20335,717231,15600,ZSK 70/8,13.03.2023 23:15:00,14.03.2023 13:15:00
779,20335,717231,10800,ZSK 70/9,13.03.2023 23:15:00,14.03.2023 13:15:00
780,20335,717231,15600,ZSK 70/8,13.03.2023 23:15:00,14.03.2023 13:15:00
781,20335,717231,10800,ZSK 70/9,13.03.2023 23:15:00,14.03.2023 13:15:00
782,20336,717231,15600,ZSK 70/8,14.03.2023 13:15:00,15.03.2023 03:10:00
783,20336,717231,10800,ZSK 70/9,14.03.2023 13:15:00,15.03.2023 03:10:00
784,20336,717231,15600,ZSK 70/8,14.03.2023 13:15:00,15.03.2023 03:10:00
785,20336,717231,10800,ZSK 70/9,14.03.2023 13:15:00,15.03.2023 03:10:00
786,20337,717221,12000,ZSK 70/8,15.03.2023 03:10:00,15.03.2023 15:45:00
787,20337,717221,10000,ZSK 70/9,15.03.2023 03:10:00,15.03.2023 15:45:00
788,20338,717221,12000,ZSK 70/8,15.03.2023 15:45:00,16.03.2023 05:15:00
789,20338,717221,10000,ZSK 70/9,15.03.2023 15:45:00,16.03.2023 05:15:00
790,20339,717221,12000,ZSK 70/8,16.03.2023 05:15:00,16.03.2023 16:40:00
791,20339,717221,10000,ZSK 70/9,16.03.2023 05:15:00,16.03.2023 00:00:00
792,20340,717221,12000,ZSK 70/8,16.03.2023 16:40:00,17.03.2023 03:45:00
793,20340,717221,10000,ZSK 70/9,16.03.2023 16:40:00,17.03.2023 03:45:00
