,Produktname,Line,Charge,Uhrzeit,L,a,b,YI,Beginn,Ende,current_time,Stamp,Temperatures_Reg02_Sps_Istwert,Temperatures_Reg03_Sps_Istwert,Temperatures_Reg04_Sps_Istwert,Temperatures_Reg05_Sps_Istwert,Temperatures_Reg06_Sps_Istwert,Temperatures_Reg07_Sps_Istwert,Temperatures_Reg08_Sps_Istwert,Temperatures_Reg09_Sps_Istwert,Temperatures_Reg10_Sps_Istwert,Temperatures_Reg11_Sps_Istwert,Temperatures_Reg12_Sps_Istwert,Temperatures_Reg02_Pc_Sollwert,Temperatures_Reg03_Pc_Sollwert,Temperatures_Reg04_Pc_Sollwert,Temperatures_Reg05_Pc_Sollwert,Temperatures_Reg06_Pc_Sollwert,Temperatures_Reg07_Pc_Sollwert,Temperatures_Reg08_Pc_Sollwert,Temperatures_Reg09_Pc_Sollwert,Temperatures_Reg10_Pc_Sollwert,Temperatures_Reg11_Pc_Sollwert,Temperatures_Reg12_Pc_Sollwert,Feeder_DosSum_Sps_Durchsatz_Istwert,Feeder_DosSum_Pc_Durchsatz_Sollwert,Feeder_Dos01_Sps_Durchsatz_Istwert,Feeder_Dos02_Sps_Durchsatz_Istwert,Feeder_Dos03_Sps_Durchsatz_Istwert,Feeder_Dos04_Sps_Durchsatz_Istwert,Feeder_Dos05_Sps_Durchsatz_Istwert,Feeder_Dos06_Sps_Durchsatz_Istwert,Feeder_Dos07_Sps_Durchsatz_Istwert,Feeder_Dos08_Sps_Durchsatz_Istwert,Feeder_Dos01_Pc_Durchsatz_Sollwert,Feeder_Dos02_Pc_Durchsatz_Sollwert,Feeder_Dos03_Pc_Durchsatz_Sollwert,Feeder_Dos04_Pc_Durchsatz_Sollwert,Feeder_Dos05_Pc_Durchsatz_Sollwert,Feeder_Dos06_Pc_Durchsatz_Sollwert,Feeder_Dos07_Pc_Durchsatz_Sollwert,Feeder_Dos08_Pc_Durchsatz_Sollwert,Misc_Hat_Sps_Drehzahl_Istwert,Misc_Hat_Pc_Drehzahl_Sollwert,Misc_Hat_Sps_Drehmoment_Istwert,Temperatures_AE_Materialtemperatur01,Temperatures_AE_Materialtemperatur02,Misc_Mtd01_Sps_Istwert,Feeder_Dos01_Sps_MotorStellwert,Feeder_Dos02_Sps_MotorStellwert,Feeder_Dos03_Sps_MotorStellwert,Feeder_Dos04_Sps_MotorStellwert,Feeder_Dos05_Sps_MotorStellwert,Feeder_Dos06_Sps_MotorStellwert,Feeder_Dos07_Sps_MotorStellwert,Feeder_Dos08_Sps_MotorStellwert,Feeder_Dos01_Sps_Dosierfaktor,Feeder_Dos02_Sps_Dosierfaktor,Feeder_Dos03_Sps_Dosierfaktor,Feeder_Dos04_Sps_Dosierfaktor,Feeder_Dos05_Sps_Dosierfaktor,Feeder_Dos06_Sps_Dosierfaktor,Feeder_Dos07_Sps_Dosierfaktor,Feeder_Dos08_Sps_Dosierfaktor,Feeder_Dos01_Sps_MotorDrehzahl,Feeder_Dos02_Sps_MotorDrehzahl,Feeder_Dos03_Sps_MotorDrehzahl,Feeder_Dos04_Sps_MotorDrehzahl,Feeder_Dos05_Sps_MotorDrehzahl,Feeder_Dos06_Sps_MotorDrehzahl,Feeder_Dos07_Sps_MotorDrehzahl,Feeder_Dos08_Sps_MotorDrehzahl,Feeder_Dos01_Sps_Nettogewicht,Feeder_Dos02_Sps_Nettogewicht,Feeder_Dos03_Sps_Nettogewicht,Feeder_Dos04_Sps_Nettogewicht,Feeder_Dos05_Sps_Nettogewicht,Feeder_Dos06_Sps_Nettogewicht,Feeder_Dos07_Sps_Nettogewicht,Feeder_Dos08_Sps_Nettogewicht
0,BP 110/02 (717221),ZSK 70.4,22010661,8:30,72.93,5.15,24.9,55.91,05.09.2022 08:00:00,06.09.2022 01:45:00,2022-09-05 08:30:00,2022-09-05 08:30:48,187.5,184.7,169.3,145.0,145.5,145.4,164.8,155.2,100.1,164.7,148.1,185.0,185.0,170.0,145.0,145.0,145.0,165.0,155.0,100.0,150.0,140.0,701.503112792969,700.000061035156,422.488952636719,0.0,270.600524902344,5.5953426361084,0.0,2.81829357147217,0.0,0.0,420.699981689453,0.0,270.900024414063,5.60000038146973,0.0,2.80000019073486,0.0,0.0,340.0,340.0,66.6,29.4,211.8,5.2,55.7599945068359,0.0,43.0599975585938,6.01999950408936,0.0,22.7000007629395,0.0,0.0,761.252807617188,586.84375,634.663940429688,92.4093627929688,34.3746032714844,12.5659255981445,250.0,96.193359375,1684.0,0.0,1292.0,180.0,0.0,684.0,0.0,0.0,48.0272445678711,47.8141860961914,50.1173095703125,18.5968246459961,16.6752433776855,8.42888641357422,0.0,0.0
1,BP 110/02 (717221),ZSK 70.5,22010661,12:30,70.86,5.79,24.99,57.85,05.09.2022 11:45:00,06.09.2022 01:45:00,2022-09-05 12:30:00,2022-09-05 12:30:53,185.6,184.5,170.2,144.6,144.8,145.2,187.6,166.2,100.0,175.0,160.5,185.0,185.0,170.0,145.0,145.0,145.0,165.0,157.0,100.0,150.0,160.0,699.980346679688,700.000061035156,420.582397460938,0.0,270.899963378906,5.60000038146973,0.0,2.77734565734863,0.0,0.0,420.700012207031,0.0,270.899993896484,5.60000038146973,0.0,2.80000019073486,0.0,0.0,337.4,340.0,69.1,200.3,175.5,3.8,57.4799957275391,0.0,48.6399993896484,7.55999946594238,0.0,10.439998626709,0.0,0.0,732.378051757813,430.10205078125,566.560668945313,74.4444580078125,28.028263092041,27.2560653686523,94.3487854003906,65.5418090820313,1722.0,0.0,1457.0,465.0,0.0,311.0,0.0,0.0,45.1051254272461,1.60665130615234,57.1001892089844,15.6931610107422,43.8439483642578,6.85650062561035,0.0,0.0
2,BP 110/02 (717221),ZSK 70.4,22010661,18:00,75.1,4.66,22.53,50.29,05.09.2022 08:00:00,06.09.2022 01:45:00,2022-09-05 18:00:00,2022-09-05 18:00:49,184.9,184.2,170.3,144.9,145.9,145.1,165.1,156.2,100.0,169.5,153.8,185.0,185.0,170.0,145.0,145.0,145.0,165.0,155.0,100.0,150.0,140.0,800.256225585938,800.000061035156,480.820251464844,0.0,309.814697265625,6.39908313751221,0.0,3.22216415405273,0.0,0.0,480.799987792969,0.0,309.600006103516,6.40000057220459,0.0,3.20000028610229,0.0,0.0,358.2,360.0,79.0,40.8,217.3,5.0,66.3799896240234,0.0,50.4599990844727,6.67999935150147,0.0,26.6599998474121,0.0,0.0,713.040771484375,586.84375,610.492553710938,93.7866058349609,34.3746032714844,11.9324722290039,250.0,96.193359375,1994.0,0.0,1510.0,200.0,0.0,795.0,0.0,0.0,52.8237533569336,47.7651901245117,45.8520355224609,21.6562194824219,16.7878875732422,9.22792625427246,0.0,0.0
3,BP 110/02 (717221),ZSK 70.5,22010661,18:00,72.84,5.53,24.64,55.9,05.09.2022 11:45:00,06.09.2022 01:45:00,2022-09-05 18:00:00,2022-09-05 18:00:54,185.2,185.6,169.8,145.4,144.9,145.0,189.3,163.7,100.1,177.0,160.0,185.0,185.0,170.0,145.0,145.0,145.0,165.0,157.0,100.0,150.0,160.0,799.338256835938,800.000061035156,480.860229492188,0.0,308.866821289062,6.4083194732666,0.0,3.20289611816406,0.0,0.0,480.799987792969,0.0,309.600006103516,6.40000009536743,0.0,3.20000004768372,0.0,0.0,358.6,360.0,76.1,201.3,176.9,3.9,66.3999938964844,0.0,55.7399978637695,8.39999961853027,0.0,12.1599998474121,0.0,0.0,724.627685546875,430.10205078125,556.876831054688,75.7051696777344,28.028263092041,26.5875701904297,94.3487854003906,65.5418090820313,1992.0,0.0,1670.0,520.0,0.0,365.0,0.0,0.0,47.2299118041992,2.06760025024414,45.4994506835938,22.1847534179687,43.8598556518555,8.97105216979981,0.0,0.0
4,BP 110/02 (717221),ZSK 70.4,22010662,6:00,72.73,5.42,25.52,57.34,06.09.2022 01:45:00,06.09.2022 16:35:00,2022-09-06 06:00:00,2022-09-06 06:00:50,184.4,184.8,170.1,145.0,145.0,145.3,165.0,154.8,100.0,166.7,150.6,185.0,185.0,170.0,145.0,145.0,145.0,165.0,155.0,100.0,150.0,140.0,799.95166015625,800.000061035156,480.742431640625,0.0,309.599975585937,6.40940666198731,0.0,3.19982290267944,0.0,0.0,480.799987792969,0.0,309.600006103516,6.40000057220459,0.0,3.20000028610229,0.0,0.0,359.5,360.0,70.8,32.0,215.2,5.2,66.3999938964844,0.0,51.4199981689453,6.81999969482422,0.0,26.7399978637695,0.0,0.0,723.511108398438,586.84375,601.740844726563,93.8147888183594,34.3746032714844,11.5816097259521,250.0,96.193359375,1990.0,0.0,1542.0,203.0,0.0,802.0,0.0,0.0,48.7977447509766,47.8448486328125,52.7084350585938,20.9206314086914,16.3391265869141,9.20535850524902,0.0,0.0
5,BP 110/02 (717221),ZSK 70.5,22010662,6:00,73.88,4.73,24.06,53.59,06.09.2022 01:45:00,06.09.2022 16:35:00,2022-09-06 06:00:00,2022-09-06 06:00:55,184.9,185.0,169.3,144.2,145.0,145.4,189.1,162.6,100.1,176.2,160.1,185.0,185.0,170.0,145.0,145.0,145.0,165.0,157.0,100.0,150.0,160.0,800.147705078125,800.000061035156,480.799987792969,0.0,309.749084472656,6.39636039733887,0.0,3.20225858688354,0.0,0.0,480.799987792969,0.0,309.600006103516,6.40000009536743,0.0,3.20000004768372,0.0,0.0,358.1,360.0,74.7,201.1,176.3,3.6,65.5199890136719,0.0,54.0400009155273,8.45999908447266,0.0,11.4599990844727,0.0,0.0,733.41064453125,430.10205078125,571.09619140625,75.2340393066406,28.028263092041,27.2001190185547,94.3487854003906,65.5418090820313,1964.0,0.0,1621.0,516.0,0.0,343.0,0.0,0.0,51.7639999389649,1.57049942016602,44.8329162597656,19.529296875,43.5906448364258,8.89312553405762,0.0,0.0
6,BP 110/02 (717221),ZSK 70.4,22010663,6:00,76.01,3.68,23.11,49.92,06.09.2022 16:35:00,07.09.2022 07:15:00,2022-09-07 06:00:00,2022-09-07 06:00:56,185.5,184.2,169.9,144.9,144.9,144.7,164.6,155.0,100.0,165.2,149.3,185.0,185.0,170.0,145.0,145.0,145.0,165.0,155.0,100.0,150.0,142.0,800.793884277344,800.000061035156,481.346313476563,0.0,309.861206054688,6.40078353881836,0.0,3.19252252578735,0.0,0.0,480.799987792969,0.0,309.600006103516,6.40000057220459,0.0,3.20000028610229,0.0,0.0,359.3,360.0,72.3,33.9,213.4,5.2,65.5599975585938,0.0,54.3399963378906,6.89999961853027,0.0,31.0,0.0,0.0,702.523681640625,586.84375,567.579711914063,93.2962951660156,34.3746032714844,10.4406852722168,250.0,96.193359375,1967.0,0.0,1630.0,207.0,0.0,926.0,0.0,0.0,41.7421112060547,47.8670959472656,49.9616546630859,19.9287719726562,15.8513565063477,8.87873268127441,0.0,0.0
7,BP 110/02 (717221),ZSK 70.5,22010663,6:00,75.11,4.27,23.03,50.77,06.09.2022 16:35:00,07.09.2022 07:15:00,2022-09-07 06:00:00,2022-09-07 06:00:55,184.5,183.4,169.5,144.9,144.9,145.4,188.7,162.8,100.1,175.7,160.0,185.0,185.0,170.0,145.0,145.0,145.0,165.0,157.0,100.0,150.0,160.0,800.266479492188,800.000061035156,480.784545898438,0.0,309.872314453125,6.40264511108398,0.0,3.20666170120239,0.0,0.0,480.799987792969,0.0,309.600006103516,6.40000009536743,0.0,3.20000004768372,0.0,0.0,358.8,360.0,76.0,199.5,175.8,3.6,64.8999938964844,0.0,58.1199951171875,8.34000015258789,0.0,12.3400001525879,0.0,0.0,739.946533203125,430.10205078125,532.062377929688,75.7532043457031,28.028263092041,26.3132972717285,94.3487854003906,65.5418090820313,1946.0,0.0,1753.0,517.0,0.0,370.0,0.0,0.0,39.8697357177734,1.56629943847656,55.6399383544922,18.9703903198242,43.2138595581055,8.48797607421875,0.0,0.0
8,BP 110/02 (717221),ZSK 70.4,22010665,6:00,75.7,3.81,23.27,50.46,07.09.2022 22:45:00,08.09.2022 13:25:00,2022-09-08 06:00:00,2022-09-08 06:00:46,185.8,185.5,169.4,145.1,145.1,145.5,165.1,154.3,99.9,166.2,150.1,185.0,185.0,170.0,145.0,145.0,145.0,165.0,155.0,100.0,150.0,145.0,799.843017578125,800.000061035156,480.320678710938,0.0,309.916015625,6.39477348327637,0.0,3.21155214309692,0.0,0.0,480.799987792969,0.0,309.600006103516,6.40000057220459,0.0,3.20000028610229,0.0,0.0,359.7,360.0,71.6,31.0,213.6,5.1,71.7799987792969,0.0,54.2799987792969,6.63999938964844,0.0,31.5999984741211,0.0,0.0,671.17236328125,586.84375,571.37353515625,93.900390625,34.3746032714844,10.0665645599365,250.0,96.193359375,2143.0,0.0,1637.0,200.0,0.0,949.0,0.0,0.0,42.0496444702148,47.8582305908203,56.2761840820312,19.8130722045898,15.4234619140625,9.55838966369629,0.0,0.0
9,BP 110/02 (717221),ZSK 70.5,22010665,6:00,74.76,4.42,23.23,51.43,07.09.2022 22:45:00,08.09.2022 13:25:00,2022-09-08 06:00:00,2022-09-08 06:00:51,185.3,184.9,169.5,144.5,145.1,144.6,189.2,162.4,99.9,175.4,160.0,185.0,185.0,170.0,145.0,145.0,145.0,165.0,157.0,100.0,150.0,140.0,800.336486816406,800.000061035156,480.799987792969,0.0,309.94287109375,6.39742946624756,0.0,3.19738626480103,0.0,0.0,480.799987792969,0.0,309.600006103516,6.40000009536743,0.0,3.20000004768372,0.0,0.0,358.6,360.0,71.5,199.8,175.5,3.8,66.1999969482422,0.0,57.379997253418,8.42000007629395,0.0,12.2799987792969,0.0,0.0,731.276000976563,430.10205078125,537.666015625,75.3174896240234,28.028263092041,26.1419067382812,94.3487854003906,65.5418090820313,1985.0,0.0,1720.0,517.0,0.0,368.0,0.0,0.0,52.9660034179688,1.42259979248047,46.7101287841797,20.9640121459961,42.882682800293,9.46012687683106,0.0,0.0
10,BP 110/02 (717221),ZSK 70.4,22010664,18:00,75.3,4.09,22.29,49.23,07.09.2022 07:15:00,07.09.2022 22:45:00,2022-09-07 18:00:00,2022-09-07 18:00:51,185.0,184.5,169.9,145.0,145.1,145.2,165.2,154.8,99.9,168.2,152.0,185.0,185.0,170.0,145.0,145.0,145.0,165.0,155.0,100.0,150.0,145.0,800.400817871094,800.000061035156,480.977722167969,0.0,309.73583984375,6.38972187042236,0.0,3.19599485397339,0.0,0.0,480.799987792969,0.0,309.600006103516,6.40000057220459,0.0,3.20000028610229,0.0,0.0,358.4,360.0,76.7,37.1,214.9,5.0,75.3000030517578,0.0,54.4399948120117,6.61999988555908,0.0,31.1399993896484,0.0,0.0,633.113037109375,586.84375,566.370849609375,94.9852752685547,34.3746032714844,10.2898902893066,250.0,96.193359375,2259.0,0.0,1643.0,199.0,0.0,932.0,0.0,0.0,40.3627319335938,47.8391418457031,57.8362274169922,18.9872665405273,15.7629051208496,8.57504844665527,0.0,0.0
11,BP 110/02 (717221),ZSK 70.5,22010664,18:00,75.41,4.11,22.89,50.23,07.09.2022 07:15:00,07.09.2022 22:45:00,2022-09-07 18:00:00,2022-09-07 18:00:52,185.0,184.4,169.3,145.2,145.0,145.5,189.7,162.3,99.9,176.0,160.0,185.0,185.0,170.0,145.0,145.0,145.0,165.0,157.0,100.0,150.0,160.0,800.213012695312,800.000061035156,480.798522949219,0.0,309.795532226562,6.40358257293701,0.0,3.21542167663574,0.0,0.0,480.799987792969,0.0,309.600006103516,6.40000009536743,0.0,3.20000004768372,0.0,0.0,358.5,360.0,74.4,199.8,176.1,3.7,65.3999938964844,0.0,58.1599960327148,8.53999900817871,0.0,12.1999988555908,0.0,0.0,733.63427734375,430.10205078125,531.928344726563,75.1671600341797,28.028263092041,26.1392707824707,94.3487854003906,65.5418090820313,1961.0,0.0,1744.0,531.0,0.0,367.0,0.0,0.0,39.2002563476562,1.90439987182617,44.2245788574219,19.6017837524414,43.1570510864258,8.23567581176758,0.0,0.0
12,BP 110/02 (717221),ZSK 70.4,22010667,6:00,76.05,3.78,22.63,49.16,09.09.2022 04:15:00,09.09.2022 19:10:00,2022-09-09 06:00:00,2022-09-09 06:00:50,184.8,185.6,169.7,145.0,144.9,145.3,164.9,155.5,100.0,166.0,149.5,185.0,185.0,170.0,145.0,145.0,145.0,165.0,155.0,100.0,150.0,145.0,800.2998046875,800.000061035156,480.799987792969,0.0,309.776123046875,6.40000057220459,0.0,3.1950855255127,0.0,0.0,480.799987792969,0.0,309.600006103516,6.40000057220459,0.0,3.20000028610229,0.0,0.0,360.1,360.0,72.6,28.6,214.7,5.3,71.9199981689453,0.0,48.6999969482422,6.57999992370606,0.0,31.4799995422363,0.0,0.0,677.661987304688,586.84375,631.468017578125,93.8986511230469,34.3746032714844,10.0500774383545,250.0,96.193359375,2157.0,0.0,1461.0,200.0,0.0,932.0,0.0,0.0,53.6180953979492,47.9532165527344,55.2255249023438,19.2089385986328,14.9084739685059,9.48151016235352,0.0,0.0
13,BP 110/02 (717221),ZSK 70.5,22010667,6:00,75.67,4.02,22.76,49.8,09.09.2022 04:15:00,09.09.2022 19:10:00,2022-09-09 06:00:00,2022-09-09 06:00:50,185.1,184.5,169.5,144.2,144.9,145.7,189.5,161.4,100.0,173.5,155.4,185.0,185.0,170.0,145.0,145.0,145.0,165.0,157.0,100.0,150.0,140.0,799.345947265625,800.000061035156,480.720275878906,0.0,309.475280761719,6.40026760101318,0.0,3.17382097244263,0.0,0.0,480.799987792969,0.0,309.600006103516,6.40000009536743,0.0,3.20000004768372,0.0,0.0,358.5,360.0,75.4,201.9,173.2,3.7,65.5,0.0,53.5599975585938,8.42000007629395,0.0,12.9799995422363,0.0,0.0,734.207763671875,430.10205078125,579.460815429688,75.3415222167969,28.028263092041,25.4143295288086,94.3487854003906,65.5418090820313,1963.0,0.0,1610.0,522.0,0.0,384.0,0.0,0.0,45.6820373535156,1.24380111694336,48.4727478027344,20.9291687011719,42.4734802246094,9.1608772277832,0.0,0.0
14,BP 110/02 (717221),ZSK 70.4,22010666,18:00,75.29,4.28,24.17,52.63,08.09.2022 13:25:00,09.09.2022 04:15:00,2022-09-08 18:00:00,2022-09-08 18:00:47,185.0,184.7,170.2,144.7,145.0,145.2,165.3,155.0,99.9,168.9,151.9,185.0,185.0,170.0,145.0,145.0,145.0,165.0,155.0,100.0,150.0,145.0,799.635009765625,800.000061035156,480.63232421875,0.0,309.322204589844,6.39013576507568,0.0,3.20283794403076,0.0,0.0,480.799987792969,0.0,309.600006103516,6.40000057220459,0.0,3.20000028610229,0.0,0.0,359.3,360.0,72.8,32.9,215.2,5.0,72.3199920654297,0.0,49.7200012207031,6.76000022888184,0.0,32.5,0.0,0.0,669.348266601563,586.84375,616.464599609375,93.8209686279297,34.3746032714844,9.7818546295166,250.0,96.193359375,2169.0,0.0,1488.0,202.0,0.0,969.0,0.0,0.0,42.4528503417969,47.867546081543,49.8198699951172,12.0817070007324,15.2820892333984,5.98994255065918,0.0,0.0
15,BP 110/02 (717221),ZSK 70.5,22010666,18:00,74.7,4.56,23.44,51.94,08.09.2022 13:25:00,09.09.2022 04:15:00,2022-09-08 18:00:00,2022-09-08 18:00:54,185.3,184.6,170.5,145.2,144.9,144.7,190.7,162.2,99.9,174.5,156.5,185.0,185.0,170.0,145.0,145.0,145.0,165.0,157.0,100.0,150.0,140.0,799.891540527344,800.000061035156,480.679504394531,0.0,309.599975585937,6.40709209442139,0.0,3.20496034622192,0.0,0.0,480.799987792969,0.0,309.600006103516,6.40000009536743,0.0,3.20000004768372,0.0,0.0,358.1,360.0,76.3,201.1,174.1,4.0,65.5199890136719,0.0,54.3399963378906,8.5,0.0,12.5,0.0,0.0,733.576293945313,430.10205078125,567.776245117188,75.5118255615234,28.028263092041,25.5285491943359,94.3487854003906,65.5418090820313,1964.0,0.0,1629.0,527.0,0.0,378.0,0.0,0.0,42.8064117431641,1.7281494140625,61.6210327148437,14.8064498901367,42.7801208496094,5.83170127868652,0.0,0.0
16,BP 110/02 (717221),ZSK 70.5,22010667,18:00,75.17,4.21,22.39,49.57,09.09.2022 04:15:00,09.09.2022 19:10:00,2022-09-09 18:00:00,2022-09-09 18:01:00,185.1,184.6,170.2,145.7,145.0,145.6,193.1,163.9,99.9,174.5,157.0,185.0,185.0,170.0,145.0,145.0,145.0,165.0,157.0,100.0,150.0,140.0,799.570129394531,800.000061035156,480.902221679688,0.0,309.07470703125,6.3989782333374,0.0,3.19424295425415,0.0,0.0,480.799987792969,0.0,309.600006103516,6.40000009536743,0.0,3.20000004768372,0.0,0.0,357.9,360.0,75.5,201.7,173.8,3.6,65.4799957275391,0.0,53.4399948120117,8.53999900817871,0.0,12.4599990844727,0.0,0.0,733.798583984375,430.10205078125,585.609741210938,75.0542755126953,28.028263092041,25.73486328125,94.3487854003906,65.5418090820313,1964.0,0.0,1596.0,532.0,0.0,374.0,0.0,0.0,44.9677124023438,1.39245223999023,48.2042846679687,20.9462127685547,42.3327407836914,9.84142684936523,0.0,0.0
17,BP 110/02 (717221),ZSK 70.4,22010667,18:00,76.63,3.43,21.09,45.92,09.09.2022 04:15:00,09.09.2022 19:10:00,2022-09-09 18:00:00,2022-09-09 18:00:50,184.0,184.6,170.5,144.9,144.9,145.5,165.4,155.7,100.1,168.6,151.9,185.0,185.0,170.0,145.0,145.0,145.0,165.0,155.0,100.0,150.0,145.0,800.013977050781,800.000061035156,480.162536621094,0.0,309.761901855469,6.39760684967041,0.0,3.22017049789429,0.0,0.0,480.799987792969,0.0,309.600006103516,6.40000057220459,0.0,3.20000028610229,0.0,0.0,359.7,360.0,72.3,32.4,216.4,5.1,68.3799896240234,0.0,48.5199966430664,6.80000019073486,0.0,31.7399978637695,0.0,0.0,695.09716796875,586.84375,639.456420898437,93.5821838378906,34.3746032714844,9.98552322387695,250.0,96.193359375,2042.0,0.0,1453.0,204.0,0.0,942.0,0.0,0.0,49.9281387329101,47.8870849609375,48.5867614746094,18.5363693237305,14.8393745422363,9.74983787536621,0.0,0.0
18,BP 110/02 (717221),ZSK 70.4,22010668,9:15,76.28,3.45,22.19,48.0,12.09.2022 07:00:00,12.09.2022 22:40:00,2022-09-12 09:15:00,2022-09-12 09:15:54,184.7,186.0,170.3,145.0,145.3,144.8,165.1,154.8,100.0,169.0,151.8,185.0,185.0,170.0,145.0,145.0,145.0,165.0,155.0,100.0,150.0,145.0,799.984680175781,800.000061035156,480.67333984375,0.0,309.725952148437,6.39778995513916,0.0,3.20084381103516,0.0,0.0,480.799987792969,0.0,309.600006103516,6.40000057220459,0.0,3.20000028610229,0.0,0.0,360.1,360.0,70.4,30.6,215.0,5.2,69.1600036621094,0.0,48.3199996948242,6.53999996185303,0.0,20.7399978637695,0.0,0.0,686.327758789063,586.84375,646.689331054688,97.8577270507812,34.3746032714844,15.5649185180664,250.0,96.193359375,2071.0,0.0,1448.0,195.0,0.0,620.0,0.0,0.0,52.3327255249024,47.8819732666016,44.9148559570313,14.6598358154297,14.4981155395508,7.94962692260742,0.0,0.0
19,BP 110/02 (717221),ZSK 70.4,22010669,6:00,75.45,3.99,22.96,50.22,12.09.2022 22:40:00,13.09.2022 13:50:00,2022-09-13 06:00:00,2022-09-13 06:00:56,184.3,185.9,170.9,145.0,145.0,144.3,164.9,154.2,100.0,170.0,153.0,185.0,185.0,170.0,145.0,145.0,145.0,165.0,155.0,100.0,150.0,145.0,799.038879394531,800.000061035156,479.855529785156,0.0,309.599975585937,6.38179683685303,0.0,3.20159721374512,0.0,0.0,480.799987792969,0.0,309.600006103516,6.40000057220459,0.0,3.20000028610229,0.0,0.0,358.8,360.0,74.8,31.4,215.7,5.1,70.2599945068359,0.0,53.2999954223633,6.55999946594238,0.0,26.1599998474121,0.0,0.0,687.083374023438,586.84375,584.3828125,97.8526916503906,34.3746032714844,12.3813343048096,250.0,96.193359375,2109.0,0.0,1598.0,195.0,0.0,787.0,0.0,0.0,49.3876113891602,47.871452331543,60.2548675537109,18.6667709350586,14.2923316955566,8.62040901184082,0.0,0.0
20,BP 110/02 (717221),ZSK 70.5,22010669,6:00,74.19,4.64,22.79,51.16,12.09.2022 22:40:00,13.09.2022 13:50:00,2022-09-13 06:00:00,2022-09-13 06:00:58,184.7,184.8,170.8,145.0,145.0,145.9,187.9,159.9,100.0,173.4,155.5,185.0,185.0,170.0,145.0,145.0,145.0,165.0,157.0,100.0,150.0,140.0,800.704040527344,800.000061035156,480.845031738281,0.0,310.271789550781,6.39246559143066,0.0,3.19478416442871,0.0,0.0,480.799987792969,0.0,309.600006103516,6.40000009536743,0.0,3.20000004768372,0.0,0.0,359.0,360.0,75.7,200.8,173.2,3.9,65.2599945068359,0.0,57.0999984741211,8.55999946594238,0.0,12.4599990844727,0.0,0.0,737.5341796875,430.10205078125,544.342651367188,75.2128143310547,28.028263092041,25.545337677002,94.3487854003906,65.5418090820313,1958.0,0.0,1715.0,525.0,0.0,373.0,0.0,0.0,44.2399063110352,1.47375106811523,56.2770690917969,20.4621429443359,41.7788543701172,9.31920051574707,0.0,0.0
21,BP 110/02 (717221),ZSK 70.4,22010668,18:00,74.96,3.87,21.66,48.08,12.09.2022 07:00:00,12.09.2022 22:40:00,2022-09-12 18:00:00,2022-09-12 18:00:48,184.8,185.4,169.6,145.0,145.0,145.3,164.9,154.4,100.0,169.7,153.3,185.0,185.0,170.0,145.0,145.0,145.0,165.0,155.0,100.0,150.0,145.0,800.723571777344,800.000061035156,481.498352050781,0.0,309.599975585937,6.40322971343994,0.0,3.20201253890991,0.0,0.0,480.799987792969,0.0,309.600006103516,6.40000057220459,0.0,3.20000028610229,0.0,0.0,358.8,360.0,74.4,37.1,213.9,5.0,67.8000030517578,0.0,54.1599960327148,6.69999980926514,0.0,25.0599975585938,0.0,0.0,696.189697265625,586.84375,579.27685546875,96.7944793701172,34.3746032714844,12.873067855835,250.0,96.193359375,2033.0,0.0,1623.0,201.0,0.0,751.0,0.0,0.0,42.7060623168945,47.8230590820313,61.4861602783203,18.7135009765625,14.578857421875,9.55417633056641,0.0,0.0
22,BP 110/02 (717221),ZSK 70.5,22010668,18:00,74.89,4.44,23.64,52.09,12.09.2022 07:20:00,12.09.2022 22:40:00,2022-09-12 18:00:00,2022-09-12 18:01:00,184.9,184.4,169.2,145.2,145.0,144.6,187.2,161.9,100.0,174.2,156.4,185.0,185.0,170.0,145.0,145.0,145.0,165.0,157.0,100.0,150.0,140.0,800.112121582031,800.000061035156,480.903930664063,0.0,309.599975585937,6.40044975280762,0.0,3.20919179916382,0.0,0.0,480.799987792969,0.0,309.600006103516,6.40000009536743,0.0,3.20000004768372,0.0,0.0,358.5,360.0,76.9,199.2,173.9,4.0,65.6999969482422,0.0,57.6999969482422,8.53999900817871,0.0,13.0200004577637,0.0,0.0,731.767700195313,430.10205078125,541.029907226563,75.1709594726563,28.028263092041,24.9914588928223,94.3487854003906,65.5418090820313,1970.0,0.0,1730.0,528.0,0.0,390.0,0.0,0.0,48.128303527832,1.7327995300293,57.1256866455078,21.7225723266602,41.9795913696289,10.0082263946533,0.0,0.0
23,BP 110/02 (717221),ZSK 70.4,22010671,6:00,75.7,4.11,23.09,50.43,14.09.2022 04:30:00,14.09.2022 14:30:00,2022-09-14 06:00:00,2022-09-14 06:00:57,185.3,184.9,170.5,145.1,145.1,144.6,165.7,154.8,100.1,168.3,151.5,185.0,185.0,170.0,145.0,145.0,145.0,165.0,155.0,100.0,150.0,140.0,799.229125976563,800.000061035156,480.545349121094,0.0,309.086853027344,6.40108203887939,0.0,3.19587898254395,0.0,0.0,480.799987792969,0.0,309.600006103516,6.40000057220459,0.0,3.20000028610229,0.0,0.0,359.1,360.0,70.3,31.4,213.0,5.2,68.3999938964844,0.0,53.8199996948242,6.47999954223633,0.0,28.7999992370605,0.0,0.0,698.54150390625,586.84375,577.3525390625,98.826416015625,34.3746032714844,11.2041778564453,250.0,96.193359375,2043.0,0.0,1617.0,195.0,0.0,864.0,0.0,0.0,44.24267578125,47.9051208496094,52.8574676513672,17.9732437133789,13.8438720703125,9.36912345886231,0.0,0.0
24,BP 110/02 (717221),ZSK 70.5,22010671,6:00,74.94,4.23,23.1,50.92,14.09.2022 04:30:00,14.09.2022 14:30:00,2022-09-14 06:00:00,2022-09-14 06:00:51,184.3,185.7,170.8,144.2,145.0,144.9,186.2,157.1,100.2,172.4,154.8,185.0,185.0,170.0,145.0,145.0,145.0,165.0,157.0,100.0,150.0,140.0,800.655822753906,800.000061035156,480.799987792969,0.0,310.260192871094,6.4029712677002,0.0,3.19267225265503,0.0,0.0,480.799987792969,0.0,309.600006103516,6.40000009536743,0.0,3.20000004768372,0.0,0.0,358.5,360.0,74.9,199.9,171.8,3.9,65.4799957275391,0.0,58.0,8.47999954223633,0.0,12.5399990081787,0.0,0.0,733.81494140625,430.10205078125,534.850952148438,75.3720855712891,28.028263092041,25.5236511230469,94.3487854003906,65.5418090820313,1963.0,0.0,1741.0,527.0,0.0,377.0,0.0,0.0,48.5056915283203,1.30800247192383,61.3639678955078,19.8480911254883,41.4287338256836,9.01875114440918,0.0,0.0
25,BP 110/02 (717221),ZSK 70.4,22010670,18:00,76.0,3.74,22.37,48.7,13.09.2022 13:50:00,14.09.2022 04:30:00,2022-09-13 18:00:00,2022-09-13 18:00:49,185.5,185.3,169.9,145.2,145.4,144.8,165.2,155.3,100.1,170.9,153.3,185.0,185.0,170.0,145.0,145.0,145.0,165.0,155.0,100.0,150.0,140.0,800.390869140625,800.000061035156,481.412719726563,0.0,309.366394042969,6.41011619567871,0.0,3.20698642730713,0.0,0.0,480.799987792969,0.0,309.600006103516,6.40000057220459,0.0,3.20000028610229,0.0,0.0,358.4,360.0,72.7,32.4,213.4,4.9,70.6199951171875,0.0,55.4799957275391,6.5,0.0,27.439998626709,0.0,0.0,677.52392578125,586.84375,562.231079101563,98.4369964599609,34.3746032714844,11.6878757476807,250.0,96.193359375,2119.0,0.0,1660.0,195.0,0.0,821.0,0.0,0.0,48.3937835693359,47.8465042114258,49.3580627441406,10.3598442077637,14.1619987487793,5.39859771728516,0.0,0.0
26,BP 110/02 (717221),ZSK 70.5,22010670,18:00,75.4,4.14,22.88,50.25,13.09.2022 13:50:00,14.09.2022 04:30:00,2022-09-13 18:00:00,2022-09-13 18:00:57,184.6,184.5,170.5,145.5,145.0,145.6,186.2,157.6,100.1,171.8,155.2,185.0,185.0,170.0,145.0,145.0,145.0,165.0,157.0,100.0,150.0,140.0,800.112670898437,800.000061035156,480.887268066406,0.0,309.625366210937,6.39999961853027,0.0,3.19999980926514,0.0,0.0,480.799987792969,0.0,309.600006103516,6.40000009536743,0.0,3.20000004768372,0.0,0.0,359.0,360.0,75.1,200.0,171.2,3.6,65.5599975585938,0.0,60.0400009155274,8.53999900817871,0.0,12.9200000762939,0.0,0.0,733.394653320313,430.10205078125,524.160034179688,75.0611572265625,28.028263092041,25.2856101989746,94.3487854003906,65.5418090820313,1968.0,0.0,1807.0,526.0,0.0,386.0,0.0,0.0,45.4147872924805,1.67280197143555,58.8022155761719,13.3621139526367,41.6952285766602,9.66105079650879,0.0,0.0
27,BP 110/02 (717221),ZSK 70.4,22010672,6:00,74.93,4.4,23.43,51.66,14.09.2022 20:00:00,15.09.2022 10:55:00,2022-09-15 06:00:00,2022-09-15 06:00:54,185.4,184.8,170.0,145.1,145.2,144.9,165.2,154.4,100.1,168.7,151.4,185.0,185.0,170.0,145.0,145.0,145.0,165.0,155.0,100.0,150.0,140.0,799.632141113281,800.000061035156,480.208190917969,0.0,309.903259277344,6.39378643035889,0.0,3.20713949203491,0.0,0.0,480.799987792969,0.0,309.600006103516,6.40000057220459,0.0,3.20000028610229,0.0,0.0,359.1,360.0,73.0,24.5,214.2,5.0,71.0199890136719,0.0,52.2799987792969,6.55999946594238,0.0,29.3600006103516,0.0,0.0,678.262451171875,586.84375,584.027465820313,97.9462738037109,34.3746032714844,10.8880710601807,250.0,96.193359375,2133.0,0.0,1567.0,196.0,0.0,882.0,0.0,0.0,46.9724578857422,47.9335250854492,54.2615661621094,17.4994354248047,13.5054893493652,9.64377021789551,0.0,0.0
28,BP 110/02 (717221),ZSK 70.5,22010672,6:00,74.27,4.56,23.49,52.24,14.09.2022 00:00:00,15.09.2022 10:55:00,2022-09-14 06:00:00,2022-09-14 06:00:51,184.3,185.7,170.8,144.2,145.0,144.9,186.2,157.1,100.2,172.4,154.8,185.0,185.0,170.0,145.0,145.0,145.0,165.0,157.0,100.0,150.0,140.0,800.655822753906,800.000061035156,480.799987792969,0.0,310.260192871094,6.4029712677002,0.0,3.19267225265503,0.0,0.0,480.799987792969,0.0,309.600006103516,6.40000009536743,0.0,3.20000004768372,0.0,0.0,358.5,360.0,74.9,199.9,171.8,3.9,65.4799957275391,0.0,58.0,8.47999954223633,0.0,12.5399990081787,0.0,0.0,733.81494140625,430.10205078125,534.850952148438,75.3720855712891,28.028263092041,25.5236511230469,94.3487854003906,65.5418090820313,1963.0,0.0,1741.0,527.0,0.0,377.0,0.0,0.0,48.5056915283203,1.30800247192383,61.3639678955078,19.8480911254883,41.4287338256836,9.01875114440918,0.0,0.0
29,BP 110/02 (717221),ZSK 70.4,22010671,18:00,76.58,3.52,22.2,47.94,14.09.2022 04:30:00,14.09.2022 14:30:00,2022-09-14 18:00:00,2022-09-14 18:00:58,185.4,184.4,170.3,144.9,144.9,144.7,165.4,154.8,100.1,166.7,151.0,185.0,185.0,170.0,145.0,145.0,145.0,165.0,155.0,100.0,150.0,142.0,799.476318359375,800.000061035156,480.289916992188,0.0,309.599975585937,6.38661861419678,0.0,3.19980335235596,0.0,0.0,480.799987792969,0.0,309.600006103516,6.40000057220459,0.0,3.20000028610229,0.0,0.0,359.1,360.0,69.8,31.3,212.6,5.2,70.1399993896484,0.0,54.3600006103516,6.53999996185303,0.0,28.5599975585937,0.0,0.0,684.664916992188,586.84375,574.730712890625,98.6134033203125,34.3746032714844,11.3012828826904,250.0,96.193359375,2096.0,0.0,1625.0,195.0,0.0,857.0,0.0,0.0,46.2427062988281,47.9251098632813,48.1189270019531,18.4802169799805,13.6842079162598,9.31037330627441,0.0,0.0
30,BP 110/02 (717221),ZSK 70.5,22010671,18:00,75.06,4.11,22.97,50.53,14.09.2022 04:30:00,14.09.2022 14:30:00,2022-09-14 18:00:00,2022-09-14 18:00:55,184.8,185.7,171.0,145.4,145.0,145.8,185.3,157.2,100.1,171.8,154.2,185.0,185.0,170.0,145.0,145.0,145.0,165.0,157.0,100.0,150.0,140.0,799.978210449219,800.000061035156,480.789978027344,0.0,309.600036621094,6.39382839202881,0.0,3.19446134567261,0.0,0.0,480.799987792969,0.0,309.600006103516,6.40000009536743,0.0,3.20000004768372,0.0,0.0,358.6,360.0,72.8,201.0,171.5,3.6,65.6199951171875,0.0,57.5599975585938,8.5,0.0,12.1999988555908,0.0,0.0,733.175415039063,430.10205078125,541.127807617188,75.1204833984375,28.028263092041,25.874439239502,94.3487854003906,65.5418090820313,1968.0,0.0,1726.0,532.0,0.0,369.0,0.0,0.0,41.6987991333008,1.33050155639648,62.3229675292969,19.4124984741211,41.2840576171875,8.42572593688965,0.0,0.0
31,BP 110/02 (717221),ZSK 70.4,22010674,6:00,76.45,3.14,21.65,46.7,16.09.2022 02:15:00,16.09.2022 17:30:00,2022-09-16 06:00:00,2022-09-16 06:00:49,184.0,184.8,169.3,145.2,145.2,144.6,165.0,155.5,99.9,170.7,153.1,185.0,185.0,170.0,145.0,145.0,145.0,165.0,155.0,100.0,150.0,140.0,798.99853515625,800.000061035156,479.678527832031,0.0,309.7197265625,6.40429210662842,0.0,3.19596433639526,0.0,0.0,480.799987792969,0.0,309.600006103516,6.40000057220459,0.0,3.20000028610229,0.0,0.0,360.1,360.0,71.5,22.6,216.2,5.1,73.9400024414063,0.0,47.4599990844727,6.73999977111816,0.0,28.5200004577637,0.0,0.0,654.521728515625,586.84375,653.895141601562,96.5003662109375,34.3746032714844,11.1749992370605,250.0,96.193359375,2210.0,0.0,1423.0,202.0,0.0,850.0,0.0,0.0,42.6103897094727,47.9828262329102,57.7723999023438,18.2124862670898,13.0792541503906,9.05212593078613,0.0,0.0
32,BP 110/02 (717221),ZSK 70.5,22010674,6:00,74.75,4.17,23.5,51.65,16.09.2022 02:15:00,16.09.2022 17:30:00,2022-09-16 06:00:00,2022-09-16 06:00:50,185.0,184.9,169.3,144.5,144.9,144.4,189.5,155.3,100.0,174.2,156.1,185.0,185.0,170.0,145.0,145.0,145.0,165.0,155.0,100.0,150.0,140.0,800.621704101562,800.000061035156,480.814147949219,0.0,310.209228515625,6.39891529083252,0.0,3.19941854476929,0.0,0.0,480.799987792969,0.0,309.600006103516,6.40000009536743,0.0,3.20000004768372,0.0,0.0,359.6,360.0,76.3,200.7,173.8,3.7,64.5999908447266,0.0,51.2799987792969,8.47999954223633,0.0,12.4799995422363,0.0,0.0,744.887817382813,430.10205078125,598.246337890625,74.6354064941406,28.028263092041,25.5954170227051,94.3487854003906,65.5418090820313,1939.0,0.0,1551.0,525.0,0.0,371.0,0.0,0.0,49.6172485351562,1.14675140380859,59.0550994873047,20.0631256103516,40.8221282958984,8.91030120849609,0.0,0.0
33,BP 110/02 (717221),ZSK 70.4,22010673,18:00,75.28,4.2,23.26,51.0,15.09.2022 17:00:00,16.09.2022 20:50:00,2022-09-15 18:00:00,2022-09-15 18:00:59,184.7,185.1,169.3,145.0,145.0,144.2,165.0,154.6,100.1,170.0,151.7,185.0,185.0,170.0,145.0,145.0,145.0,165.0,155.0,100.0,150.0,140.0,800.364501953125,800.000061035156,481.510864257813,0.0,309.261413574219,6.40077114105225,0.0,3.19144487380981,0.0,0.0,480.799987792969,0.0,309.600006103516,6.40000057220459,0.0,3.20000028610229,0.0,0.0,359.7,360.0,71.7,26.1,213.2,5.0,67.5199890136719,0.0,51.1199951171875,6.5,0.0,29.5799980163574,0.0,0.0,701.327026367188,586.84375,597.843505859375,98.2348937988281,34.3746032714844,10.8682479858398,250.0,96.193359375,2035.0,0.0,1530.0,196.0,0.0,891.0,0.0,0.0,42.1201171875,47.9333801269531,49.3267517089844,8.05759048461914,13.3523216247559,4.08893013000488,0.0,0.0
34,BP 110/02 (717221),ZSK 70.5,22010673,18:00,73.88,4.66,23.01,51.71,15.09.2022 17:00:00,16.09.2022 20:50:00,2022-09-15 18:00:00,2022-09-15 18:00:56,185.1,184.8,169.9,145.2,145.0,145.1,186.9,157.5,99.9,171.7,154.5,185.0,185.0,170.0,145.0,145.0,145.0,165.0,157.0,100.0,150.0,140.0,800.013854980469,800.000061035156,480.946838378906,0.0,309.46240234375,6.39896678924561,0.0,3.20561647415161,0.0,0.0,480.799987792969,0.0,309.600006103516,6.40000009536743,0.0,3.20000004768372,0.0,0.0,358.1,360.0,74.6,200.5,171.0,3.7,64.4799957275391,0.0,55.3199996948242,8.52000045776367,0.0,13.9799995422363,0.0,0.0,744.640747070313,430.10205078125,553.489135742188,75.1599884033203,28.028263092041,24.0975151062012,94.3487854003906,65.5418090820313,1934.0,0.0,1658.0,524.0,0.0,418.0,0.0,0.0,41.5533599853516,1.28160095214844,51.8420104980469,8.08664703369141,41.0181732177734,3.1707763671875,0.0,0.0
35,BP 110/02 (717221),ZSK 70.4,22010675,9:00,75.17,4.05,23.0,50.48,15.09.2022 10:55:00,16.09.2022 02:15:00,2022-09-16 09:00:00,2022-09-16 09:00:57,184.2,184.3,170.3,145.0,145.0,145.6,165.0,154.6,99.9,167.8,150.7,185.0,185.0,170.0,145.0,145.0,145.0,165.0,155.0,100.0,150.0,140.0,799.473449707031,800.000061035156,480.011901855469,0.0,309.891906738281,6.37526226043701,0.0,3.1943736076355,0.0,0.0,480.799987792969,0.0,309.600006103516,6.40000057220459,0.0,3.20000028610229,0.0,0.0,360.1,360.0,71.8,23.1,214.5,5.2,74.7200012207031,0.0,51.2200012207031,6.73999977111816,0.0,28.7199974060059,0.0,0.0,659.29150390625,586.84375,608.915649414063,95.582275390625,34.3746032714844,11.1175746917725,250.0,96.193359375,2237.0,0.0,1538.0,204.0,0.0,860.0,0.0,0.0,40.1452865600586,47.9880828857422,56.494140625,20.2678909301758,13.0422096252441,10.6410274505615,0.0,0.0
36,BP 110/02 (717221),ZSK 70.5,22010675,9:00,73.31,4.67,22.66,51.4,15.09.2022 17:00:00,16.09.2022 20:50:00,2022-09-16 09:00:00,2022-09-16 09:00:50,184.5,184.5,169.7,145.5,145.0,144.9,185.7,154.9,99.8,173.2,155.8,185.0,185.0,170.0,145.0,145.0,145.0,165.0,155.0,100.0,150.0,140.0,800.682373046875,800.000061035156,480.694763183594,0.0,309.691223144531,6.40109157562256,0.0,3.18798160552979,0.0,0.0,480.799987792969,0.0,309.600006103516,6.40000009536743,0.0,3.20000004768372,0.0,0.0,358.5,360.0,73.5,199.7,172.8,3.7,64.3199920654297,0.0,54.7799987792969,9.13999938964844,0.0,12.5599994659424,0.0,0.0,747.021728515625,430.10205078125,564.391235351563,70.3764343261719,28.028263092041,25.616626739502,94.3487854003906,65.5418090820313,1928.0,0.0,1642.0,564.0,0.0,375.0,0.0,0.0,49.8516159057617,1.09799957275391,51.1076965332031,21.6915130615234,40.7665328979492,10.9349269866943,0.0,0.0
37,BP 110/02 (717221),ZSK 70.5,22010675,9:45,73.81,4.93,23.58,53.0,15.09.2022 17:00:00,16.09.2022 20:50:00,2022-09-16 09:45:00,2022-09-16 09:45:51,184.9,185.8,170.5,145.5,145.0,144.3,184.9,155.3,100.1,172.5,155.3,185.0,185.0,170.0,145.0,145.0,145.0,165.0,155.0,100.0,150.0,140.0,799.867980957031,800.000061035156,480.813842773437,0.0,309.228454589844,6.39756393432617,0.0,3.21633434295654,0.0,0.0,480.799987792969,0.0,309.600006103516,6.40000009536743,0.0,3.20000004768372,0.0,0.0,357.7,360.0,73.4,201.3,172.0,3.7,64.3399963378906,0.0,54.2200012207031,8.85999870300293,0.0,12.439998626709,0.0,0.0,748.491577148438,430.10205078125,565.572143554688,72.4742126464844,28.028263092041,25.6274528503418,94.3487854003906,65.5418090820313,1929.0,0.0,1617.0,549.0,0.0,371.0,0.0,0.0,44.7503128051758,1.09320068359375,50.4225616455078,16.9014053344727,40.7462310791016,8.52975082397461,0.0,0.0
38,BP 110/02 (717221),ZSK 70.5,22010675,10:45,74.18,4.72,23.98,53.28,19.09.2022 09:45:00,20.09.2022 09:45:00,2022-09-19 10:45:00,2022-09-19 10:45:51,184.7,185.1,169.8,144.7,145.1,145.5,187.3,162.0,100.1,173.3,156.1,185.0,185.0,170.0,145.0,145.0,145.0,165.0,155.0,100.0,150.0,140.0,799.899597167969,800.0,480.697998046875,0.0,309.608215332031,6.40865707397461,0.0,3.19403696060181,0.0,0.0,480.799987792969,0.0,309.600006103516,6.40000057220459,0.0,3.19999980926514,0.0,0.0,358.3,360.0,72.8,201.0,172.8,3.6,64.6199951171875,0.0,54.7999954223633,7.35999965667725,0.0,8.85999870300293,0.0,0.0,741.939331054688,430.10205078125,562.790161132812,85.7853546142578,28.028263092041,36.3659286499023,94.3487854003906,65.5418090820313,1937.0,0.0,1644.0,458.0,0.0,267.0,0.0,0.0,49.8884353637695,1.05599975585938,60.310775756836,18.8404922485352,40.4905014038086,8.90182685852051,0.0,0.0
39,BP 110/02 (717221),ZSK 70.4,22010675,18:00,76.5,3.63,22.43,48.48,19.09.2022 09:00:00,20.09.2022 01:00:00,2022-09-19 18:00:00,2022-09-19 18:00:59,184.9,184.5,169.5,145.1,145.0,145.1,165.0,154.8,99.9,166.5,150.4,185.0,185.0,170.0,145.0,145.0,145.0,165.0,155.0,100.0,150.0,141.0,799.801452636719,800.000061035156,480.799560546875,0.0,309.406066894531,6.40241432189942,0.0,3.19344520568848,0.0,0.0,480.799987792969,0.0,309.600006103516,6.40000057220459,0.0,3.20000028610229,0.0,0.0,359.9,360.0,71.2,25.9,212.2,5.1,75.6399993896484,0.0,52.2799987792969,6.65999984741211,0.0,25.4799995422363,0.0,0.0,631.722045898438,586.84375,593.255126953125,97.1211853027344,34.3746032714844,12.8822822570801,250.0,96.193359375,2271.0,0.0,1560.0,200.0,0.0,763.0,0.0,0.0,49.4356002807617,47.8915939331055,49.2578125,13.8050842285156,12.6206665039063,6.09976959228516,0.0,0.0
40,BP 110/02 (717221),ZSK 70.5,22010675,18:00,75.61,4.3,22.31,49.31,19.09.2022 09:00:00,20.09.2022 01:00:00,2022-09-19 18:00:00,2022-09-19 18:00:53,185.5,185.8,169.5,144.4,144.8,145.1,187.0,162.5,99.9,173.0,155.8,185.0,185.0,170.0,145.0,145.0,145.0,165.0,155.0,100.0,150.0,140.0,800.111328125,800.0,480.594299316406,0.0,309.605651855469,6.40109443664551,0.0,3.19495725631714,0.0,0.0,480.799987792969,0.0,309.600006103516,6.40000057220459,0.0,3.19999980926514,0.0,0.0,358.8,360.0,74.1,199.8,172.4,3.9,70.3999938964844,0.0,56.4000015258789,7.4399995803833,0.0,9.61999893188477,0.0,0.0,683.637084960938,430.10205078125,547.483032226563,85.6023406982422,28.028263092041,33.5643768310547,94.3487854003906,65.5418090820313,2112.0,0.0,1689.0,460.0,0.0,288.0,0.0,0.0,47.7784881591797,1.25310134887695,51.0896911621094,15.5235748291016,40.4332275390625,7.00057601928711,0.0,0.0
41,BP 110/02 (717221),ZSK 70.4,22010676,6:00,76.64,3.4,20.64,45.1,19.09.2022 09:45:00,20.09.2022 09:45:00,2022-09-20 06:00:00,2022-09-20 06:00:48,185.2,186.0,169.4,144.9,144.9,145.7,165.5,154.3,100.1,166.4,151.7,185.0,185.0,170.0,145.0,145.0,145.0,165.0,155.0,100.0,150.0,142.0,800.032958984375,800.000061035156,481.448974609375,0.0,309.007446289062,6.38547801971436,0.0,3.20658493041992,0.0,0.0,480.799987792969,0.0,309.600006103516,6.40000057220459,0.0,3.20000028610229,0.0,0.0,359.9,360.0,73.4,27.4,212.4,5.1,75.0399932861328,0.0,51.9799957275391,6.85999965667725,0.0,24.7799987792969,0.0,0.0,635.087646484375,586.84375,601.093139648438,96.3106689453125,34.3746032714844,12.8725032806396,250.0,96.193359375,2262.0,0.0,1558.0,204.0,0.0,743.0,0.0,0.0,49.9411163330078,47.9242095947266,46.3279876708984,20.3216323852539,12.4443664550781,9.00548553466797,0.0,0.0
42,BP 110/02 (717221),ZSK 70.5,22010676,6:00,75.4,4.28,22.8,50.23,19.09.2022 09:45:00,20.09.2022 09:45:00,2022-09-20 06:00:00,2022-09-20 06:00:58,184.8,185.3,170.4,145.6,144.7,145.0,185.9,159.5,100.2,173.2,156.0,185.0,185.0,170.0,145.0,145.0,145.0,165.0,155.0,100.0,150.0,140.0,799.832275390625,800.0,480.796142578125,0.0,309.443603515625,6.40342235565186,0.0,3.18908452987671,0.0,0.0,480.799987792969,0.0,309.600006103516,6.40000057220459,0.0,3.19999980926514,0.0,0.0,358.8,360.0,72.1,200.8,172.9,3.7,70.0999908447266,0.0,55.6199951171875,7.59999942779541,0.0,9.61999893188477,0.0,0.0,684.7412109375,430.10205078125,559.19482421875,84.1138153076172,28.028263092041,33.4642562866211,94.3487854003906,65.5418090820313,2102.0,0.0,1667.0,468.0,0.0,288.0,0.0,0.0,48.6031036376953,1.17000198364258,46.34326171875,19.2802505493164,40.2965774536133,8.94375228881836,0.0,0.0
43,BP 110/02 (717221),ZSK 70.4,22010695,18:00,76.24,3.53,21.61,47.1,19.09.2022 09:00:00,20.09.2022 01:00:00,2022-09-19 18:00:00,2022-09-19 18:00:59,184.9,184.5,169.5,145.1,145.0,145.1,165.0,154.8,99.9,166.5,150.4,185.0,185.0,170.0,145.0,145.0,145.0,165.0,155.0,100.0,150.0,141.0,799.801452636719,800.000061035156,480.799560546875,0.0,309.406066894531,6.40241432189942,0.0,3.19344520568848,0.0,0.0,480.799987792969,0.0,309.600006103516,6.40000057220459,0.0,3.20000028610229,0.0,0.0,359.9,360.0,71.2,25.9,212.2,5.1,75.6399993896484,0.0,52.2799987792969,6.65999984741211,0.0,25.4799995422363,0.0,0.0,631.722045898438,586.84375,593.255126953125,97.1211853027344,34.3746032714844,12.8822822570801,250.0,96.193359375,2271.0,0.0,1560.0,200.0,0.0,763.0,0.0,0.0,49.4356002807617,47.8915939331055,49.2578125,13.8050842285156,12.6206665039063,6.09976959228516,0.0,0.0
44,BP 110/02 (717221),ZSK 70.5,22010695,18:00,76.61,3.48,22.1,47.72,19.09.2022 09:00:00,20.09.2022 01:00:00,2022-09-19 18:00:00,2022-09-19 18:00:53,185.5,185.8,169.5,144.4,144.8,145.1,187.0,162.5,99.9,173.0,155.8,185.0,185.0,170.0,145.0,145.0,145.0,165.0,155.0,100.0,150.0,140.0,800.111328125,800.0,480.594299316406,0.0,309.605651855469,6.40109443664551,0.0,3.19495725631714,0.0,0.0,480.799987792969,0.0,309.600006103516,6.40000057220459,0.0,3.19999980926514,0.0,0.0,358.8,360.0,74.1,199.8,172.4,3.9,70.3999938964844,0.0,56.4000015258789,7.4399995803833,0.0,9.61999893188477,0.0,0.0,683.637084960938,430.10205078125,547.483032226563,85.6023406982422,28.028263092041,33.5643768310547,94.3487854003906,65.5418090820313,2112.0,0.0,1689.0,460.0,0.0,288.0,0.0,0.0,47.7784881591797,1.25310134887695,51.0896911621094,15.5235748291016,40.4332275390625,7.00057601928711,0.0,0.0
45,BP 110/02 (717221),ZSK 70.4,22010695,6:00,77.0,3.01,20.57,44.45,20.09.2022 01:00:00,20.09.2022 16:10:00,2022-09-20 06:00:00,2022-09-20 06:00:48,185.2,186.0,169.4,144.9,144.9,145.7,165.5,154.3,100.1,166.4,151.7,185.0,185.0,170.0,145.0,145.0,145.0,165.0,155.0,100.0,150.0,142.0,800.032958984375,800.000061035156,481.448974609375,0.0,309.007446289062,6.38547801971436,0.0,3.20658493041992,0.0,0.0,480.799987792969,0.0,309.600006103516,6.40000057220459,0.0,3.20000028610229,0.0,0.0,359.9,360.0,73.4,27.4,212.4,5.1,75.0399932861328,0.0,51.9799957275391,6.85999965667725,0.0,24.7799987792969,0.0,0.0,635.087646484375,586.84375,601.093139648438,96.3106689453125,34.3746032714844,12.8725032806396,250.0,96.193359375,2262.0,0.0,1558.0,204.0,0.0,743.0,0.0,0.0,49.9411163330078,47.9242095947266,46.3279876708984,20.3216323852539,12.4443664550781,9.00548553466797,0.0,0.0
46,BP 110/02 (717221),ZSK 70.5,22010695,6:00,75.86,3.89,22.29,48.77,20.09.2022 01:00:00,20.09.2022 16:10:00,2022-09-20 06:00:00,2022-09-20 06:00:58,184.8,185.3,170.4,145.6,144.7,145.0,185.9,159.5,100.2,173.2,156.0,185.0,185.0,170.0,145.0,145.0,145.0,165.0,155.0,100.0,150.0,140.0,799.832275390625,800.0,480.796142578125,0.0,309.443603515625,6.40342235565186,0.0,3.18908452987671,0.0,0.0,480.799987792969,0.0,309.600006103516,6.40000057220459,0.0,3.19999980926514,0.0,0.0,358.8,360.0,72.1,200.8,172.9,3.7,70.0999908447266,0.0,55.6199951171875,7.59999942779541,0.0,9.61999893188477,0.0,0.0,684.7412109375,430.10205078125,559.19482421875,84.1138153076172,28.028263092041,33.4642562866211,94.3487854003906,65.5418090820313,2102.0,0.0,1667.0,468.0,0.0,288.0,0.0,0.0,48.6031036376953,1.17000198364258,46.34326171875,19.2802505493164,40.2965774536133,8.94375228881836,0.0,0.0
47,BP 110/02 (717221),ZSK 70.4,22010696,6:00,77.09,3.25,21.53,46.3,20.09.2022 16:10:00,21.09.2022 06:45:00,2022-09-21 06:00:00,2022-09-21 06:00:49,184.8,184.7,170.4,145.0,145.0,145.0,165.1,155.4,100.1,165.6,150.6,185.0,185.0,170.0,145.0,145.0,145.0,165.0,155.0,100.0,150.0,142.0,800.277404785156,800.000061035156,481.080444335938,0.0,309.599975585937,6.40086174011231,0.0,3.19610071182251,0.0,0.0,480.799987792969,0.0,309.600006103516,6.40000057220459,0.0,3.20000028610229,0.0,0.0,360.8,360.0,71.7,26.5,212.2,5.3,76.5599975585937,0.0,50.5,6.9399995803833,0.0,24.1199989318848,0.0,0.0,627.385009765625,586.84375,615.0576171875,93.1638793945312,34.3746032714844,13.4982376098633,250.0,96.193359375,2301.0,0.0,1515.0,205.0,0.0,724.0,0.0,0.0,43.7024536132813,47.9682464599609,59.6322937011719,17.181510925293,12.1012916564941,7.73192596435547,0.0,0.0
48,BP 110/02 (717221),ZSK 70.4,22010698,6:45,76.85,3.32,21.23,45.96,21.09.2022 06:45:00,22.09.2022 07:00:00,2022-09-21 06:45:00,2022-09-21 06:45:49,184.2,184.4,169.9,144.9,144.8,144.2,164.8,154.5,99.9,165.9,150.5,185.0,185.0,170.0,145.0,145.0,145.0,165.0,155.0,100.0,150.0,142.0,800.500549316406,800.000061035156,480.802185058594,0.0,310.090698242188,6.40385055541992,0.0,3.2038083076477,0.0,0.0,480.799987792969,0.0,309.600006103516,6.40000057220459,0.0,3.20000028610229,0.0,0.0,361.0,360.0,71.5,25.4,212.0,5.2,76.1799926757813,0.0,51.1999969482422,6.73999977111816,0.0,23.2399978637695,0.0,0.0,631.5302734375,586.84375,606.654418945313,95.9122161865234,34.3746032714844,13.6605682373047,250.0,96.193359375,2283.0,0.0,1540.0,202.0,0.0,695.0,0.0,0.0,53.1785202026367,47.958625793457,61.5936279296875,19.3263778686523,12.1031074523926,9.28058433532715,0.0,0.0
49,BP 110/02 (717221),ZSK 70.5,22010698,6:45,75.73,4.21,22.59,49.66,21.09.2022 06:45:00,22.09.2022 11:45:00,2022-09-21 06:45:00,2022-09-21 06:45:57,184.9,185.0,169.5,144.4,145.1,144.9,184.7,155.2,100.3,170.8,153.7,185.0,185.0,170.0,145.0,145.0,145.0,165.0,155.0,100.0,150.0,140.0,800.141479492187,800.0,480.786499023438,0.0,309.749206542969,6.39854907989502,0.0,3.20719051361084,0.0,0.0,480.799987792969,0.0,309.600006103516,6.40000057220459,0.0,3.19999980926514,0.0,0.0,357.7,360.0,74.9,199.7,170.1,3.8,72.3999938964844,0.0,55.379997253418,8.47999954223633,0.0,10.1399993896484,0.0,0.0,664.42626953125,430.10205078125,565.062133789063,75.2929077148437,28.028263092041,30.8603706359863,94.3487854003906,65.5418090820313,2172.0,0.0,1659.0,526.0,0.0,303.0,0.0,0.0,51.5284194946289,0.819000244140625,44.7405242919922,21.5925979614258,40.0594787597656,10.1446514129639,0.0,0.0
50,BP 110/02 (717221),ZSK 70.4,22010697,18:00,76.73,3.35,21.54,46.58,23.09.2022 06:05:00,23.09.2022 21:45:00,2022-09-23 18:00:00,2022-09-23 18:00:56,184.5,183.6,169.3,145.0,145.0,145.0,164.9,155.5,99.9,165.3,149.6,185.0,185.0,170.0,145.0,145.0,145.0,165.0,155.0,100.0,150.0,142.0,800.072570800781,800.000061035156,480.950500488281,0.0,309.530456542969,6.39419651031494,0.0,3.21400547027588,0.0,0.0,480.799987792969,0.0,309.600006103516,6.40000057220459,0.0,3.20000028610229,0.0,0.0,358.4,360.0,74.6,29.0,212.6,5.2,78.4799957275391,0.0,50.8199996948242,7.42000007629395,0.0,25.0599975585938,0.0,0.0,606.458374023438,586.84375,606.930419921875,85.7787322998047,34.3746032714844,12.6577301025391,250.0,96.193359375,2354.0,0.0,1523.0,222.0,0.0,751.0,0.0,0.0,42.9333190917969,0.102802276611328,52.4302673339844,19.2455749511719,11.4977035522461,10.1963729858398,0.0,0.0
51,BP 110/02 (717231),ZSK 70.9,22010748,18:00,73.55,5.09,24.3,54.51,10.10.2022 08:15:00,11.10.2022 10:30:00,2022-10-10 18:00:00,2022-10-10 18:00:54,185.0,184.0,169.300003051758,144.899993896484,144.100006103516,146.0,164.5,158.600006103516,102.599998474121,180.800003051758,170.600006103516,185.0,185.0,170.0,145.0,145.0,145.0,165.0,155.0,100.0,150.0,140.0,808.312255859375,808.000061035156,480.755462646484,0.0,310.033355712891,6.30885601043701,0.0,3.192946434021,0.0,7.99788236618042,480.799987792969,0.0,309.600006103516,6.40000009536743,0.0,3.20000004768372,0.0,7.99999952316284,359.8388671875,360.0,85.0048828125,23.7999992370605,213.600006103516,22.2945594787598,48.3046340942383,0.0,52.4981079101562,3.44906711578369,0.0,9.20608425140381,0.0,22.1504764556885,995.10009765625,406.699981689453,589.135620117188,189.471908569336,47.2274284362793,35.0015182495117,37.6777153015137,36.1682586669922,1449.0,0.0,1574.0,103.0,0.0,276.0,0.0,664.0,55.0990028381348,-0.0550000034272671,52.9820022583008,9.77000045776367,30.5430011749268,6.63200044631958,0.0,36.1630020141602
52,BP 110/02 (717231),ZSK 70.9,22010748,6:15,73.82,5.1,23.73,53.41,10.10.2022 08:15:00,11.10.2022 10:30:00,2022-10-11 06:15:00,2022-10-11 06:15:53,185.199996948242,185.300003051758,169.699996948242,143.699996948242,146.699996948242,145.899993896484,164.100006103516,153.0,101.300003051758,181.0,170.300003051758,185.0,185.0,170.0,145.0,145.0,145.0,165.0,155.0,100.0,150.0,140.0,808.729858398437,808.000061035156,481.111297607422,0.0,310.003082275391,6.41904783248901,0.0,3.19836592674255,0.0,7.99970483779907,480.799987792969,0.0,309.600006103516,6.40000009536743,0.0,3.20000004768372,0.0,7.99999952316284,359.80224609375,360.0,86.50634765625,22.2000007629395,213.300003051758,23.1047458648682,48.129768371582,0.0,52.4113578796387,3.53866004943848,0.0,7.93750858306885,0.0,22.521936416626,998.768920898438,406.699981689453,590.619201660156,180.141204833984,47.2274284362793,40.2740707397461,37.6777153015137,35.5609550476074,1443.0,0.0,1572.0,106.0,0.0,238.0,0.0,675.0,51.7870025634766,-0.0550000034272671,57.9740028381348,18.1909999847412,30.5140018463135,9.01200008392334,0.0,50.2700042724609
53,BP 110/02 (717231),ZSK 70.4,22010750,6:00,76.36,3.64,22.97,49.48,10.10.2022 08:15:00,11.10.2022 10:30:00,2022-10-11 06:00:00,2022-10-11 06:00:57,184.7,185.6,188.3,145.0,145.1,144.4,164.8,153.9,99.9,165.2,150.5,185.0,185.0,170.0,145.0,145.0,145.0,165.0,155.0,100.0,150.0,141.0,805.782165527344,805.0,520.072509765625,0.0,277.486572265625,0.0,4.99665641784668,3.19701337814331,0.0,0.0,520.0,0.0,276.799987792969,0.0,5.0,3.20000004768372,0.0,0.0,360.5,360.0,70.5,15.8,210.0,5.1,53.5800018310547,0.0,45.0999984741211,0.0,14.1000003814697,22.2599983215332,0.0,0.0,970.567993164062,645.090454101563,609.960205078125,87.3882293701172,36.1984710693359,14.6357326507568,250.0,96.193359375,1606.0,0.0,1352.0,0.0,425.0,668.0,0.0,0.0,51.4454345703125,10.8142356872559,56.8533020019531,0.0621833801269531,25.2313499450684,9.7205753326416,0.0,0.0
54,BP 110/02 (7172231),ZSK 70.5,22010750,6:00,74.83,4.64,23.62,52.26,10.10.2022 08:15:00,11.10.2022 10:30:00,2022-10-11 06:00:00,2022-10-11 06:00:51,184.1,184.7,170.3,144.5,145.0,143.2,191.9,161.0,99.9,170.3,152.1,185.0,185.0,170.0,145.0,145.0,145.0,165.0,156.0,100.0,150.0,140.0,805.755920410156,805.003295898437,520.051147460937,0.0,277.555908203125,0.0,5.09314632415772,3.22226667404175,0.0,0.0,520.0,0.0,276.803283691406,0.0,5.0,3.20000004768372,0.0,0.0,357.9,360.0,75.8,197.9,170.0,4.1,67.4400024414063,0.0,48.6999969482422,0.0,20.6800003051758,9.39999961853027,0.0,0.0,770.22021484375,422.029418945313,563.595825195312,73.6753997802734,24.3856925964355,33.8090744018555,94.3487854003906,65.5418090820313,2022.0,0.0,1469.0,0.0,608.0,282.0,0.0,0.0,43.3259048461914,0.62445068359375,55.2046813964844,-0.189281463623047,28.6288070678711,9.28500175476074,0.0,0.0
55,BP 110/02 (717231),ZSK 70.4,22010751,6:00,77.23,3.21,22.13,47.24,12.10.2022 04:25:00,13.10.2022 01:40:00,2022-10-12 06:00:00,2022-10-12 06:01:00,185.7,185.8,189.8,145.0,145.2,143.5,164.7,154.8,100.0,164.7,150.7,185.0,185.0,170.0,145.0,145.0,145.0,165.0,155.0,100.0,150.0,143.0,805.40185546875,805.0,519.998413085937,0.0,277.226989746094,0.0,4.97791481018066,3.19857597351074,0.0,0.0,520.0,0.0,276.799987792969,0.0,5.0,3.20000004768372,0.0,0.0,360.3,360.0,71.2,15.3,210.8,5.2,63.5,0.0,44.7799987792969,0.0,14.0799999237061,21.8600006103516,0.0,0.0,816.149780273438,645.090454101563,613.956420898438,87.3882293701172,36.0007019042969,14.629150390625,250.0,96.193359375,1904.0,0.0,1344.0,0.0,419.0,655.0,0.0,0.0,51.4544906616211,10.885627746582,56.2891235351563,0.0624122619628906,23.3419570922852,10.4920825958252,0.0,0.0
56,BP 110/02 (717231),ZSK 70.9,22010751,6:00,75.88,4.12,22.53,49.39,12.10.2022 10:45:00,13.10.2022 00:00:00,2022-10-13 06:00:00,2022-10-13 06:00:55,180.0,185.5,171.399993896484,147.399993896484,146.800003051758,146.100006103516,165.300003051758,153.800003051758,98.0999984741211,179.699996948242,170.300003051758,185.0,185.0,170.0,145.0,145.0,145.0,165.0,155.0,100.0,150.0,140.0,807.943603515625,807.968383789063,480.912872314453,0.0,309.670074462891,6.37023973464966,0.0,3.17596197128296,0.0,7.99433183670044,480.799957275391,0.0,309.600006103516,6.40000057220459,0.0,3.16831660270691,0.0,8.0,359.8388671875,360.0,84.04541015625,25.2000007629395,213.399993896484,23.3289928436279,46.3426170349121,0.0,52.0847434997559,8.10029602050781,0.0,8.91273498535156,0.0,22.8485317230225,1038.37939453125,406.699981689453,594.805908203125,79.882438659668,47.2274284362793,35.6001243591309,37.6777153015137,35.0825347900391,1390.0,0.0,1562.0,243.0,0.0,267.0,0.0,685.0,54.5110015869141,-0.0550000034272671,45.9700012207031,14.1720008850098,30.2290019989014,8.31800079345703,0.0,30.064001083374
57,BP 110/02 (717231),ZSK 70.4,22010750,18:00,76.74,3.43,21.56,46.69,12.10.2022 10:45:00,13.10.2022 00:00:00,2022-10-12 18:00:00,2022-10-12 18:00:52,185.6,185.3,193.3,145.2,145.1,145.7,165.1,155.5,100.1,169.7,155.2,185.0,185.0,170.0,145.0,145.0,145.0,165.0,155.0,100.0,150.0,140.0,801.014709472656,800.000061035156,480.964477539063,0.0,310.181701660156,6.40446758270264,0.0,3.18931150436401,0.0,0.0,480.799987792969,0.0,309.600006103516,6.40000057220459,0.0,3.20000028610229,0.0,0.0,359.7,360.0,72.2,26.9,215.2,5.0,50.4799957275391,0.0,50.879997253418,8.57999992370606,0.0,22.7799987792969,0.0,0.0,952.003295898438,645.090454101563,602.055053710938,74.5828857421875,36.3119888305664,13.8271541595459,250.0,96.193359375,1514.0,0.0,1526.0,257.0,0.0,680.0,0.0,0.0,44.6944732666016,10.8077735900879,54.7549743652344,14.0618095397949,21.2414855957031,10.4006843566895,0.0,0.0
58,BP 110/02 (717231),ZSK 70.9,22010750,18:00,75.11,4.26,23.0,50.71,12.10.2022 10:45:00,13.10.2022 00:00:00,2022-10-12 18:00:00,2022-10-12 18:00:58,185.0,183.5,168.600006103516,147.5,144.399993896484,145.699996948242,165.100006103516,152.0,100.900001525879,180.0,170.100006103516,185.0,185.0,170.0,145.0,145.0,145.0,165.0,155.0,100.0,150.0,140.0,807.836364746094,808.000061035156,480.799987792969,0.0,309.439544677734,6.39810562133789,0.0,3.19972133636475,0.0,7.99983549118042,480.799987792969,0.0,309.600006103516,6.40000009536743,0.0,3.20000004768372,0.0,7.99999952316284,359.912109375,360.0,83.69384765625,23.3999996185303,211.199996948242,22.9456024169922,51.4698677062988,0.0,52.1642799377441,7.85616779327393,0.0,8.82413196563721,0.0,22.4332580566406,928.153564453125,406.699981689453,593.6357421875,81.1233901977539,47.2274284362793,36.2816047668457,37.6777153015137,35.686824798584,1544.0,0.0,1564.0,235.0,0.0,264.0,0.0,672.0,71.818000793457,-0.0550000034272671,49.7200012207031,11.8770008087158,30.2560005187988,8.62900066375732,0.0,37.742000579834
59,BP 110/02 (717231),ZSK 70.4,22010754,18:00,76.83,3.33,21.19,45.91,13.10.2022 20:50:00,14.10.2022 15:25:00,2022-10-14 18:00:00,2022-10-14 18:00:49,185.3,184.4,192.8,145.2,145.1,145.4,165.3,154.9,99.9,167.0,152.3,185.0,185.0,170.0,145.0,145.0,145.0,165.0,155.0,100.0,150.0,144.0,800.62939453125,800.000061035156,480.799987792969,0.0,310.239440917969,6.39440822601318,0.0,3.20821762084961,0.0,0.0,480.799987792969,0.0,309.600006103516,6.40000057220459,0.0,3.20000028610229,0.0,0.0,359.1,360.0,76.5,26.0,213.4,5.1,51.379997253418,0.0,52.0400009155273,7.5,0.0,26.0,0.0,0.0,935.442260742188,645.090454101563,596.291748046875,83.9551239013672,36.3119888305664,12.1482391357422,250.0,96.193359375,1540.0,0.0,1562.0,224.0,0.0,782.0,0.0,0.0,55.8465881347656,10.8140830993652,57.590576171875,16.7251129150391,20.7875823974609,8.63801193237305,0.0,0.0
60,BP 110/02 (717231),ZSK 70.9,22010754,18:00,75.71,4.0,22.92,50.04,13.10.2022 20:50:00,14.10.2022 15:25:00,2022-10-14 18:00:00,2022-10-14 18:00:59,184.899993896484,186.399993896484,172.0,144.300003051758,143.899993896484,147.899993896484,163.899993896484,157.5,97.8000030517578,179.699996948242,168.399993896484,185.0,185.0,170.0,145.0,145.0,145.0,165.0,155.0,100.0,150.0,140.0,808.216613769531,808.0,480.612060546875,0.0,309.988891601562,6.4207935333252,0.0,3.20183944702148,0.0,7.9925479888916,480.799957275391,0.0,309.599975585937,6.40000009536743,0.0,3.20000004768372,0.0,8.0,359.87548828125,360.0,82.8662109375,24.6000003814697,213.0,24.3706607818604,48.6594696044922,0.0,52.4619216918945,7.45506381988525,0.0,9.83756065368652,0.0,22.3296775817871,988.56982421875,406.699981689453,590.255004882813,85.7559814453125,47.2274284362793,32.465389251709,37.6777153015137,35.7818832397461,1459.0,0.0,1573.0,223.0,0.0,295.0,0.0,669.0,56.6620025634766,-0.0550000034272671,52.8000030517578,12.4490003585815,30.0350017547607,9.68600082397461,0.0,38.112003326416
61,BP 110/02 (717221),ZSK 70.5,22010797,9:48,77.15,2.45,19.27,41.57,04.11.2022 00:01:00,05.11.2022 02:20:00,2022-11-04 09:48:00,2022-11-04 09:48:48,187.6,184.7,170.2,142.7,146.0,144.9,174.2,154.8,99.6,150.0,146.9,185.0,185.0,170.0,145.0,145.0,145.0,165.0,155.0,100.0,150.0,140.0,0.0,396.800048828125,0.0,0.0,0.0,0.0,0.0,0.0,0.0,0.0,239.434555053711,0.0,153.381561279297,3.98393607139587,0.0,0.0,0.0,0.0,-149.7,260.0,777.7,168.6,149.8,3.6,0.0,0.0,0.0,0.0,0.0,0.0,0.0,0.0,610.099731445313,422.029418945313,522.1796875,84.5997619628906,24.803825378418,43.0160522460938,94.3487854003906,65.5418090820313,0.0,0.0,0.0,0.0,0.0,0.0,0.0,0.0,-0.324527740478516,0.729000091552734,0.0,-0.049896240234375,8.88259887695313,-0.0241508483886719,0.0,0.0
62,BP 110/02 (717221),ZSK 70.4,22010797,10:24,76.67,2.41,19.32,41.81,04.11.2022 00:01:00,05.11.2022 02:20:00,2022-11-04 10:24:00,2022-11-04 10:24:56,185.9,185.2,170.1,145.0,145.0,145.3,165.1,155.7,99.9,170.4,152.8,185.0,185.0,170.0,145.0,145.0,145.0,165.0,155.0,100.0,150.0,140.0,805.229736328125,805.0,520.0146484375,0.0,277.033020019531,3.183274269104,4.99876022338867,0.0,0.0,0.0,520.0,0.0,276.799987792969,3.20000028610229,5.0,0.0,0.0,0.0,358.8,360.0,74.1,26.0,211.4,4.7,52.7200012207031,0.0,45.1199951171875,4.59999942779541,31.9199981689453,0.0,0.0,0.0,984.369140625,669.389282226563,607.566528320313,67.0704803466797,15.7789211273193,9.95362663269043,250.0,96.193359375,1582.0,0.0,1354.0,138.0,945.0,0.0,0.0,0.0,40.8625183105469,0.198844909667969,55.2800140380859,17.4080123901367,22.3780555725098,0.112911224365234,0.0,0.0
63,BP 110/02 (717221),ZSK 70.4,22010806,18:00,77.98,2.66,20.07,42.85,15.11.2022 03:40:00,16.11.2022 04:20:00,2022-11-15 18:00:00,2022-11-15 18:00:49,180.1,180.3,170.3,146.0,147.2,140.3,179.8,159.5,100.0,168.5,152.9,180.0,180.0,170.0,140.0,140.0,140.0,180.0,160.0,100.0,150.0,141.0,807.237121582031,808.007690429688,400.048889160156,93.3608856201172,297.855224609375,3.9996452331543,7.97242546081543,4.00003814697266,0.0,0.0,400.083831787109,93.3608932495117,298.562866210937,4.0,8.00007629394531,4.00003814697266,0.0,0.0,363.5,365.0,77.9,28.5,217.7,5.0,41.4599990844727,16.7000007629395,52.1800003051758,6.47999954223633,49.379997253418,31.3400001525879,0.0,0.0,963.15673828125,563.544799804687,582.09375,60.8587188720703,16.2866592407227,12.8534278869629,250.0,96.193359375,1242.0,501.0,1568.0,196.0,1482.0,939.0,0.0,0.0,44.1865386962891,56.0964736938477,45.5714416503906,10.4962730407715,16.1155014038086,2.67973899841309,0.0,0.0
64,BP 110/02 (717221),ZSK 70.5,22010806,18:00,77.18,3.19,20.96,45.22,15.11.2022 03:40:00,16.11.2022 04:20:00,2022-11-15 18:00:00,2022-11-15 18:00:57,179.8,180.6,169.2,139.6,140.0,139.3,193.3,163.9,99.9,175.4,157.0,180.0,180.0,170.0,140.0,140.0,140.0,180.0,162.0,100.0,150.0,140.0,807.562072753906,808.000854492187,400.153442382813,93.1505737304688,298.243530273438,3.99716711044311,7.96331024169922,4.00588989257813,0.0,0.0,400.079986572266,93.3599014282227,298.559661865234,3.99999594688416,8.0012903213501,3.99999594688416,0.0,0.0,363.3,365.0,76.5,202.1,175.0,3.9,54.5,25.7000007629395,47.8399963378906,6.23999977111816,16.6399993896484,29.379997253418,0.0,0.0,733.963134765625,363.604248046875,624.707763671875,68.5218353271484,48.0335083007813,12.5072536468506,94.3487854003906,65.5418090820313,1635.0,770.0,1432.0,383.0,506.0,888.0,0.0,0.0,50.6516876220703,42.3908996582031,52.8937072753906,18.6356086730957,20.3332748413086,9.82575035095215,0.0,0.0
65,BP 110/02 (717221),ZSK 70.4,22010841,10:10,78.09,2.77,18.52,40.16,24.11.2022 07:40:00,25.11.2022 10:00:00,2022-11-24 10:10:00,2022-11-24 10:10:56,185.0,185.6,169.9,145.0,145.2,145.4,164.7,155.0,100.1,164.5,149.6,185.0,185.0,170.0,145.0,145.0,145.0,165.0,155.0,100.0,150.0,140.0,799.381103515625,800.000061035156,480.698608398438,0.0,309.096496582031,6.41135692596436,0.0,3.17462301254272,0.0,0.0,480.799987792969,0.0,309.600006103516,6.40000009536743,0.0,3.20000004768372,0.0,0.0,359.1,360.0,72.5,29.3,211.8,5.0,49.4599990844727,0.0,51.6399993896484,7.89999961853027,0.0,56.1599960327149,0.0,0.0,971.095947265625,571.139282226563,599.986694335938,80.7231140136719,21.7691078186035,5.63185882568359,250.0,96.193359375,1484.0,0.0,1548.0,238.0,0.0,1689.0,0.0,0.0,54.9306259155273,17.3946685791016,49.3538360595703,15.6021766662598,19.603385925293,9.96121978759766,0.0,0.0
66,BP 110/02 (717221),ZSK 70.5,22010841,9:40,77.27,2.96,20.72,44.56,24.11.2022 07:40:00,25.11.2022 10:00:00,2022-11-24 09:40:00,2022-11-24 09:41:00,184.7,184.5,169.3,145.4,144.9,145.6,183.7,154.5,100.1,170.9,153.0,185.0,185.0,170.0,145.0,145.0,145.0,165.0,155.0,100.0,150.0,140.0,799.911987304688,800.0,480.936950683594,0.0,309.392944335938,6.39988231658935,0.0,3.18216943740845,0.0,0.0,480.799957275391,0.0,309.600036621094,6.40000057220459,0.0,3.20000028610229,0.0,0.0,358.5,360.0,75.7,198.5,170.7,3.7,65.5199890136719,0.0,50.0800018310547,9.13999938964844,0.0,23.1800003051758,0.0,0.0,733.35888671875,375.539611816406,621.894409179687,69.6153106689453,48.830924987793,13.9016284942627,94.3487854003906,65.5418090820313,1967.0,0.0,1502.0,564.0,0.0,693.0,0.0,0.0,40.927360534668,50.7189025878906,54.7697296142578,11.5646667480469,22.7559051513672,6.7723503112793,0.0,0.0
67,BP 110/02 (717221),ZSK 70.4,22010843,7:02,77.16,3.41,19.31,42.54,28.11.2022 19:35:00,29.11.2022 19:10:00,2022-11-29 07:02:00,2022-11-29 07:02:47,184.6,184.8,192.4,145.0,145.2,143.7,165.1,155.3,99.9,171.2,154.4,185.0,185.0,170.0,145.0,145.0,145.0,165.0,155.0,100.0,150.0,140.0,799.919799804688,799.999938964844,480.70947265625,0.0,314.671569824219,3.19687461853027,0.0,1.60778284072876,0.0,0.0,480.799987792969,0.0,314.399993896484,3.20000004768372,0.0,1.60000002384186,0.0,0.0,359.7,360.0,73.8,30.2,215.8,5.0,49.6999969482422,0.0,51.3399963378906,3.59999990463257,0.0,30.1599998474121,0.0,0.0,967.35888671875,571.139282226563,612.897827148437,86.8290863037109,22.211742401123,5.29496479034424,250.0,96.193359375,1491.0,0.0,1540.0,108.0,0.0,899.0,0.0,0.0,50.398796081543,16.7473258972168,63.0919647216797,14.4509735107422,22.1430892944336,7.9422550201416,0.0,0.0
68,BP 110/02 (717221),ZSK 70.4,22010841,18:00,77.91,2.73,19.02,41.1,29.11.2022 19:10:00,30.11.2022 18:20:00,2022-11-30 18:00:00,2022-11-30 18:00:51,186.8,184.8,191.6,145.4,145.3,144.7,164.9,155.2,100.0,173.6,154.2,185.0,185.0,170.0,145.0,145.0,145.0,165.0,155.0,100.0,150.0,140.0,800.254333,799.999939,480.658508,0.0,314.797607,3.203069,0.0,1.595143,0.0,0.0,480.799988,0.0,314.399994,3.2,0.0,1.6,0.0,0.0,360.5,360.0,74.9,17.2,217.6,4.9,50.439995,0.0,50.220001,3.96,0.0,31.82,0.0,0.0,953.277344,571.139282,625.771362,82.13826,22.211742,4.890742,250.0,96.193359,1511.0,0.0,1507.0,119.0,0.0,948.0,0.0,0.0,50.663017,16.869522,52.944763,11.807873,21.593781,6.782211,0.0,0.0
69,BP 110/02 (717221),ZSK 70.5,22010841,18:00,76.63,3.37,21.26,46.15,28.11.2022 19:35:00,29.11.2022 19:10:00,2022-11-29 18:00:00,2022-11-29 18:00:57,179.0,184.2,169.5,145.4,144.9,145.4,191.5,159.8,100.0,175.7,157.8,185.0,185.0,170.0,145.0,145.0,145.0,165.0,155.0,100.0,150.0,140.0,799.44104,799.998047,480.701355,0.0,313.929321,3.194525,0.0,1.628744,0.0,0.0,480.799988,0.0,314.400787,3.2,0.0,1.597224,0.0,0.0,359.8,360.0,78.4,200.5,175.5,3.8,66.940002,0.0,49.599998,5.4,0.0,12.1,0.0,0.0,718.442871,375.539612,631.996216,59.500595,24.517002,12.933186,94.348785,65.541809,2007.0,0.0,1491.0,335.0,0.0,367.0,0.0,0.0,50.419594,50.6772,54.607147,13.233578,22.17263,6.994051,0.0,0.0
70,BP 110/02 (717221),ZSK 70.9,22010841,18:00,77.37,3.4,21.54,46.35,30.11.2022 19:00:00,30.11.2022 23:59:00,2022-11-30 18:00:00,2022-11-30 18:00:52,183.5,185.5,163.800003,142.899994,144.600006,147.899994,158.699997,152.300003,101.199997,180.899994,169.800003,185.0,185.0,165.0,145.0,145.0,145.0,160.0,155.0,100.0,150.0,140.0,808.062744,808.001404,480.817932,0.0,314.427094,1.601243,0.0,3.212233,0.0,8.000209,480.800873,0.0,314.400574,1.600003,0.0,3.200006,0.0,8.000001,359.802246,360.0,87.583008,22.4,211.800003,24.370661,48.398479,0.0,54.10614,2.503862,0.0,5.476365,0.0,22.508066,993.75,1177.522949,581.08844,63.208256,47.327385,58.36298,37.677715,35.510735,1451.0,0.0,1623.0,75.0,0.0,164.0,0.0,675.0,61.243004,55.660004,35.75,21.381001,28.079,9.804001,0.0,40.756001
71,BP 110/02 (717221),ZSK 70.9,22010843,11:19,77.76,3.13,20.5,44.12,01.12.2022 00:01:00,01.12.2022 18:45:00,2022-12-01 11:19:00,2022-12-01 11:19:57,181.100006,184.699997,165.5,145.300003,143.699997,145.800003,159.300003,153.899994,101.699997,180.899994,169.300003,185.0,185.0,165.0,145.0,145.0,145.0,160.0,155.0,100.0,150.0,140.0,807.990662,808.001404,480.800873,0.0,314.400574,1.600049,0.0,3.198684,0.0,7.990799,480.800873,0.0,314.400574,1.600003,0.0,3.200006,0.0,8.000001,359.875488,360.0,83.686523,23.700001,212.300003,24.045139,48.925838,0.0,54.195492,2.58748,0.0,5.661638,0.0,22.60318,982.277893,1177.522949,580.625122,61.973209,47.327385,56.570408,37.677715,35.480316,1467.0,0.0,1625.0,77.0,0.0,169.0,0.0,678.0,68.237,55.650002,42.532001,18.055,27.915001,8.115001,0.0,41.453003
72,BP 110/02 (717221),ZSK 70.4,22010844,18:00,77.34,3.17,19.83,43.16,29.11.2022 19:10:00,30.11.2022 18:20:00,2022-11-30 18:00:00,2022-11-30 18:00:51,186.8,184.8,191.6,145.4,145.3,144.7,164.9,155.2,100.0,173.6,154.2,185.0,185.0,170.0,145.0,145.0,145.0,165.0,155.0,100.0,150.0,140.0,800.254333,799.999939,480.658508,0.0,314.797607,3.203069,0.0,1.595143,0.0,0.0,480.799988,0.0,314.399994,3.2,0.0,1.6,0.0,0.0,360.5,360.0,74.9,17.2,217.6,4.9,50.439995,0.0,50.220001,3.96,0.0,31.82,0.0,0.0,953.277344,571.139282,625.771362,82.13826,22.211742,4.890742,250.0,96.193359,1511.0,0.0,1507.0,119.0,0.0,948.0,0.0,0.0,50.663017,16.869522,52.944763,11.807873,21.593781,6.782211,0.0,0.0
73,BP 110/02 (717221),ZSK 70.5,22010844,18:00,76.42,3.61,21.54,46.96,30.11.2022 19:00:00,30.11.2022 23:59:00,2022-11-30 18:00:00,2022-11-30 18:00:49,185.5,184.5,170.7,144.4,144.9,144.7,188.9,162.6,100.1,176.0,157.2,185.0,185.0,170.0,145.0,145.0,145.0,165.0,155.0,100.0,150.0,140.0,799.943542,800.0,480.696533,0.0,314.384399,3.191022,0.0,1.602827,0.0,0.0,480.801147,0.0,314.40155,3.200008,0.0,1.597227,0.0,0.0,359.2,360.0,78.1,202.5,175.5,4.2,66.559998,0.0,49.580002,5.48,0.0,12.1,0.0,0.0,722.49292,375.539612,635.927002,58.30706,24.517002,13.028019,94.348785,65.541809,1995.0,0.0,1490.0,338.0,0.0,361.0,0.0,0.0,47.194458,50.494057,56.976898,11.164219,21.873116,6.45915,0.0,0.0
74,BP 110/02 (717221),ZSK 70.9,22010844,18:00,73.61,4.75,23.35,52.52,01.12.2022 00:01:00,01.12.2022 18:45:00,2022-12-01 18:00:00,2022-12-01 18:00:50,185.800003,185.600006,164.899994,143.699997,145.0,145.300003,158.800003,153.800003,97.400002,180.100006,168.5,185.0,185.0,165.0,145.0,145.0,145.0,160.0,155.0,100.0,150.0,140.0,807.874939,808.001404,480.878174,0.0,314.199036,1.602348,0.0,3.202958,0.0,7.995823,480.800873,0.0,314.400574,1.600003,0.0,3.200006,0.0,8.000001,359.802246,360.0,83.239746,21.9,211.5,24.739582,48.666561,0.0,54.63689,2.512165,0.0,5.683808,0.0,22.662197,988.07312,1177.522949,575.99054,63.626484,47.327385,56.292297,37.677715,35.326405,1459.0,0.0,1639.0,75.0,0.0,170.0,0.0,679.0,43.592003,55.666004,31.813002,19.086,27.864002,10.649,0.0,31.097002
75,BP 110/02 (717221),ZSK 70.4,22010845,6:43,77.12,3.15,19.62,42.85,01.12.2022 18:45:00,02.12.2022 01:00:00,2022-12-02 06:43:00,2022-12-02 06:43:53,186.2,185.5,190.9,145.0,145.0,145.3,165.2,154.5,100.0,173.2,153.3,185.0,185.0,170.0,145.0,145.0,145.0,165.0,155.0,100.0,150.0,140.0,799.691711,799.999939,480.866089,0.0,314.018677,3.20696,0.0,1.596084,0.0,0.0,480.799988,0.0,314.399994,3.2,0.0,1.6,0.0,0.0,359.9,360.0,75.7,16.1,216.3,4.9,50.559998,0.0,49.799995,4.58,0.0,33.979996,0.0,0.0,950.637695,571.139282,631.263306,69.201401,22.211742,4.962949,250.0,96.193359,1516.0,0.0,1498.0,137.0,0.0,1024.0,0.0,0.0,44.698547,16.908901,50.639923,15.242035,21.208523,9.274038,0.0,0.0
76,BP 110/02 (717221),ZSK 70.5,22010845,6:43,75.89,3.52,21.09,46.31,01.12.2022 18:45:00,02.12.2022 01:00:00,2022-12-02 06:43:00,2022-12-02 06:43:53,185.5,184.6,170.0,144.9,145.0,145.4,188.8,155.2,99.9,175.6,156.7,185.0,185.0,170.0,145.0,145.0,145.0,165.0,155.0,100.0,150.0,140.0,799.64978,800.0,480.607178,0.0,314.265808,3.195328,0.0,1.58151,0.0,0.0,480.801147,0.0,314.40155,3.200008,0.0,1.597227,0.0,0.0,358.6,360.0,75.8,201.1,175.5,4.2,67.319992,0.0,50.0,5.28,0.0,11.719999,0.0,0.0,717.163818,375.539612,634.912842,58.778816,24.517002,12.604435,94.348785,65.541809,2017.0,0.0,1496.0,325.0,0.0,370.0,0.0,0.0,44.744247,50.799606,59.820313,14.904613,21.32196,8.423925,0.0,0.0
77,BP 110/02 (717221),ZSK 70.4,22010847,6:56,77.57,3.03,20.18,43.56,06.12.2022 08:00:00,07.12.2022 09:40:00,2022-12-07 06:56:00,2022-12-07 06:56:58,180.0,179.3,194.9,146.0,146.4,140.0,180.2,160.2,100.1,172.3,155.2,180.0,180.0,170.0,140.0,140.0,140.0,180.0,160.0,100.0,152.0,144.0,808.085938,808.0,399.989807,93.649689,298.401978,3.990076,8.06525,3.990748,0.0,0.0,400.0,93.599998,298.399994,4.0,8.0,4.0,0.0,0.0,364.8,365.0,74.5,27.6,217.9,4.9,41.5,15.559999,54.019997,6.54,36.459999,84.839996,0.0,0.0,962.241577,602.558105,560.346191,63.549736,21.225033,4.743548,250.0,96.193359,1245.0,466.0,1620.0,195.0,1100.0,2572.0,0.0,0.0,52.317787,47.640594,63.281921,17.52356,16.831436,9.707033,0.0,0.0
78,BP 110/02 (717221),ZSK 70.5,22010847,6:56,76.92,3.34,20.99,45.53,06.12.2022 08:00:00,07.12.2022 09:40:00,2022-12-07 06:56:00,2022-12-07 06:56:58,180.6,180.2,169.4,140.5,140.0,139.6,189.0,160.3,100.1,174.5,156.7,180.0,180.0,170.0,140.0,140.0,140.0,183.0,160.0,100.0,150.0,140.0,808.098999,808.0,400.151306,93.609482,298.364136,3.992174,7.990397,3.991476,0.0,0.0,400.0,93.599998,298.400024,4.0,8.0,4.0,0.0,0.0,364.3,365.0,77.6,201.6,174.3,3.9,54.459999,24.779999,47.459999,6.139999,23.119999,33.639999,0.0,0.0,733.973389,380.089539,628.874023,65.488098,35.06517,11.756773,94.348785,65.541809,1634.0,742.0,1422.0,385.0,696.0,1011.0,0.0,0.0,41.889534,52.039352,50.393463,17.268078,22.030067,9.429226,0.0,0.0
79,BP 110/02 (717221),ZSK 70.9,22010847,6:57,75.6,4.11,22.98,50.29,06.12.2022 08:00:00,07.12.2022 09:40:00,2022-12-07 06:57:00,2022-12-07 06:57:53,180.600006,179.199997,171.800003,137.899994,140.399994,141.399994,178.899994,158.699997,98.300003,183.100006,171.399994,180.0,180.0,170.0,140.0,140.0,140.0,180.0,160.0,100.0,150.0,140.0,807.63208,808.0,400.0,93.600258,298.045898,3.999772,7.998055,3.988144,0.0,0.0,400.0,93.599998,298.399994,4.0,8.0,4.0,0.0,0.0,364.855957,365.0,83.276367,24.200001,215.0,21.563948,40.259521,7.846251,52.549576,4.831761,17.860956,9.349341,0.0,0.0,992.794189,1193.345825,567.895569,82.796265,44.78883,42.855747,37.677715,35.647915,1207.0,235.0,1576.0,144.0,535.0,280.0,0.0,0.0,67.406006,49.325001,33.138,18.117001,31.689001,9.34,0.0,29.423002
80,BP 110/02 (717221),ZSK 70.4,23100005,10:10,76.42,3.81,20.4,45.16,07.12.2022 09:40:00,08.12.2022 12:25:00,2022-12-07 10:10:00,2022-12-07 10:10:48,180.0,180.0,194.8,146.0,146.4,139.9,179.7,159.8,100.1,173.6,156.1,180.0,180.0,170.0,140.0,140.0,140.0,180.0,160.0,100.0,152.0,144.0,807.455566,808.0,399.926147,93.586792,297.967957,4.001897,7.966934,3.99366,0.0,0.0,400.0,93.599998,298.399994,4.0,8.0,4.0,0.0,0.0,364.0,365.0,73.1,25.9,218.6,4.7,41.720001,15.58,53.5,5.5,37.839996,85.619995,0.0,0.0,959.005371,602.758545,561.564453,71.492035,20.995853,4.662077,250.0,96.193359,1250.0,466.0,1602.0,164.0,1140.0,2566.0,0.0,0.0,44.947075,44.229385,48.001526,16.568481,21.791702,10.0217,0.0,0.0
81,BP 110/02 (717221),ZSK 70.5,23100005,10:10,76.11,3.48,20.63,45.38,07.12.2022 09:40:00,08.12.2022 12:25:00,2022-12-07 10:10:00,2022-12-07 10:10:56,180.3,181.1,170.0,139.7,140.1,139.9,189.0,161.9,100.0,174.2,155.3,180.0,180.0,170.0,140.0,140.0,140.0,183.0,160.0,100.0,150.0,140.0,807.214417,808.0,400.01825,93.578506,297.67804,4.00022,7.965061,3.974319,0.0,0.0,400.0,93.599998,298.400024,4.0,8.0,4.0,0.0,0.0,363.9,365.0,78.7,202.8,173.8,4.1,54.519997,24.66,47.540001,6.36,22.459999,35.419998,0.0,0.0,733.683838,381.010803,628.387329,62.243324,35.403458,11.781239,94.348785,65.541809,1635.0,739.0,1417.0,398.0,670.0,1052.0,0.0,0.0,47.383377,53.224655,47.400955,17.412144,20.594612,9.281851,0.0,0.0
82,BP 110/02 (717221),ZSK 70.9,23100005,10:33,76.6,3.43,20.78,45.39,07.12.2022 09:40:00,08.12.2022 12:25:00,2022-12-07 10:33:00,2022-12-07 10:33:58,184.199997,179.899994,169.699997,142.0,139.399994,140.800003,180.0,156.399994,102.900002,183.300003,171.300003,180.0,180.0,170.0,140.0,140.0,140.0,180.0,160.0,100.0,150.0,140.0,808.206238,808.0,400.124084,93.613243,298.468811,3.998782,8.001259,4.0,0.0,0.0,400.0,93.599998,298.399994,4.0,8.0,4.0,0.0,0.0,364.929199,365.0,83.137207,25.200001,214.399994,22.186052,40.464211,7.801685,52.702831,4.881679,17.675854,9.272892,0.0,0.0,988.61499,1199.674805,566.567749,81.970886,45.263779,43.099934,37.677715,35.647915,1213.0,234.0,1581.0,146.0,530.0,278.0,0.0,0.0,48.276001,39.075001,40.377003,15.77,34.912003,4.967,0.0,29.431002
83,BP 110/02 (717221),ZSK 70.4,23010005,18:00,77.28,3.12,19.29,42.17,08.12.2022 12:25:00,09.12.2022 14:30:00,2022-12-08 18:00:00,2022-12-08 18:00:58,179.8,180.1,193.5,145.4,145.9,140.3,180.3,159.8,99.9,172.0,154.6,180.0,180.0,170.0,140.0,140.0,140.0,180.0,160.0,100.0,150.0,146.0,808.572449,808.0,400.032898,93.590576,298.786499,3.996934,8.003046,4.02267,0.0,0.0,400.0,93.599998,298.399994,4.0,8.0,4.0,0.0,0.0,365.7,365.0,74.2,23.3,218.0,5.0,42.379997,15.9,52.199997,5.8,36.860001,43.979996,0.0,0.0,944.032471,588.729004,581.71875,67.293762,21.49197,9.455902,250.0,96.193359,1271.0,477.0,1566.0,173.0,1118.0,1305.0,0.0,0.0,39.958321,45.709839,58.379623,16.0392,15.700459,7.713346,0.0,0.0
84,BP 110/02 (717221),ZSK 70.5,23010005,18:00,76.28,3.48,21.33,46.54,08.12.2022 12:25:00,09.12.2022 14:30:00,2022-12-08 18:00:00,2022-12-08 18:00:53,179.8,180.2,169.5,140.3,140.0,140.3,190.2,163.6,100.0,174.7,157.4,180.0,180.0,170.0,140.0,140.0,140.0,183.0,160.0,100.0,150.0,140.0,808.424011,808.0,399.961609,93.50914,298.94458,4.000642,8.010567,4.023401,0.0,0.0,400.0,93.599998,298.400024,4.0,8.0,4.0,0.0,0.0,363.3,365.0,75.0,202.4,174.3,3.6,54.779999,24.34,47.099998,7.04,46.439995,47.019997,0.0,0.0,727.204102,382.642334,631.156738,56.632957,17.300903,8.41786,94.348785,65.541809,1643.0,731.0,1413.0,442.0,1398.0,1417.0,0.0,0.0,51.915504,47.092201,60.382156,15.525242,18.579201,7.749826,0.0,0.0
85,BP 110/02 (717221),ZSK 70.9,23010005,18:00,74.62,4.1,22.0,49.05,08.12.2022 12:25:00,09.12.2022 14:30:00,2022-12-08 18:00:00,2022-12-08 18:00:53,172.300003,177.0,168.100006,138.600006,140.600006,140.199997,179.800003,160.899994,99.400002,183.300003,172.0,180.0,180.0,170.0,140.0,140.0,140.0,180.0,160.0,100.0,150.0,140.0,707.795532,708.0,350.307678,81.999466,261.469299,3.505989,7.004717,3.508426,0.0,0.0,350.495026,82.015839,261.469299,3.504951,7.009901,3.504951,0.0,0.0,364.892578,365.0,79.116211,23.799999,215.699997,19.733797,35.682755,6.795081,45.242455,4.473387,15.549522,8.289041,0.0,0.0,982.561951,1205.864868,578.79071,78.286896,45.105873,42.187172,37.677715,35.647915,1070.0,203.0,1357.0,134.0,466.0,248.0,0.0,0.0,53.169003,38.729,53.364002,21.559002,34.629002,11.741,0.0,29.269001
86,BP 110/02 (717221),ZSK 70.9,23010007,6:44,76.91,3.28,21.4,46.19,12.12.2022 12:00:00,12.12.2022 20:45:00,2022-12-12 06:44:00,2022-12-12 06:44:58,185.0,185.399994,170.100006,154.899994,145.5,145.300003,165.0,159.300003,107.599998,146.800003,137.800003,185.0,185.0,170.0,145.0,145.0,145.0,165.0,155.0,100.0,150.0,140.0,0.0,127.618217,0.0,0.0,0.0,0.0,0.0,0.0,0.0,0.0,40.0,20.0,64.177086,0.860283,1.720565,0.860283,0.0,0.0,0.0,165.0,0.0,19.1,148.800003,0.217014,0.0,0.0,0.0,0.0,0.0,0.0,0.0,0.0,1035.549927,1127.617554,553.833679,84.917282,47.016251,42.278954,37.677715,35.647915,0.0,0.0,0.0,0.0,0.0,0.0,0.0,0.0,56.857002,-0.228,-0.412,-0.453,20.315001,0.024,0.0,5.535
87,BP 110/02 (717221),ZSK 70.5,23010008,18:00,74.6,3.86,21.39,47.75,12.12.2022 08:30:00,12.12.2022 20:45:00,2022-12-12 18:00:00,2022-12-12 18:00:55,184.8,185.7,169.5,144.8,144.8,145.3,185.7,162.0,100.0,171.4,153.8,185.0,185.0,170.0,145.0,145.0,145.0,165.0,155.0,100.0,150.0,145.0,800.078491,800.000061,480.580627,0.0,309.923035,6.395797,0.0,3.179028,0.0,0.0,480.799988,0.0,309.600006,6.4,0.0,3.2,0.0,0.0,358.8,360.0,78.7,198.8,171.0,3.7,65.639999,0.0,48.279999,10.5,0.0,25.379997,0.0,0.0,732.706421,379.281128,642.205688,60.833893,22.373993,12.560593,94.348785,65.541809,1967.0,0.0,1446.0,656.0,0.0,762.0,0.0,0.0,51.891266,0.723301,52.928802,12.402683,17.805191,6.964651,0.0,0.0
88,BP 110/02 (717221),ZSK 70.9,23010010,18:00,77.82,3.13,20.56,44.2,12.12.2022 12:00:00,12.12.2022 20:45:00,2022-12-12 18:00:00,2022-12-12 18:00:50,185.0,184.100006,171.0,143.0,146.300003,142.399994,164.300003,153.800003,97.300003,179.800003,168.399994,185.0,185.0,170.0,145.0,145.0,145.0,165.0,155.0,100.0,150.0,140.0,807.855164,807.92511,480.698303,0.0,309.571167,6.395322,0.0,3.200573,0.0,7.98981,480.75528,0.0,309.571167,6.399405,0.0,3.2,0.0,7.999255,359.875488,360.0,84.499512,21.4,210.5,20.927372,48.607872,0.0,52.387325,7.963068,0.0,8.001175,0.0,22.213039,989.374023,1127.617554,591.167603,80.330338,47.016251,40.040318,37.677715,36.04026,1458.0,0.0,1571.0,238.0,0.0,240.0,0.0,666.0,49.523003,-0.102,49.428001,11.807,20.251001,7.615,0.0,35.438004
89,BP 110/02 (717221),ZSK 70.5,23010010,18:00,73.84,4.26,22.3,50.1,12.12.2022 08:30:00,12.12.2022 20:45:00,2022-12-12 18:00:00,2022-12-12 18:00:55,184.8,185.7,169.5,144.8,144.8,145.3,185.7,162.0,100.0,171.4,153.8,185.0,185.0,170.0,145.0,145.0,145.0,165.0,155.0,100.0,150.0,145.0,800.078491,800.000061,480.580627,0.0,309.923035,6.395797,0.0,3.179028,0.0,0.0,480.799988,0.0,309.600006,6.4,0.0,3.2,0.0,0.0,358.8,360.0,78.7,198.8,171.0,3.7,65.639999,0.0,48.279999,10.5,0.0,25.379997,0.0,0.0,732.706421,379.281128,642.205688,60.833893,22.373993,12.560593,94.348785,65.541809,1967.0,0.0,1446.0,656.0,0.0,762.0,0.0,0.0,51.891266,0.723301,52.928802,12.402683,17.805191,6.964651,0.0,0.0
90,BP 110/02 (717221),ZSK 70.5,23010011,6:14,75.87,3.45,20.3,44.87,13.12.2022 17:30:00,14.12.2022 05:40:00,2022-12-14 06:14:00,2022-12-14 06:14:52,184.8,185.9,171.0,145.5,145.1,144.3,184.2,161.4,100.0,172.0,154.1,185.0,185.0,170.0,145.0,145.0,145.0,165.0,155.0,100.0,152.0,147.0,800.016357,800.000061,480.799988,0.0,309.599976,6.402054,0.0,3.21436,0.0,0.0,480.799988,0.0,309.600006,6.4,0.0,3.2,0.0,0.0,358.5,360.0,78.5,200.4,171.7,3.6,65.479996,0.0,47.519997,10.799999,0.0,37.479996,0.0,0.0,733.765869,379.281128,650.32959,59.873543,22.373993,8.368223,94.348785,65.541809,1964.0,0.0,1425.0,675.0,0.0,1135.0,0.0,0.0,53.842583,0.788403,60.586746,18.872837,17.28009,10.032227,0.0,0.0
91,BP 110/02 (717221),ZSK 70.9,23010011,6:14,77.92,3.24,20.56,44.26,13.12.2022 17:30:00,14.12.2022 05:40:00,2022-12-14 06:14:00,2022-12-14 06:14:57,184.699997,185.100006,168.699997,146.899994,145.899994,145.899994,164.600006,154.699997,101.599998,180.100006,169.100006,185.0,185.0,170.0,145.0,145.0,145.0,165.0,155.0,100.0,150.0,140.0,808.059265,807.92511,480.940277,0.0,309.507965,6.407019,0.0,3.209943,0.0,7.994018,480.75528,0.0,309.571167,6.399405,0.0,3.2,0.0,7.999255,359.875488,360.0,84.572754,21.799999,211.100006,20.565683,48.455246,0.0,51.514637,7.613419,0.0,7.928349,0.0,22.27527,993.073975,1127.617554,600.423523,83.980843,47.016251,40.411671,37.677715,35.916756,1453.0,0.0,1545.0,228.0,0.0,237.0,0.0,668.0,53.275002,-0.081,43.705002,12.002001,20.017,8.025001,0.0,40.502003
92,BP 110/02 (717221),ZSK 70.5,23010012,18:00,75.87,3.55,22.77,49.28,14.12.2022 05:40:00,14.12.2022 16:30:00,2022-12-14 18:00:00,2022-12-14 18:00:56,185.0,185.0,171.0,146.6,145.1,145.4,184.8,161.1,99.9,172.8,155.6,185.0,185.0,170.0,145.0,145.0,145.0,165.0,155.0,100.0,152.0,147.0,799.38446,800.000061,480.968506,0.0,308.817078,6.402185,0.0,3.196687,0.0,0.0,480.799988,0.0,309.600006,6.4,0.0,3.2,0.0,0.0,358.6,360.0,77.7,199.8,172.5,3.9,63.5,0.0,48.879997,10.52,0.0,39.619995,0.0,0.0,756.471924,379.281128,636.895142,60.423813,22.373993,8.170403,94.348785,65.541809,1905.0,0.0,1461.0,650.0,0.0,1182.0,0.0,0.0,44.824997,1.098152,54.782928,12.051693,17.137985,6.790201,0.0,0.0
93,BP 110/02 (717221),ZSK 70.9,23010012,18:00,78.02,2.84,21.2,44.96,14.12.2022 05:40:00,14.12.2022 16:30:00,2022-12-14 18:00:00,2022-12-14 18:00:53,185.300003,186.600006,169.199997,142.300003,146.100006,146.5,166.100006,158.399994,99.099998,179.699997,168.600006,185.0,185.0,170.0,145.0,145.0,145.0,165.0,155.0,100.0,150.0,140.0,808.314453,808.0,480.907684,0.0,309.8172,6.397719,0.0,3.193667,0.0,7.998211,480.800781,0.0,309.600494,6.399415,0.0,3.200005,0.0,7.999268,359.912109,360.0,83.4375,22.799999,210.899994,20.992477,44.238541,0.0,53.036488,8.726295,0.0,7.81819,0.0,22.623075,1086.746826,1005.732239,583.783264,73.330811,47.016251,40.895653,37.677715,35.31662,1327.0,0.0,1591.0,261.0,0.0,234.0,0.0,678.0,39.606003,37.369003,44.743004,12.837001,19.946001,8.81,0.0,37.429001
94,BP 110/02 (717221),ZSK 70.5,23010013,6:14,76.17,3.5,22.05,47.85,15.12.2022 06:00:00,15.12.2022 16:00:00,2022-12-15 06:14:00,2022-12-15 06:14:57,184.9,184.8,170.9,145.6,145.1,144.9,185.6,161.8,100.1,172.4,154.8,185.0,185.0,170.0,145.0,145.0,145.0,165.0,155.0,100.0,152.0,147.0,799.181335,800.000061,480.656921,0.0,309.463379,6.397869,0.0,3.198323,0.0,0.0,480.799988,0.0,309.600006,6.4,0.0,3.2,0.0,0.0,359.0,360.0,77.4,199.2,172.1,3.9,66.559998,0.0,48.5,10.719999,0.0,38.839996,0.0,0.0,722.451294,379.281128,639.183594,60.392113,22.373993,8.352949,94.348785,65.541809,1995.0,0.0,1457.0,671.0,0.0,1169.0,0.0,0.0,45.529175,0.905552,55.207687,14.580509,16.965271,6.478201,0.0,0.0
95,BP 110/02 (717221),ZSK 70.4,23010025,8:58,75.56,4.05,20.74,46.37,05.01.2023 22:35:00,06.01.2023 23:20:00,2023-01-06 08:58:00,2023-01-06 08:58:52,185.2,185.5,190.5,144.7,144.5,145.4,165.0,155.7,100.1,169.7,151.3,185.0,185.0,170.0,145.0,145.0,145.0,165.0,155.0,100.0,150.0,147.0,800.169189,800.000061,480.843994,0.0,309.719238,6.417006,0.0,3.207924,0.0,0.0,480.799988,0.0,309.600006,6.400001,0.0,3.2,0.0,0.0,359.5,360.0,72.3,23.8,212.3,4.7,45.559998,0.0,48.540001,8.42,0.0,26.459999,0.0,0.0,1055.032227,633.8125,634.377441,75.820236,20.991455,11.988552,250.0,96.193359,1367.0,0.0,1454.0,255.0,0.0,797.0,0.0,0.0,40.385521,0.017433,54.396423,17.103264,21.585011,9.798658,0.0,0.0
96,BP 110/02 (717221),ZSK 70.5,23010025,8:57,75.17,4.14,22.4,49.53,05.01.2023 22:35:00,06.01.2023 23:20:00,2023-01-06 08:57:00,2023-01-06 08:57:57,185.0,183.4,170.3,144.9,144.9,144.8,184.8,156.7,99.9,172.2,154.9,185.0,185.0,170.0,145.0,145.0,145.0,165.0,157.0,100.0,150.0,147.0,800.097107,800.000061,480.618713,0.0,309.879089,6.39595,0.0,3.203351,0.0,0.0,480.799988,0.0,309.600006,6.4,0.0,3.2,0.0,0.0,358.5,360.0,77.3,199.6,171.8,3.7,64.819992,0.0,48.699997,9.52,0.0,23.82,0.0,0.0,741.746338,379.281128,636.344116,67.377716,22.373993,13.471405,94.348785,65.541809,1943.0,0.0,1459.0,585.0,0.0,706.0,0.0,0.0,46.188347,1.194599,47.760025,17.17651,15.401794,9.549751,0.0,0.0
97,BP 110/02 (717221),ZSK 70.9,23010025,8:56,74.05,4.78,23.74,53.0,05.01.2023 20:35:00,06.01.2023 06:30:00,2023-01-06 08:56:00,2023-01-06 08:56:51,184.699997,183.300003,168.699997,143.399994,146.300003,145.899994,164.5,153.699997,101.800003,179.100006,167.0,185.0,185.0,170.0,145.0,145.0,145.0,165.0,155.0,100.0,150.0,140.0,807.614746,808.031128,480.292755,0.0,309.704742,6.410236,0.0,3.204945,0.0,8.004752,480.819092,0.0,309.612762,6.39967,0.0,3.2,0.0,7.999586,359.838867,360.0,83.027344,26.0,210.300003,16.348379,43.721588,0.0,51.70079,8.961946,0.0,8.581765,0.0,22.074696,1100.232056,1005.732239,599.260498,71.366295,47.016251,37.428757,37.677715,36.216507,1311.0,0.0,1551.0,268.0,0.0,257.0,0.0,662.0,59.161003,37.385002,37.364002,20.703001,18.503,10.436001,0.0,46.200001
98,BP 110/02 (717221),ZSK 70.9,23010027,6:39,73.81,4.96,23.84,53.46,06.01.2023 16:30:00,07.01.2023 02:30:00,2023-01-07 06:39:00,2023-01-07 06:39:56,59.900002,71.099998,74.900002,74.800003,71.199997,71.099998,69.199997,65.699997,60.599998,55.900002,51.799999,185.0,185.0,170.0,145.0,145.0,145.0,165.0,155.0,100.0,150.0,140.0,0.0,508.141632,0.0,0.0,0.0,0.0,0.0,0.0,0.0,0.0,183.293991,200.0,118.028099,2.439631,0.0,1.219878,0.0,3.16,0.0,220.0,0.0,20.1,55.400002,-2.408854,0.0,0.0,0.0,0.0,0.0,0.0,0.0,0.0,1155.954224,1006.356079,567.997925,73.132065,47.016251,36.715618,37.677715,36.240631,0.0,0.0,0.0,0.0,0.0,0.0,0.0,0.0,57.285004,-0.195,-0.011,-0.266,18.399,-0.151,0.0,0.382
99,BP 110/02 (717221),ZSK 70.4,23010025,18:00,76.77,3.51,19.37,42.9,05.01.2023 22:35:00,06.01.2023 23:20:00,2023-01-06 18:00:00,2023-01-06 18:00:48,185.0,185.9,190.3,145.0,145.0,144.6,164.6,155.5,100.1,166.2,148.8,185.0,185.0,170.0,145.0,145.0,145.0,165.0,155.0,100.0,150.0,147.0,799.702515,800.000061,480.799988,0.0,309.299744,6.397446,0.0,3.205297,0.0,0.0,480.799988,0.0,309.600006,6.400001,0.0,3.2,0.0,0.0,359.5,360.0,75.7,28.6,211.8,5.0,45.559998,0.0,49.339996,8.619999,0.0,25.599998,0.0,0.0,1056.159668,633.8125,625.727173,74.845779,20.991455,12.512276,250.0,96.193359,1366.0,0.0,1477.0,259.0,0.0,765.0,0.0,0.0,53.514725,-0.01487,57.522232,14.434238,21.518936,8.835928,0.0,0.0
100,BP 110/02 (717231),ZSK 70.5,23010089,11:40,73.7,4.84,24.08,53.82,03.02.2023 10:15:00,04.02.2023 04:00:00,2023-02-03 11:40:00,2023-02-03 11:40:57,165.3,181.6,172.6,150.0,150.9,147.9,160.3,156.6,104.0,150.1,147.6,185.0,185.0,170.0,145.0,145.0,145.0,165.0,155.0,100.0,150.0,140.0,299.263733,300.0,181.400055,0.0,116.648102,1.215582,0.0,0.0,0.0,0.0,181.229996,0.0,116.970009,1.2,0.0,0.6,0.0,0.0,258.3,260.0,35.7,199.7,150.8,3.7,22.48,0.0,17.799999,2.04,0.0,0.0,0.0,0.0,792.619385,384.618103,657.828491,60.365791,45.269005,12.850145,94.348785,65.541809,676.0,0.0,533.0,123.0,0.0,0.0,0.0,0.0,49.865707,38.442604,57.150284,18.600163,17.042084,9.837,0.0,0.0
101,BP 110/02 (717231),ZSK 70.5,23010089,17:50,75.38,4.13,23.39,51.12,06.02.2023 21:40:00,07.02.2023 22:45:00,2023-02-07 17:50:00,2023-02-07 17:50:57,183.5,184.2,171.0,145.5,144.9,145.3,193.1,165.3,100.3,178.6,162.6,185.0,185.0,170.0,145.0,145.0,145.0,165.0,157.0,100.0,150.0,140.0,800.158875,800.0,483.437927,0.0,311.919983,3.20076,0.0,1.600208,0.0,0.0,483.279999,0.0,311.920013,3.2,0.0,1.6,0.0,0.0,367.7,370.0,74.4,203.4,177.6,3.9,72.419998,0.0,47.639999,4.48,0.0,12.299999,0.0,0.0,666.577515,384.618103,655.074585,71.530289,45.269005,12.74507,94.348785,65.541809,2173.0,0.0,1429.0,276.0,0.0,368.0,0.0,0.0,43.015633,38.657402,56.169983,17.993771,16.355034,10.424551,0.0,0.0
102,BP 110/02 (717221),ZSK 70.5,23010092,6:30,73.77,4.86,25.09,55.51,10.02.2023 03:00:00,11.02.2023 03:00:00,2023-02-10 06:30:00,2023-02-10 06:30:54,140.8,155.2,150.0,149.8,152.2,152.6,150.1,158.0,143.7,54.6,76.0,160.0,160.0,160.0,160.0,160.0,160.0,160.0,160.0,160.0,150.0,150.0,0.0,0.0,0.0,0.0,0.0,0.0,0.0,0.0,0.0,0.0,0.0,0.0,0.0,0.0,0.0,0.0,0.0,0.0,-0.7,100.0,0.4,143.4,80.6,3.7,0.0,0.0,0.0,0.0,0.0,0.0,0.0,0.0,1122.470703,412.2995,642.379272,69.840988,42.646584,12.245173,94.348785,65.541809,0.0,0.0,0.0,0.0,0.0,0.0,0.0,0.0,-0.267563,0.33345,11.542847,-0.343719,16.408211,-0.134926,0.0,0.0
103,BP 110/02 (717221),ZSK 70.9,99230076,13:58,77.57,3.31,22.59,47.97,13.02.2023 12:30:00,14.02.2023 15:15:00,2023-02-13 13:58:00,2023-02-13 13:58:44,185.199997,184.399994,170.600006,144.5,145.899994,144.399994,165.699997,153.100006,97.699997,186.100006,173.300003,185.0,185.0,170.0,145.0,145.0,145.0,165.0,155.0,100.0,150.0,140.0,810.393616,810.299988,520.000061,0.0,276.891327,0.0,10.29987,3.198367,0.0,0.0,520.000061,0.0,276.799988,0.0,10.3,3.2,0.0,0.0,359.912109,360.0,81.855469,23.1,217.199997,0.115741,42.672253,0.0,47.504169,0.0,22.032093,8.362456,0.0,0.0,1218.654053,1129.352417,582.29303,84.77697,46.748596,38.290611,37.677715,37.748905,1280.0,0.0,1425.0,0.0,660.0,250.0,0.0,0.0,63.765003,-0.091,40.547001,14.834001,29.793001,9.186001,0.0,0.363
104,BP 110/02 (717221),ZSK 70.5,23010164,6:21,74.3,4.42,24.01,52.98,21.02.2023 12:30:00,22.02.2023 15:55:00,2023-02-22 06:21:00,2023-02-22 06:21:50,173.0,168.7,155.3,147.4,144.3,145.2,142.1,140.2,88.3,27.2,23.6,180.0,170.0,155.0,145.0,145.0,145.0,130.0,140.0,90.0,20.0,20.0,0.0,200.0,0.0,0.0,0.0,0.0,0.0,0.0,0.0,0.0,120.199989,0.0,77.399994,1.6,0.0,0.8,0.0,0.0,-0.9,160.0,0.3,151.5,25.8,-777.0,0.0,0.0,0.0,0.0,0.0,0.0,0.0,0.0,937.965454,412.2995,629.401123,89.905579,42.646584,14.328526,94.348785,65.541809,0.0,0.0,0.0,0.0,0.0,0.0,0.0,0.0,42.936401,0.293251,56.188889,10.93911,25.144302,6.800175,0.0,0.0
105,BP 110/02 (717221),ZSK 70.5,23010163,18:00,74.16,4.62,24.9,54.76,21.02.2023 12:30:00,22.02.2023 15:55:00,2023-02-21 18:00:00,2023-02-21 18:00:49,69.5,81.3,83.0,81.9,81.5,80.8,79.0,74.8,75.7,22.8,24.3,180.0,170.0,155.0,145.0,145.0,145.0,130.0,140.0,90.0,20.0,20.0,0.0,200.0,0.0,0.0,0.0,0.0,0.0,0.0,0.0,0.0,120.199989,0.0,77.399994,1.6,0.0,0.8,0.0,0.0,-0.9,160.0,0.3,86.8,24.0,-777.0,0.0,0.0,0.0,0.0,0.0,0.0,0.0,0.0,937.965454,412.2995,629.401123,89.905579,42.646584,14.328526,94.348785,65.541809,0.0,0.0,0.0,0.0,0.0,0.0,0.0,0.0,42.922005,0.462452,56.147491,11.047573,25.196121,6.791101,0.0,0.0
106,BP 110/02 (717221),ZSK 70.5,23010166,7:03,71.23,5.83,25.67,58.82,22.02.2023 15:55:00,23.02.2023 17:55:00,2023-02-23 07:03:00,2023-02-23 07:03:56,185.0,184.6,170.9,145.5,144.9,144.9,198.9,164.6,90.0,26.8,27.7,185.0,185.0,170.0,145.0,145.0,145.0,165.0,156.0,90.0,20.0,20.0,999.785095,1000.0,601.065552,0.0,386.725342,7.999229,0.0,3.995,0.0,0.0,600.999939,0.0,386.999969,8.0,0.0,4.0,0.0,0.0,448.1,450.0,80.0,202.9,26.0,-777.0,56.360001,0.0,62.0,8.539999,0.0,28.66,0.0,0.0,1065.020996,412.2995,624.217529,92.456909,42.646584,13.994635,94.348785,65.541809,1691.0,0.0,1856.0,531.0,0.0,858.0,0.0,0.0,40.3256,0.658051,50.281265,13.825657,24.997803,8.2899,0.0,0.0
107,BP 110/02 (717221),ZSK 70.5,23010165,18:00,74.37,4.44,23.48,52.06,23.02.2023 17:55:00,24.02.2023 20:40:00,2023-02-23 18:00:00,2023-02-23 18:01:00,56.3,66.5,69.8,69.3,68.7,67.3,65.5,64.9,66.7,22.4,23.5,185.0,185.0,170.0,145.0,145.0,145.0,165.0,156.0,90.0,20.0,20.0,0.0,200.0,0.0,0.0,0.0,0.0,0.0,0.0,0.0,0.0,120.199989,0.0,77.399994,1.6,0.0,0.8,0.0,0.0,-149.9,160.0,777.7,72.4,22.6,-777.0,0.0,0.0,0.0,0.0,0.0,0.0,0.0,0.0,1083.401123,412.2995,628.918457,89.869446,42.646584,13.670357,94.348785,65.541809,0.0,0.0,0.0,0.0,0.0,0.0,0.0,0.0,41.404732,0.381599,48.48085,-0.404465,24.845848,-0.162374,0.0,0.0
108,BP 110/02 (717221),ZSK 70.5,23010168,6:24,70.78,6.05,25.77,59.5,23.02.2023 17:55:00,24.02.2023 20:40:00,2023-02-24 06:24:00,2023-02-24 06:24:59,26.6,25.2,24.6,23.3,22.8,22.5,21.9,21.9,22.1,18.0,18.5,185.0,185.0,170.0,145.0,145.0,145.0,165.0,156.0,90.0,20.0,20.0,0.0,200.0,0.0,0.0,0.0,0.0,0.0,0.0,0.0,0.0,120.199989,0.0,77.399994,1.6,0.0,0.8,0.0,0.0,-149.7,160.0,777.7,24.3,18.2,-777.0,0.0,0.0,0.0,0.0,0.0,0.0,0.0,0.0,1083.401123,412.2995,628.918457,89.869446,42.646584,13.670357,94.348785,65.541809,0.0,0.0,0.0,0.0,0.0,0.0,0.0,0.0,41.418518,0.184502,48.518051,-0.265476,24.726013,-0.149851,0.0,0.0
109,BP 110/02 (717221),ZSK 70.5,23010168,18:00,71.09,5.76,25.33,58.25,27.02.2023 22:15:00,28.02.2023 14:45:00,2023-02-28 18:00:00,2023-02-28 18:00:46,185.4,185.1,170.9,145.3,144.9,145.3,195.4,165.0,90.1,27.5,28.0,185.0,185.0,170.0,145.0,145.0,145.0,165.0,158.0,90.0,20.0,20.0,899.712219,900.0,540.893433,0.0,347.966187,7.196101,0.0,3.593023,0.0,0.0,540.900024,0.0,348.299988,7.2,0.0,3.6,0.0,0.0,406.2,410.0,77.2,202.6,27.1,-777.0,48.419998,0.0,52.839996,8.299999,0.0,23.759998,0.0,0.0,1115.39209,412.2995,661.52417,86.61293,42.646584,15.246038,94.348785,65.541809,1452.0,0.0,1585.0,506.0,0.0,715.0,0.0,0.0,39.859283,0.58395,54.638031,14.565964,24.202431,6.8454,0.0,0.0
