,Produktname,Line,Charge,Uhrzeit,L,a,b,YI,Beginn,Ende,current_time
0,BP 110/02 (717221),ZSK 70.8,22010314,18:00,73.47,4.64,23.09,52.03,29.04.2022 03:15:00,29.04.2022 21:30:00,2022-04-29 18:00:00
1,BP 110/02 (717221),ZSK 70.8,22010315,11:00,72.5,5.18,23.46,53.71,29.04.2022 21:30:00,30.04.2022 03:00:00,2022-04-30 11:00:00
2,BP 110/02 (717221),ZSK 70.5,22010373,11:00,76.41,3.76,21.79,47.55,02.05.2022 08:00:00,03.05.2022 22:45:00,2022-05-02 11:00:00
3,BP 110/02 (717221),ZSK 70.4,22010373,12:15,75.71,4.09,22.69,49.73,02.05.2022 07:15:00,03.05.2022 22:30:00,2022-05-02 12:15:00
4,BP 110/02 (717221),ZSK 70.4,22010373,12:15,76.01,3.92,22.75,49.54,02.05.2022 10:40:00,03.05.2022 22:30:00,2022-05-02 12:15:00
5,BP 110/02 (717221),ZSK 70.8,22010315,18:00,73.15,4.97,23.9,53.92,02.05.2022 10:40:00,03.05.2022 22:30:00,2022-05-02 18:00:00
6,BP 110/02 (717221),ZSK 70.8,22010315,23:15,73.18,4.92,23.26,52.75,29.04.2022 21:30:00,30.04.2022 03:00:00,2022-04-29 23:15:00
7,BP 110/02 (717221),ZSK 70.8,22010316,6:00,72.39,5.18,23.06,53.06,02.05.2022 08:00:00,03.05.2022 22:45:00,2022-05-03 06:00:00
8,BP 110/02 (717221),ZSK 70.4,22010374,6:00,75.83,3.8,22.64,49.31,29.04.2022 21:30:00,30.04.2022 03:00:00,2022-04-30 06:00:00
9,BP 110/02 (717221),ZSK 70.5,22010374,6:00,76.33,3.58,21.57,47.02,02.05.2022 08:00:00,03.05.2022 22:45:00,2022-05-03 06:00:00
10,BP 110/02 (717221),ZSK 70.9,22010374,6:00,75.91,3.7,21.98,48.04,02.05.2022 22:45:00,03.05.2022 16:20:00,2022-05-03 06:00:00
11,BP 110/02 (717221),ZSK 70.8,22010349,6:00,72.64,5.01,22.83,52.36,02.05.2022 22:30:00,03.05.2022 08:15:00,2022-05-03 06:00:00
12,BP 110/02 (717221),ZSK 70.4,22010376,6:00,75.91,3.74,22.49,48.95,02.05.2022 22:30:00,03.05.2022 08:15:00,2022-05-03 06:00:00
13,BP 110/02 (717221),ZSK 70.5,22010376,6:00,75.42,4.0,22.68,49.76,02.05.2022 22:30:00,03.05.2022 08:15:00,2022-05-03 06:00:00
14,BP 110/02 (717221),ZSK 70.9,22010376,6:00,76.25,3.33,21.37,46.47,03.05.2022 16:20:00,04.05.2022 13:00:00,2022-05-04 06:00:00
15,BP 110/02 (717221),ZSK 70.4,22010376,6:00,75.83,3.87,22.64,49.38,16.11.2022 00:00:00,16.11.2022 00:00:00,2022-11-16 06:00:00
16,BP 110/02 (717221),ZSK 70.5,22010378,6:00,76.03,3.86,21.72,47.68,04.05.2022 02:00:00,04.05.2022 14:35:00,2022-05-04 06:00:00
17,BP 110/02 (717221),ZSK 70.4,22010377,18:00,75.61,3.99,23.27,50.67,04.05.2022 02:00:00,04.05.2022 14:35:00,2022-05-04 18:00:00
18,BP 110/02 (717221),ZSK 70.5,22010377,18:00,75.92,3.83,23.07,50.02,04.05.2022 02:00:00,04.05.2022 14:35:00,2022-05-04 18:00:00
19,BP 110/02 (717221),ZSK 70.9,22010377,18:00,76.31,3.5,21.99,47.69,04.05.2022 02:00:00,04.05.2022 14:35:00,2022-05-04 18:00:00
20,BP 110/02 (717221),ZSK 70.8,22010350,18:00,73.4,4.82,22.99,52.07,05.05.2022 02:30:00,05.05.2022 17:15:00,2022-05-05 18:00:00
21,BP 110/02 (717221),ZSK 70.8,22010350,6:00,71.77,5.5,22.88,53.38,04.05.2022 14:35:00,05.05.2022 02:30:00,2022-05-05 06:00:00
22,BP 110/02 (717221),ZSK 70.4,22010387,6:00,74.05,4.88,24.2,53.88,04.05.2022 14:35:00,05.05.2022 02:30:00,2022-05-05 06:00:00
23,BP 110/02 (717221),ZSK 70.5,22010387,6:00,76.28,3.9,22.49,48.93,04.05.2022 14:35:00,05.05.2022 02:30:00,2022-05-05 06:00:00
24,BP 110/02 (717221),ZSK 70.4,22010386,18:00,75.95,4.12,22.66,49.59,04.05.2022 13:00:00,05.05.2022 07:30:00,2022-05-04 18:00:00
25,BP 110/02 (717221),ZSK 70.5,22010386,18:00,76.62,3.65,22.42,48.43,16.11.2022 01:00:00,16.11.2022 02:30:00,2022-11-16 18:00:00
26,BP 110/02 (717221),ZSK 70.9,22010386,18:00,77.16,3.51,22.23,47.73,04.05.2022 13:00:00,05.05.2022 07:30:00,2022-05-04 18:00:00
27,BP 110/02 (717221),ZSK 70.8,22010354,18:00,71.96,5.39,24.01,55.15,16.11.2022 01:00:00,16.11.2022 02:30:00,2022-11-16 18:00:00
28,BP 110/02 (717221),ZSK 70.8,22010354,6:00,72.7,5.31,23.64,54.03,11.05.2022 03:30:00,11.05.2022 17:00:00,2022-05-11 06:00:00
29,BP 110/02 (717221),ZSK 70.4,22010388,6:00,75.24,3.99,22.46,49.47,11.05.2022 03:30:00,11.05.2022 17:00:00,2022-05-11 06:00:00
30,BP 110/02 (717221),ZSK 70.9,22010388,6:00,77.61,2.73,20.63,44.04,10.05.2022 06:45:00,11.05.2022 17:15:00,2022-05-11 06:00:00
31,BP 110/02 (717221),ZSK 70.8,22010355,18:00,72.02,5.43,23.98,55.1,10.05.2022 17:15:00,11.05.2022 03:30:00,2022-05-10 18:00:00
32,BP 110/02 (717221),ZSK 70.8,22010355,18:00,71.39,5.72,24.27,56.23,10.05.2022 17:15:00,11.05.2022 03:30:00,2022-05-10 18:00:00
33,BP 110/02 (717221),ZSK 70.8,22010355,2:09,71.95,5.43,23.61,54.5,10.05.2022 01:30:00,11.05.2022 06:25:00,2022-05-10 02:09:00
34,BP 110/02 (717221),ZSK 70.8,22010356,6:00,71.35,5.61,23.63,55.04,10.05.2022 01:30:00,11.05.2022 06:25:00,2022-05-10 06:00:00
35,BP 110/02 (717221),ZSK 70.4,22010390,6:00,74.96,4.49,23.86,52.46,12.05.2022 03:40:00,12.05.2022 14:30:00,2022-05-12 06:00:00
36,BP 110/02 (717221),ZSK 70.5,22010390,6:00,75.15,4.11,23.98,52.21,12.05.2022 03:40:00,12.05.2022 14:30:00,2022-05-12 06:00:00
37,BP 110/02 (717221),ZSK 70.5,22010390,6:00,77.71,2.99,21.18,45.2,11.05.2022 06:25:00,12.05.2022 00:30:00,2022-05-12 06:00:00
38,BP 110/02 (717221),ZSK 70.8,22010357,6:00,72.81,4.88,22.88,52.24,11.05.2022 06:25:00,12.05.2022 00:30:00,2022-05-12 06:00:00
39,BP 110/02 (717221),ZSK 70.8,22010357,6:00,72.82,5.02,22.98,52.54,11.05.2022 06:25:00,12.05.2022 00:30:00,2022-05-12 06:00:00
40,BP 110/02 (717221),ZSK 70.8,22010356,18:00,72.38,5.19,23.32,53.52,12.05.2022 00:30:00,12.05.2022 22:00:00,2022-05-12 18:00:00
41,BP 110/02 (717221),ZSK 70.8,22010356,18:00,71.66,5.54,24.11,55.64,13.05.2022 00:45:00,13.05.2022 11:05:00,2022-05-13 18:00:00
42,BP 110/02 (717221),ZSK 70.9,22010389,18:00,78.33,2.84,20.57,43.74,13.05.2022 00:45:00,13.05.2022 11:05:00,2022-05-13 18:00:00
43,BP 110/02 (717221),ZSK 70.5,22010389,18:00,76.14,3.68,22.76,49.25,13.05.2022 00:45:00,13.05.2022 11:05:00,2022-05-13 18:00:00
44,BP 110/02 (717221),ZSK 70.4,22010394,10:00,74.6,4.49,24.08,53.02,12.05.2022 22:00:00,13.05.2022 15:10:00,2022-05-13 10:00:00
45,BP 110/02 (717221),ZSK 70.8,22010358,10:00,72.02,5.44,23.83,54.86,12.05.2022 22:00:00,13.05.2022 15:10:00,2022-05-13 10:00:00
46,BP 110/02 (717221),ZSK 70.5,22010394,10:00,76.05,3.58,22.23,48.28,12.05.2022 00:30:00,12.05.2022 22:00:00,2022-05-12 10:00:00
47,BP 110/02 (717221),ZSK 70.9,22010394,10:00,77.91,2.99,21.0,44.81,12.05.2022 00:30:00,12.05.2022 22:00:00,2022-05-12 10:00:00
48,BP 110/02 (717221),ZSK 70.4,22010395,6:00,74.73,4.38,23.54,51.93,12.05.2022 14:30:00,13.05.2022 00:45:00,2022-05-13 06:00:00
49,BP 110/02 (717221),ZSK 70.5,22010395,6:00,76.21,3.76,22.6,49.03,12.05.2022 14:30:00,13.05.2022 00:45:00,2022-05-13 06:00:00
50,BP 110/02 (717221),ZSK 70.9,22010395,6:00,77.45,3.02,21.7,46.24,16.05.2022 08:00:00,16.05.2022 19:15:00,2022-05-16 06:00:00
51,BP 110/02 (717221),ZSK 70.8,22010359,18:00,72.62,5.2,24.03,54.64,16.05.2022 08:00:00,16.05.2022 19:15:00,2022-05-16 18:00:00
52,BP 110/02 (717221),ZSK 70.8,22010359,6:00,71.83,5.52,23.84,55.05,16.05.2022 10:00:00,16.05.2022 19:15:00,2022-05-16 06:00:00
53,BP 110/02 (717221),ZSK 70.8,22010361,8:00,72.38,5.09,23.59,53.91,16.05.2022 19:15:00,17.05.2022 08:50:00,2022-05-17 08:00:00
54,BP 110/02 (717221),ZSK 70.8,22010362,6:00,73.92,4.36,22.93,51.25,16.05.2022 19:15:00,17.05.2022 08:50:00,2022-05-17 06:00:00
55,BP 110/02 (717221),ZSK 70.8,22010362,6:00,74.1,4.49,23.21,51.77,16.05.2022 19:15:00,17.05.2022 08:50:00,2022-05-17 06:00:00
56,BP 110/02 (717221),ZSK 70.8,22010361,18:00,72.44,5.19,24.0,54.68,16.05.2022 17:30:00,17.05.2022 21:00:00,2022-05-16 18:00:00
57,BP 110/02 (717221),ZSK 70.8,22010362,18:00,74.33,4.27,23.13,51.32,17.05.2022 21:00:00,18.05.2022 18:30:00,2022-05-18 18:00:00
58,BP 110/02 (717221),ZSK 70.8,22010362,18:00,74.82,4.16,22.63,50.11,17.05.2022 21:00:00,18.05.2022 18:30:00,2022-05-18 18:00:00
59,BP 110/02 (717221),ZSK 70.8,22010362,18:28,74.91,4.15,22.74,50.25,16.05.2022 19:15:00,17.05.2022 08:50:00,2022-05-17 18:28:00
60,BP 110/02 (717221),ZSK 70.8,99220320,6:00,72.83,4.84,23.63,53.48,16.05.2022 19:15:00,17.05.2022 08:50:00,2022-05-17 06:00:00
61,BP 110/02 (717221),ZSK 70.8,99220320,6:00,73.3,4.87,23.53,53.11,16.05.2022 19:15:00,17.05.2022 08:50:00,2022-05-17 06:00:00
62,BP 110/02 (717221),ZSK 70.4,22010401,6:00,75.82,3.73,22.27,48.61,16.05.2022 17:30:00,17.05.2022 21:00:00,2022-05-17 06:00:00
63,BP 110/02 (717221),ZSK 70.5,22010401,6:00,75.74,3.68,21.86,47.88,17.05.2022 21:00:00,18.05.2022 18:30:00,2022-05-18 06:00:00
64,BP 110/02 (717221),ZSK 70.9,22010401,6:00,76.49,3.66,22.0,47.77,17.05.2022 21:00:00,18.05.2022 18:30:00,2022-05-18 06:00:00
65,BP 110/02 (717221),ZSK 70.9,22010400,18:00,76.62,3.59,21.45,46.69,17.05.2022 21:00:00,18.05.2022 18:30:00,2022-05-18 18:00:00
66,BP 110/02 (717221),ZSK 70.8,99220320,18:00,73.32,4.78,23.47,52.9,18.05.2022 20:00:00,19.05.2022 06:45:00,2022-05-19 18:00:00
67,BP 110/02 (717221),ZSK 70.8,99220320,18:00,73.65,4.69,23.44,52.59,18.05.2022 20:00:00,19.05.2022 06:45:00,2022-05-19 18:00:00
68,BP 110/02 (717221),ZSK 70.8,22010363,6:00,75.17,4.22,22.43,49.66,18.05.2022 20:00:00,19.05.2022 06:45:00,2022-05-19 06:00:00
69,BP 110/02 (717221),ZSK 70.4,22010403,18:00,76.61,3.6,22.47,48.47,18.05.2022 06:30:00,18.05.2022 20:00:00,2022-05-18 18:00:00
70,BP 110/02 (717221),ZSK 70.9,22010403,18:00,77.18,3.52,21.75,46.91,18.05.2022 06:30:00,18.05.2022 20:00:00,2022-05-18 18:00:00
71,BP 110/02 (717221),ZSK 70.5,22010403,18:00,76.26,3.77,22.13,48.19,18.05.2022 06:30:00,18.05.2022 20:00:00,2022-05-18 18:00:00
72,BP 110/02 (717221),ZSK 70.4,22010404,6:00,75.76,3.7,22.72,49.38,20.05.2022 03:00:00,21.05.2022 02:00:00,2022-05-20 06:00:00
73,BP 110/02 (717221),ZSK 70.9,22010404,6:00,77.18,3.25,22.1,47.24,19.05.2022 16:40:00,20.05.2022 03:00:00,2022-05-20 06:00:00
74,BP 110/02 (717221),ZSK 70.8,22010363,18:00,75.49,3.87,22.69,49.61,19.05.2022 16:40:00,20.05.2022 03:00:00,2022-05-19 18:00:00
75,BP 110/02 (717221),ZSK 70.5,22010406,8:00,76.0,3.82,23.9,51.38,19.05.2022 16:40:00,20.05.2022 03:00:00,2022-05-20 08:00:00
76,BP 110/02 (717221),ZSK 70.4,22010406,8:00,74.71,4.19,23.49,51.67,19.05.2022 16:40:00,20.05.2022 03:00:00,2022-05-20 08:00:00
77,BP 110/02 (717221),ZSK 70.8,22010364,9:00,75.26,4.12,22.35,49.37,20.05.2022 03:00:00,21.05.2022 02:00:00,2022-05-20 09:00:00
78,BP 110/02 (717221),ZSK 70.8,22010364,9:10,75.07,4.41,23.1,51.03,20.05.2022 03:00:00,20.05.2022 14:00:00,2022-05-20 09:10:00
79,BP 110/02 (717221),ZSK 70.8,22010364,10:00,75.42,4.0,22.02,48.61,20.05.2022 03:00:00,20.05.2022 14:00:00,2022-05-20 10:00:00
80,BP 110/02 (717221),ZSK 70.4,22010408,6:00,75.16,4.07,23.63,51.57,20.05.2022 03:00:00,21.05.2022 02:00:00,2022-05-20 06:00:00
81,BP 110/02 (717221),ZSK 70.4,22010409,6:00,76.2,3.15,21.18,45.99,24.05.2022 04:45:00,25.05.2022 00:35:00,2022-05-24 06:00:00
82,BP 110/02 (717221),ZSK 70.5,22010409,6:00,76.33,3.77,22.37,48.59,24.05.2022 04:45:00,25.05.2022 00:35:00,2022-05-24 06:00:00
83,BP 110/02 (717221),ZSK 70.8,22010366,11:40,73.98,4.82,23.12,52.01,24.05.2022 04:45:00,25.05.2022 00:35:00,2022-05-24 11:40:00
84,BP 110/02 (717221),ZSK 70.8,22010366,13:14,74.01,4.78,23.35,52.34,24.05.2022 02:50:00,24.05.2022 23:00:00,2022-05-24 13:14:00
85,BP 110/02 (717221),ZSK 70.4,22010410,18:00,78.49,2.31,20.43,42.94,24.05.2022 23:00:00,25.05.2022 20:35:00,2022-05-25 18:00:00
86,BP 110/02 (717221),ZSK 70.5,22010410,18:00,77.37,3.28,21.88,46.81,25.05.2022 00:35:00,25.05.2022 11:50:00,2022-05-25 18:00:00
87,BP 110/02 (717221),ZSK 70.9,22010410,18:00,77.54,3.06,22.12,46.95,25.05.2022 00:35:00,25.05.2022 11:50:00,2022-05-25 18:00:00
88,BP 110/02 (717221),ZSK 70.8,22010367,8:20,73.29,4.8,22.86,51.88,24.05.2022 23:00:00,25.05.2022 20:35:00,2022-05-25 08:20:00
89,BP 110/02 (717221),ZSK 70.8,22010367,18:00,73.38,4.91,22.86,51.94,24.05.2022 23:00:00,25.05.2022 20:35:00,2022-05-25 18:00:00
90,BP 110/02 (717221),ZSK 70.4,22010411,8:30,77.51,3.01,21.02,45.02,24.05.2022 23:00:00,25.05.2022 20:35:00,2022-05-25 08:30:00
91,BP 110/02 (717221),ZSK 70.5,22010411,8:30,76.28,3.86,22.67,49.2,25.05.2022 11:50:00,25.05.2022 21:40:00,2022-05-25 08:30:00
92,BP 110/02 (717221),ZSK 70.9,22010411,8:20,76.63,3.86,21.23,46.58,25.05.2022 11:50:00,25.05.2022 21:40:00,2022-05-25 08:20:00
93,BP 110/02 (717221),ZSK 70.8,22010368,6:00,73.29,4.84,23.02,52.2,25.05.2022 11:50:00,25.05.2022 21:40:00,2022-05-25 06:00:00
94,BP 110/02 (717221),ZSK 70.5,22010412,18:00,75.86,3.89,22.66,49.41,30.05.2022 22:15:00,31.05.2022 21:45:00,2022-05-31 18:00:00
95,BP 110/02 (717221),ZSK 70.9,22010412,18:00,76.49,3.75,22.18,48.17,30.05.2022 22:15:00,31.05.2022 21:45:00,2022-05-31 18:00:00
96,BP 110/02 (717221),ZSK 70.8,22010367,18:00,72.46,5.09,22.85,52.57,30.05.2022 21:25:00,31.05.2022 08:05:00,2022-05-31 18:00:00
97,BP 110/02 (717221),ZSK 70.8,22010367,18:00,73.04,5.17,23.36,53.23,30.05.2022 21:25:00,31.05.2022 08:05:00,2022-05-31 18:00:00
98,BP 110/02 (717221),ZSK 70.8,22010368,11:50,73.51,4.9,23.21,52.47,30.05.2022 21:25:00,31.05.2022 08:05:00,2022-05-31 11:50:00
99,BP 110/02 (717221),ZSK 70.8,22010368,11:15,74.0,4.61,22.86,51.33,30.05.2022 11:45:00,30.05.2022 21:25:00,2022-05-30 11:15:00
100,BP 110/02 (717221),ZSK 70.8,22010368,13:00,73.83,4.87,23.12,52.13,30.05.2022 11:45:00,30.05.2022 21:25:00,2022-05-30 13:00:00
101,BP 110/02 (717221),ZSK 70.8,22010368,15:20,73.15,5.27,23.42,53.4,30.05.2022 11:45:00,30.05.2022 21:25:00,2022-05-30 15:20:00
102,BP 110/02 (717221),ZSK 70.8,22010295,6:00,73.58,4.69,22.38,50.78,30.05.2022 22:15:00,31.05.2022 21:45:00,2022-05-31 06:00:00
103,BP 110/02 (717221),ZSK 70.8,22010297,6:00,73.78,4.59,22.53,50.86,30.05.2022 22:15:00,31.05.2022 21:45:00,2022-05-31 06:00:00
104,BP 110/02 (717221),ZSK 70.8,22010296,18:00,73.9,4.71,22.99,51.72,30.05.2022 22:15:00,31.05.2022 21:45:00,2022-05-31 18:00:00
105,BP 110/02 (717221),ZSK 70.8,22010298,6:00,73.84,4.55,22.76,51.19,30.05.2022 22:15:00,31.05.2022 21:45:00,2022-05-31 06:00:00
106,BP 110/02 (717221),ZSK 70.8,22010297,18:00,74.17,4.67,23.0,51.56,04.04.2022 15:00:00,05.04.2022 10:50:00,2022-04-04 18:00:00
107,BP 110/02 (717221),ZSK 70.8,22010298,10:00,74.5,4.34,22.5,50.21,04.04.2022 15:00:00,05.04.2022 10:50:00,2022-04-05 10:00:00
108,BP 110/02 (717221),ZSK 70.8,22010299,18:00,73.13,4.84,23.01,52.27,04.04.2022 15:00:00,05.04.2022 10:50:00,2022-04-04 18:00:00
109,BP 110/02 (717221),ZSK 70.8,22010299,6:00,73.19,4.87,22.88,52.03,06.04.2022 05:20:00,07.04.2022 01:25:00,2022-04-06 06:00:00
110,BP 110/02 (717221),ZSK 70.5,22010297,10:15,74.16,4.5,24.09,53.27,05.04.2022 10:50:00,06.04.2022 05:20:00,2022-04-06 10:15:00
111,BP 110/02 (717221),ZSK 70.8,22010300,10:15,73.3,4.75,23.01,52.08,07.04.2022 01:25:00,07.04.2022 17:55:00,2022-04-07 10:15:00
112,BP 110/02 (717221),ZSK 70.8,22010300,18:00,74.04,4.15,22.27,49.85,06.04.2022 05:20:00,07.04.2022 01:25:00,2022-04-06 18:00:00
113,BP 110/02 (717221),ZSK 70.8,22010300,8:30,73.56,4.73,23.39,52.6,07.04.2022 01:25:00,07.04.2022 17:55:00,2022-04-07 08:30:00
114,BP 110/02 (717221),ZSK 70.8,22010300,18:00,73.6,4.48,23.11,51.84,07.04.2022 17:55:00,08.04.2022 13:00:00,2022-04-07 18:00:00
115,BP 110/02 (717221),ZSK 70.8,22010300,10:15,73.0,4.8,23.23,52.67,07.04.2022 17:55:00,08.04.2022 13:00:00,2022-04-08 10:15:00
116,BP 110/02 (717221),ZSK 70.8,22010304,18:00,74.28,3.99,22.89,50.66,11.04.2022 11:00:00,12.04.2022 11:30:00,2022-04-11 18:00:00
117,BP 110/02 (717221),ZSK 70.5,22010322,8:30,75.44,3.79,22.63,49.46,11.04.2022 11:00:00,12.04.2022 11:30:00,2022-04-12 08:30:00
118,BP 110/02 (717221),ZSK 70.8,22010305,8:30,72.67,4.91,22.69,52,13.04.2022 05:40:00,14.04.2022 00:01:00,2022-04-13 08:30:00
119,BP 110/02 (717221),ZSK 70.8,22010305,18:00,72.34,5.24,23.35,53.66,12.04.2022 11:30:00,13.04.2022 05:40:00,2022-04-12 18:00:00
120,BP 110/02 (717221),ZSK 70.8,22010305,18:00,72.96,4.94,22.98,52.39,13.04.2022 05:40:00,14.04.2022 00:01:00,2022-04-13 18:00:00
121,BP 110/02 (717221),ZSK 70.8,22010306,6:00,72.87,4.85,22.84,52.1,14.04.2022 00:00:00,14.04.2022 18:20:00,2022-04-14 06:00:00
122,BP 110/02 (717221),ZSK 70.8,22010306,6:00,72.63,5.05,22.97,52.65,14.04.2022 00:00:00,14.04.2022 18:20:00,2022-04-14 06:00:00
123,BP 110/02 (717221),ZSK 70.8,22010306,18:00,73.65,4.73,22.67,51.31,20.04.2022 00:00:00,20.04.2022 00:00:00,2022-04-20 18:00:00
124,BP 110/02 (717221),ZSK 70.8,22010307,6:00,73.31,4.82,22.38,51.05,20.04.2022 00:00:00,20.04.2022 00:00:00,2022-04-20 06:00:00
125,BP 110/02 (717221),ZSK 70.8,22010307,6:00,73.25,4.83,22.57,51.42,20.04.2022 00:00:00,20.04.2022 00:00:00,2022-04-20 06:00:00
126,BP 110/02 (717221),ZSK 70.8,22010309,2:00,73.23,5.04,23.57,53.37,22.04.2022 03:45:00,22.04.2022 22:15:00,2022-04-22 02:00:00
127,BP 110/02 (717221),ZSK 70.8,22010310,6:00,72.67,5.27,23.43,53.65,22.04.2022 03:45:00,22.04.2022 22:15:00,2022-04-22 06:00:00
128,BP 110/02 (717221),ZSK 70.8,22010311,18:00,73.81,4.86,23.16,52.19,22.04.2022 03:45:00,22.04.2022 22:15:00,2022-04-22 18:00:00
129,BP 110/02 (717221),ZSK 70.8,22010368,18:00,74.4,4.5,22.98,51.24,25.04.2022 22:40:00,26.04.2022 17:40:00,2022-04-26 18:00:00
130,BP 110/02 (717221),ZSK 70.8,22010368,15:55,74.02,4.56,22.77,51.13,25.04.2022 22:40:00,26.04.2022 17:40:00,2022-04-26 15:55:00
131,BP 110/02 (717221),ZSK 70.8,22010369,6:00,73.73,4.81,23.49,52.76,25.04.2022 22:40:00,26.04.2022 17:40:00,2022-04-26 06:00:00
132,BP 110/02 (717221),ZSK 70.8,22010369,6:00,74.14,4.51,22.51,50.56,26.04.2022 17:40:00,27.04.2022 12:30:00,2022-04-27 06:00:00
133,BP 110/02 (717221),ZSK 70.9,22010436,6:00,76.42,3.66,21.7,47.29,26.04.2022 17:40:00,27.04.2022 12:30:00,2022-04-27 06:00:00
134,BP 110/02 (717221),ZSK 70.9,22010436,7:40,76.87,3.82,21.88,47.54,27.04.2022 12:30:00,28.04.2022 09:00:00,2022-04-28 07:40:00
135,BP 110/02 (717221),ZSK 70.4,22010436,6:00,77.56,2.68,21.37,45.31,29.04.2022 03:15:00,29.04.2022 21:30:00,2022-04-29 06:00:00
136,BP 110/02 (717221),ZSK 70.5,22010436,6:00,66.99,2.49,15.19,37.86,28.04.2022 09:00:00,29.04.2022 03:15:00,2022-04-29 06:00:00
137,BP 110/02 (717221),ZSK 70.11,99220369,0:16,77.78,3.1,20.03,43.27,30.05.2022 22:15:00,31.05.2022 21:45:00,2022-05-31 00:16:00
138,BP 110/02 (717221),ZSK 70.4,22010435,18:00,78.27,2.9,20.52,43.73,30.05.2022 22:15:00,31.05.2022 21:45:00,2022-05-31 18:00:00
139,BP 110/02 (717221),ZSK 70.5,22010435,18:00,76.59,3.82,22.07,47.99,30.05.2022 22:15:00,31.05.2022 21:45:00,2022-05-31 18:00:00
140,BP 110/02 (717221),ZSK 70.9,22010435,18:00,76.39,4.21,21.63,47.71,30.05.2022 22:15:00,31.05.2022 21:45:00,2022-05-31 18:00:00
141,BP 110/02 (717221),ZSK 70.8,22010369,18:00,74.34,4.52,22.96,51.26,31.05.2022 21:45:00,31.05.2022 23:59:00,2022-05-31 18:00:00
142,BP 110/02 (717221),ZSK 70.4,22010438,6:00,77.4,3.0,21.26,45.47,01.06.2022 00:01:00,01.06.2022 21:40:00,2022-06-01 06:00:00
143,BP 110/02 (717221),ZSK 70.5,22010438,6:00,76.85,3.4,21.26,46.09,31.05.2022 21:45:00,31.05.2022 23:59:00,2022-05-31 06:00:00
144,BP 110/02 (717221),ZSK 70.9,22010438,6:00,76.63,3.73,22.22,48.16,01.06.2022 00:01:00,01.06.2022 21:40:00,2022-06-01 06:00:00
145,BP 110/02 (717221),ZSK 70.4,22010437,18:00,78.81,2.63,19.94,42.26,01.06.2022 04:30:00,01.06.2022 13:10:00,2022-06-01 18:00:00
146,BP 110/02 (717221),ZSK 70.5,22010437,18:00,76.85,3.66,21.45,46.65,01.06.2022 04:30:00,01.06.2022 13:10:00,2022-06-01 18:00:00
147,BP 110/02 (717221),ZSK 70.8,22010371,6:00,74.41,4.53,22.57,50.55,31.05.2022 23:50:00,31.05.2022 23:59:00,2022-05-31 06:00:00
148,BP 110/02 (717221),ZSK 70.5,22010439,18:00,77.08,3.48,21.95,47.25,01.06.2022 04:30:00,01.06.2022 13:10:00,2022-06-01 18:00:00
149,BP 110/02 (717221),ZSK 70.9,22010439,18:00,77.62,3.67,20.82,45.25,01.06.2022 04:30:00,01.06.2022 13:10:00,2022-06-01 18:00:00
150,BP 110/02 (717221),ZSK 70.5,22010441,7:15,75.97,3.85,22.37,48.83,31.05.2022 17:25:00,01.06.2022 04:30:00,2022-06-01 07:15:00
151,BP 110/02 (717221),ZSK 70.4,22010441,6:00,78.11,2.93,20.74,44.21,31.05.2022 17:25:00,01.06.2022 04:30:00,2022-06-01 06:00:00
152,BP 110/02 (717221),ZSK 70.5,22010441,6:00,77.03,3.37,21.35,46.13,31.05.2022 17:25:00,01.06.2022 04:30:00,2022-06-01 06:00:00
153,BP 110/02 (717221),ZSK 70.9,22010441,6:00,77.41,3.6,20.96,45.52,31.05.2022 17:25:00,01.06.2022 04:30:00,2022-06-01 06:00:00
154,BP 110/02 (717221),ZSK 70.8,22010370,18:00,74.56,4.42,22.83,50.83,31.05.2022 17:25:00,01.06.2022 04:30:00,2022-05-31 18:00:00
155,BP 110/02 (717221),ZSK 70.4,22010443,18:00,77.81,3.15,20.7,44.47,31.05.2022 17:25:00,01.06.2022 04:30:00,2022-05-31 18:00:00
156,BP 110/02 (717221),ZSK 70.5,22010443,18:00,76.94,3.55,22.04,47.53,31.05.2022 21:45:00,31.05.2022 23:59:00,2022-05-31 18:00:00
157,BP 110/02 (717221),ZSK 70.9,22010443,18:00,77.62,3.65,21.54,46.48,01.06.2022 00:01:00,01.06.2022 21:40:00,2022-06-01 18:00:00
158,BP 110/02 (717221),ZSK 70.8,22010371,18:00,73.86,4.68,23.41,52.43,01.06.2022 23:15:00,02.06.2022 09:15:00,2022-06-02 18:00:00
159,BP 110/02 (717221),ZSK 70.8,22010371,18:00,74.83,4.11,22.26,49.41,01.06.2022 23:15:00,02.06.2022 09:15:00,2022-06-02 18:00:00
160,BP 110/02 (717221),ZSK 70.8,22010371,18:00,74.4,4.36,22.75,50.71,01.06.2022 23:15:00,02.06.2022 09:15:00,2022-06-02 18:00:00
161,BP 110/02 (717221),ZSK 70.9,22010442,9:15,70.01,6.23,22.02,53.52,01.06.2022 13:10:00,01.06.2022 23:15:00,2022-06-01 09:15:00
162,BP 110/02 (717221),ZSK 70.5,22010442,9:15,68.28,6.9,22.73,56.48,01.06.2022 13:10:00,01.06.2022 23:15:00,2022-06-01 09:15:00
163,BP 110/02 (717221),ZSK 70.8,22010372,11:00,74.34,4.43,22.02,49.55,02.06.2022 09:15:00,02.06.2022 19:20:00,2022-06-02 11:00:00
164,BP 110/02 (717221),ZSK 70.8,22010372,13:15,74.43,4.38,21.84,49.12,02.06.2022 09:15:00,02.06.2022 19:20:00,2022-06-02 13:15:00
165,BP 110/02 (717221),ZSK 70.8,22010372,14:26,73.81,4.68,22.31,50.55,02.06.2022 09:15:00,02.06.2022 19:20:00,2022-06-02 14:26:00
166,BP 110/02 (717221),ZSK 70.8,22010486,6:00,73.24,4.84,22.17,50.73,03.06.2022 05:15:00,03.06.2022 17:30:00,2022-06-03 06:00:00
167,BP 110/02 (717221),ZSK 70.8,22010486,6:00,73.7,4.62,22.16,50.27,03.06.2022 05:15:00,03.06.2022 17:30:00,2022-06-03 06:00:00
168,BP 110/02 (717221),ZSK 70.4,22010446,6:00,77.86,2.76,21.48,45.43,03.06.2022 05:15:00,03.06.2022 17:20:00,2022-06-03 06:00:00
169,BP 110/02 (717221),ZSK 70.5,22010446,6:00,76.23,3.73,22.9,49.5,03.06.2022 05:15:00,03.06.2022 17:20:00,2022-06-03 06:00:00
170,BP 110/02 (717221),ZSK 70.9,22010446,6:00,77.08,3.61,21.01,45.75,03.06.2022 05:15:00,03.06.2022 17:30:00,2022-06-03 06:00:00
171,BP 110/02 (717221),ZSK 70.8,22010372,18:00,73.82,4.69,22.33,50.58,03.06.2022 05:15:00,03.06.2022 17:30:00,2022-06-03 18:00:00
172,BP 110/02 (717221),ZSK 70.8,22010372,18:00,73.85,4.64,22.39,50.63,03.06.2022 05:15:00,03.06.2022 17:30:00,2022-06-03 18:00:00
173,BP 110/02 (717221),ZSK 70.8,22010487,6:00,75.23,4.04,22.01,48.72,01.06.2022 21:40:00,02.06.2022 21:35:00,2022-06-02 06:00:00
174,BP 110/02 (717221),ZSK 70.8,22010487,6:00,75.47,3.97,22.5,49.4,03.06.2022 17:30:00,04.06.2022 02:30:00,2022-06-04 06:00:00
175,BP 110/02 (717221),ZSK 70.8,22010487,18:00,74.72,4.37,22.81,50.67,03.06.2022 17:30:00,04.06.2022 02:30:00,2022-06-03 18:00:00
176,BP 110/02 (717221),ZSK 70.8,22010487,19:00,74.5,4.45,22.86,50.94,03.06.2022 17:30:00,04.06.2022 02:30:00,2022-06-03 19:00:00
177,BP 110/02 (717221),ZSK 70.8,22010487,14:00,74.41,4.48,22.73,50.79,02.06.2022 21:35:00,03.06.2022 21:10:00,2022-06-03 14:00:00
178,BP 110/02 (717221),ZSK 70.8,22010488,18:00,75.27,4.04,22.43,49.43,02.06.2022 21:35:00,03.06.2022 21:10:00,2022-06-03 18:00:00
179,BP 110/02 (717221),ZSK 70.8,22010488,18:00,74.79,4.51,23.19,51.42,02.06.2022 21:35:00,03.06.2022 21:10:00,2022-06-03 18:00:00
180,BP 110/02 (717221),ZSK 70.9,22010450,6:00,75.95,4.2,22.25,48.96,08.06.2022 02:40:00,08.06.2022 10:45:00,2022-06-08 06:00:00
181,BP 110/02 (717221),ZSK 70.4,22010449,18:00,77.45,3.19,21.65,46.31,08.06.2022 02:40:00,08.06.2022 10:45:00,2022-06-08 18:00:00
182,BP 110/02 (717221),ZSK 70.5,22010449,18:00,76.6,3.88,21.68,47.38,08.06.2022 05:20:00,08.06.2022 15:15:00,2022-06-08 18:00:00
183,BP 110/02 (717221),ZSK 70.9,22010449,18:00,74.98,4.7,23.79,52.54,08.06.2022 05:20:00,08.06.2022 15:15:00,2022-06-08 18:00:00
184,BP 110/02 (717221),ZSK 70.8,22010488,12:00,74.76,4.39,22.61,50.32,08.06.2022 05:20:00,08.06.2022 15:15:00,2022-06-08 12:00:00
185,BP 110/02 (717221),ZSK 70.8,22010488,18:00,74.8,4.46,23.0,51.04,08.06.2022 12:00:00,09.06.2022 15:15:00,2022-06-08 18:00:00
186,BP 110/02 (717221),ZSK 70.4,22010452,18:00,0.01,-0.01,0.02,92.18,08.06.2022 12:00:00,09.06.2022 15:15:00,2022-06-08 18:00:00
187,BP 110/02 (717221),ZSK 70.4,22010452,18:00,78.2,2.86,21.08,44.7,08.06.2022 12:00:00,09.06.2022 15:15:00,2022-06-08 18:00:00
188,BP 110/02 (717221),ZSK 70.5,22010452,18:00,77.07,3.39,21.31,46.08,08.06.2022 12:00:00,09.06.2022 15:15:00,2022-06-08 18:00:00
189,BP 110/02 (717221),ZSK 70.9,22010452,18:00,75.78,4.33,22.78,50.08,08.06.2022 12:00:00,09.06.2022 15:15:00,2022-06-08 18:00:00
190,BP 110/02 (717221),70.8,22010489,10:15,75.4,4.15,22.31,49.27,09.06.2022 15:15:00,10.06.2022 17:45:00,2022-06-10 10:15:00
191,BP 110/02 (717221),ZSK 70.8,22010421,6:00,75.21,4.3,22.41,49.67,09.06.2022 15:15:00,10.06.2022 17:45:00,2022-06-10 06:00:00
192,BP 110/02 (717221),ZSK 70.8,22010490,14:00,75.69,4.17,22.72,49.87,09.06.2022 15:15:00,10.06.2022 17:45:00,2022-06-10 14:00:00
193,BP 110/02 (717221),ZSK 70.8,22010490,18:00,75.52,4.17,22.71,49.93,09.06.2022 15:15:00,10.06.2022 17:45:00,2022-06-09 18:00:00
194,BP 110/02 (717221),ZSK 70.8,22010422,8:30,75.95,4.0,21.55,47.56,09.06.2022 15:15:00,10.06.2022 17:45:00,2022-06-10 08:30:00
195,BP 110/02 (717221),ZSK 70.4,22010457,20:05,75.61,3.85,23.01,50.1,09.06.2022 15:15:00,10.06.2022 17:45:00,2022-06-09 20:05:00
196,BP 110/02 (717221),ZSK 70.8,22010421,18:00,75.14,4.03,22.8,50.12,09.06.2022 21:00:00,10.06.2022 07:10:00,2022-06-10 18:00:00
197,BP 110/02 (717221),ZSK 70.9,22010459,8:30,74.5,4.26,24.43,53.43,09.06.2022 21:00:00,10.06.2022 07:10:00,2022-06-10 08:30:00
198,BP 110/02 (717221),ZSK 70.8,22010423,6:00,74.06,4.56,22.69,50.97,10.06.2022 00:00:00,10.06.2022 00:00:00,2022-06-10 06:00:00
199,BP 110/02 (717221),ZSK 70.8,22010423,6:00,75.12,4.38,22.78,50.43,09.06.2022 12:00:00,09.06.2022 21:00:00,2022-06-09 06:00:00
200,BP 110/02 (717221),ZSK 70.8,22010422,18:00,75.91,4.03,22.38,49.04,09.06.2022 12:00:00,09.06.2022 21:00:00,2022-06-09 18:00:00
201,BP 110/02 (717221),ZSK 70.8,22010424,6:00,73.22,4.9,23.03,52.3,09.06.2022 15:15:00,10.06.2022 17:45:00,2022-06-10 06:00:00
202,BP 110/02 (717221),ZSK 70.8,22010423,18:00,73.1,4.79,23.27,52.68,09.06.2022 15:15:00,10.06.2022 17:45:00,2022-06-09 18:00:00
203,BP 110/02 (717221),ZSK 70.8,22010423,18:00,73.58,4.52,23.16,51.99,09.06.2022 15:15:00,10.06.2022 17:45:00,2022-06-09 18:00:00
204,BP 110/02 (717221),ZSK 70.8,22010425,6:00,72.51,5.37,23.5,53.96,09.06.2022 15:15:00,10.06.2022 17:45:00,2022-06-10 06:00:00
205,BP 110/02 (717221),ZSK 70.8,22010425,6:00,72.0,5.32,23.41,54.01,10.06.2022 17:00:00,11.06.2022 02:30:00,2022-06-11 06:00:00
206,BP 110/02 (717221),ZSK 70.4,22010465,6:00,74.89,4.77,23.8,52.67,10.06.2022 17:00:00,11.06.2022 02:30:00,2022-06-11 06:00:00
207,BP 110/02 (717221),ZSK 70.5,22010465,6:00,73.4,5.4,24.12,54.59,10.06.2022 17:00:00,11.06.2022 04:20:00,2022-06-11 06:00:00
208,BP 110/02 (717221),ZSK 70.9,22010465,6:00,73.69,5.26,24.97,55.74,10.06.2022 17:00:00,11.06.2022 02:00:00,2022-06-11 06:00:00
209,BP 110/02 (717221),ZSK 70.4,22010467,18:00,76.27,3.83,22.71,49.25,15.06.2022 01:00:00,15.06.2022 23:00:00,2022-06-15 18:00:00
210,BP 110/02 (717221),ZSK 70.5,22010467,18:00,0.0,0.0,0.0,------,14.06.2022 01:30:00,15.06.2022 01:00:00,2022-06-14 18:00:00
211,BP 110/02 (717221),ZSK 70.5,22010467,18:00,75.18,4.47,22.77,50.48,14.06.2022 01:30:00,15.06.2022 01:00:00,2022-06-14 18:00:00
212,BP 110/02 (717221),ZSK 70.5,22010468,8:30,75.37,3.97,22.11,48.77,15.06.2022 01:00:00,15.06.2022 23:00:00,2022-06-15 08:30:00
213,BP 110/02 (717221),ZSK 70.9,22010468,10:15,73.89,5.2,24.09,54.09,21.06.2022 01:15:00,21.06.2022 23:40:00,2022-06-21 10:15:00
214,BP 110/02 (717221),ZSK 70.9,22010468,10:15,73.95,5.18,24.0,53.88,21.06.2022 01:15:00,21.06.2022 23:40:00,2022-06-21 10:15:00
215,BP 110/02 (717221),ZSK 70.5,22010470,6:00,75.58,4.26,23.58,51.48,21.06.2022 01:15:00,21.06.2022 23:40:00,2022-06-21 06:00:00
216,BP 110/02 (717221),ZSK 70.8,22010427,6:00,73.13,4.95,23.61,53.41,21.06.2022 01:15:00,21.06.2022 23:40:00,2022-06-21 06:00:00
217,BP 110/02 (717221),ZSK 70.4,22010468,18:00,77.22,3.39,21.43,46.21,22.06.2022 20:25:00,23.06.2022 06:55:00,2022-06-23 18:00:00
218,BP 110/02 (717221),ZSK 70.5,22010468,18:00,74.83,4.27,22.98,50.82,22.06.2022 20:25:00,23.06.2022 06:55:00,2022-06-23 18:00:00
219,BP 110/02 (717221),ZSK 70.9,22010468,18:00,76.38,3.97,23.07,49.95,22.06.2022 20:25:00,23.06.2022 06:55:00,2022-06-23 18:00:00
220,BP 110/02 (717221),ZSK 70.8,22010428,6:00,74.4,4.65,23.33,51.99,23.06.2022 17:25:00,24.06.2022 03:15:00,2022-06-24 06:00:00
221,BP 110/02 (717221),ZSK 70.8,22010428,18:00,75.08,4.5,23.63,52.02,23.06.2022 17:25:00,24.06.2022 03:15:00,2022-06-23 18:00:00
222,BP 110/02 (717221),ZSK 70.4,22010472,6:00,76.51,3.63,22.15,48,23.06.2022 17:25:00,24.06.2022 03:15:00,2022-06-24 06:00:00
223,BP 110/02 (717221),ZSK 70.9,22010473,18:00,75.01,4.53,24.45,53.47,28.06.2022 04:10:00,28.06.2022 14:25:00,2022-06-28 18:00:00
224,BP 110/02 (717221),ZSK 70.4,22010476,18:00,77.87,2.92,21.07,44.87,28.06.2022 04:10:00,28.06.2022 14:25:00,2022-06-28 18:00:00
225,BP 110/02 (717221),ZSK 70.5,22010476,18:00,76.45,3.69,23.24,49.95,28.06.2022 04:10:00,28.06.2022 14:25:00,2022-06-28 18:00:00
226,BP 110/02 (717221),ZSK 70.9,22010476,18:00,76.26,3.92,23.22,50.21,28.06.2022 04:10:00,28.06.2022 14:25:00,2022-06-28 18:00:00
227,BP 110/02 (717221),ZSK 70.4,22010477,6:00,76.46,3.5,22.28,48.13,27.06.2022 08:55:00,28.06.2022 10:45:00,2022-06-28 06:00:00
228,BP 110/02 (717221),ZSK 70.5,22010477,6:00,75.17,4.41,23.19,51.14,27.06.2022 08:55:00,28.06.2022 10:45:00,2022-06-28 06:00:00
229,BP 110/02 (717221),ZSK 70.9,22010477,6:00,74.43,4.9,24.19,53.69,27.06.2022 08:55:00,28.06.2022 10:45:00,2022-06-28 06:00:00
230,BP 110/02 (717221),ZSK 70.12,99220416,12:24,75.62,4.44,20.8,46.81,28.06.2022 10:45:00,29.06.2022 17:20:00,2022-06-28 12:24:00
231,BP 110/02 (717221),ZSK 70.8,22010429,18:00,74.31,4.94,24.14,53.7,28.06.2022 10:45:00,29.06.2022 17:20:00,2022-06-28 18:00:00
232,BP 110/02 (717221),ZSK 70.8,22010429,18:00,74.19,4.86,24.0,53.45,28.06.2022 10:45:00,29.06.2022 17:20:00,2022-06-28 18:00:00
233,BP 110/02 (717221),ZSK 70.4,22010478,18:00,76.04,3.76,22.46,48.86,29.06.2022 00:05:00,29.06.2022 10:00:00,2022-06-29 18:00:00
234,BP 110/02 (717221),ZSK 70.5,22010478,18:00,75.49,4.32,23.13,50.81,29.06.2022 00:05:00,29.06.2022 10:00:00,2022-06-29 18:00:00
235,BP 110/02 (717221),ZSK 70.9,22010478,18:00,75.46,4.4,23.49,51.51,29.06.2022 00:05:00,29.06.2022 10:00:00,2022-06-29 18:00:00
236,BP 110/02 (717221),ZSK 70.8,22010430,10:00,73.36,5.34,24.4,55.02,29.06.2022 00:05:00,29.06.2022 10:00:00,2022-06-29 10:00:00
237,BP 110/02 (717221),ZSK 70.8,22010430,18:00,74.15,5.15,23.58,53.03,29.06.2022 21:20:00,30.06.2022 06:50:00,2022-06-30 18:00:00
238,BP 110/02 (717221),ZSK 70.8,22010504,6:00,75.03,4.69,22.99,51.14,29.06.2022 21:20:00,30.06.2022 06:50:00,2022-06-30 06:00:00
239,BP 110/02 (717221),ZSK 70.8,22010504,6:00,74.63,4.88,23.23,51.94,29.06.2022 21:20:00,30.06.2022 06:50:00,2022-06-30 06:00:00
240,BP 110/02 (717221),ZSK 70.8,22010504,6:00,73.87,5.26,24.33,54.57,29.06.2022 10:00:00,29.06.2022 21:20:00,2022-06-29 06:00:00
241,BP 110/02 (717221),ZSK 70.8,22010505,10:26,74.28,5.14,23.85,53.42,29.06.2022 10:00:00,29.06.2022 21:20:00,2022-06-29 10:26:00
242,BP 110/02 (717221),ZSK 70.8,22010505,6:00,75.75,4.18,23.15,50.58,01.07.2022 00:00:00,01.07.2022 03:50:00,2022-07-01 06:00:00
243,BP 110/02 (717221),ZSK 70.8,22010506,6:00,75.5,4.47,22.95,50.63,01.07.2022 00:00:00,01.07.2022 03:50:00,2022-07-01 06:00:00
244,BP 110/02 (717221),ZSK 70.8,22010507,18:00,75.87,4.24,23.55,51.25,01.07.2022 00:00:00,01.07.2022 03:45:00,2022-07-01 18:00:00
245,BP 110/02 (717221),ZSK 70.4,22010520,9:15,76.86,3.39,21.91,47.2,01.07.2022 03:50:00,01.07.2022 14:15:00,2022-07-01 09:15:00
246,BP 110/02 (717221),ZSK 70.5,22010520,9:15,76.28,3.94,22.02,48.17,01.07.2022 03:50:00,01.07.2022 14:15:00,2022-07-01 09:15:00
247,BP 110/02 (717221),ZSK 70.9,22010520,10:15,74.95,4.39,23.19,51.23,01.07.2022 03:50:00,01.07.2022 14:15:00,2022-07-01 10:15:00
248,BP 110/02 (717221),ZSK 70.8,22010507,10:15,78.07,3.38,21.77,46.42,30.06.2022 17:15:00,30.06.2022 23:59:00,2022-06-30 10:15:00
249,BP 110/02 (717221),ZSK 70.8,22010507,13:00,74.69,4.52,23.72,52.39,30.06.2022 17:15:00,30.06.2022 23:59:00,2022-06-30 13:00:00
250,BP 110/02 (717221),ZSK 70.8,22010508,18:00,74.46,4.69,24.1,53.31,30.06.2022 17:15:00,30.06.2022 23:59:00,2022-06-30 18:00:00
251,BP 110/02 (717221),ZSK 70.8,22010508,6:00,75.66,4.2,23.28,50.86,30.06.2022 17:15:00,30.06.2022 23:59:00,2022-06-30 06:00:00
252,BP 110/02 (717221),ZSK 70.8,22010510,12:30,72.85,5.65,24.66,56.04,30.06.2022 17:15:00,30.06.2022 23:59:00,2022-06-30 12:30:00
253,BP 110/02 (717221),ZSK 70.8,22010511,6:00,73.2,5.59,24.83,56.09,30.06.2022 17:15:00,30.06.2022 23:59:00,2022-06-30 06:00:00
254,BP 110/02 (717221),ZSK 70.8,22010510,18:00,73.34,5.63,25.15,56.6,30.06.2022 17:15:00,30.06.2022 23:59:00,2022-06-30 18:00:00
255,BP 110/02 (717221),ZSK 70.8,22010511,18:00,73.14,5.67,24.83,56.2,30.06.2022 17:15:00,30.06.2022 23:59:00,2022-06-30 18:00:00
256,BP 110/02 (717221),ZSK 70.8,22010512,8:30,72.79,5.31,24.41,55.31,01.07.2022 14:15:00,02.07.2022 00:00:00,2022-07-02 08:30:00
257,BP 110/02 (717221),ZSK 70.8,22010512,18:00,73.89,4.92,24.74,54.91,01.07.2022 14:15:00,02.07.2022 00:35:00,2022-07-01 18:00:00
258,BP 110/02 (717221),ZSK 70.8,22010513,6:00,72.4,5.66,24.92,56.74,01.07.2022 14:15:00,02.07.2022 00:20:00,2022-07-02 06:00:00
259,BP 110/02 (717221),ZSK 70.4,22010532,6:00,75.79,3.92,23.45,50.82,06.07.2022 03:00:00,07.07.2022 05:00:00,2022-07-06 06:00:00
260,BP 110/02 (717221),ZSK 70.8,22010514,6:00,72.48,5.58,24.92,56.62,06.07.2022 03:00:00,07.07.2022 05:00:00,2022-07-06 06:00:00
261,BP 110/02 (717221),ZSK 70.4,22010534,6:00,76.37,3.78,23.17,49.95,06.07.2022 03:00:00,07.07.2022 05:00:00,2022-07-06 06:00:00
262,BP 110/02 (717221),ZSK 70.5,22010534,6:00,74.98,4.44,23.58,51.94,07.07.2022 06:30:00,08.07.2022 08:45:00,2022-07-08 06:00:00
263,BP 110/02 (717221),ZSK 70.5,22010537,6:00,74.71,4.83,23.93,53.04,11.07.2022 16:30:00,12.07.2022 18:25:00,2022-07-12 06:00:00
264,BP 110/02 (717221),ZSK 70.9,22010537,6:00,74.78,4.52,23.66,52.24,11.07.2022 16:30:00,12.07.2022 18:25:00,2022-07-12 06:00:00
265,BP 110/02 (717221),ZSK 70.5,22010536,18:00,76.25,4.01,22.55,49.16,13.07.2022 19:25:00,14.07.2022 19:30:00,2022-07-14 18:00:00
266,BP 110/02 (717221),ZSK 70.9,22010536,18:00,75.68,4.2,23.01,50.4,12.07.2022 18:25:00,13.07.2022 19:25:00,2022-07-13 18:00:00
267,BP 110/02 (717221),ZSK 70.8,22010514,18:00,73.29,5.28,24.89,55.83,13.07.2022 19:25:00,14.07.2022 19:30:00,2022-07-14 18:00:00
268,BP 110/02 (717221),ZSK 70.8,22010515,18:00,72.29,5.67,24.92,56.8,14.07.2022 19:30:00,15.07.2022 18:45:00,2022-07-15 18:00:00
269,BP 110/02 (717221),ZSK 70.8,22010515,6:00,70.88,6.26,25.62,59.39,13.07.2022 19:25:00,14.07.2022 19:30:00,2022-07-14 06:00:00
270,BP 110/02 (717221),ZSK 70.8,22010515,6:00,71.93,5.73,25.29,57.7,14.07.2022 19:30:00,15.07.2022 18:45:00,2022-07-15 06:00:00
271,BP 110/02 (717221),ZSK 70.4,22010538,18:00,78.65,2.55,20.62,43.43,18.07.2022 13:00:00,18.07.2022 23:30:00,2022-07-18 18:00:00
272,BP 110/02 (717221),ZSK 70.5,22010538,18:00,75.23,4.42,22.93,50.68,18.07.2022 13:00:00,18.07.2022 23:30:00,2022-07-18 18:00:00
273,BP 110/02 (717221),ZSK 70.4,22010540,18:00,78.94,2.08,20.84,43.26,18.07.2022 13:00:00,18.07.2022 23:30:00,2022-07-18 18:00:00
274,BP 110/02 (717221),ZSK 70.5,22010540,18:00,75.92,3.8,23.61,50.92,18.07.2022 23:30:00,19.07.2022 09:50:00,2022-07-19 18:00:00
275,BP 110/02 (717221),ZSK 70.9,22010540,18:00,76.0,3.7,23.7,50.93,18.07.2022 23:30:00,19.07.2022 09:50:00,2022-07-19 18:00:00
276,BP 110/02 (717221),ZSK 70.8,22010516,18:00,72.53,5.4,25.32,57.08,18.07.2022 23:30:00,19.07.2022 09:50:00,2022-07-19 18:00:00
277,BP 110/02 (717221),ZSK 70.8,22010516,9:30,72.36,5.83,25.55,58.01,20.07.2022 02:40:00,21.07.2022 04:50:00,2022-07-20 09:30:00
278,BP 110/02 (717221),ZSK 70.4,22010542,9:30,76.42,3.59,23.7,50.64,19.07.2022 21:10:00,20.07.2022 06:55:00,2022-07-20 09:30:00
279,BP 110/02 (717221),ZSK 70.5,22010542,9:30,75.7,3.98,23.52,51.03,19.07.2022 21:10:00,20.07.2022 06:55:00,2022-07-20 09:30:00
280,BP 110/02 (717221),ZSK 70.9,22010542,9:30,75.12,4.32,23.72,51.98,19.07.2022 21:10:00,20.07.2022 06:55:00,2022-07-20 09:30:00
281,BP 110/02 (717221),ZSK 70.4,22010542,18:00,76.66,3.47,22.28,48,19.07.2022 09:50:00,19.07.2022 21:10:00,2022-07-19 18:00:00
282,BP 110/02 (717221),ZSK 70.9,22010542,18:00,73.92,5.06,24.87,55.26,19.07.2022 09:50:00,19.07.2022 21:10:00,2022-07-19 18:00:00
283,BP 110/02 (717221),ZSK 70.8,22010517,6:00,74.34,4.74,23.44,52.29,21.07.2022 04:50:00,22.07.2022 12:50:00,2022-07-21 06:00:00
284,BP 110/02 (717221),ZSK 70.8,22010518,18:00,73.72,5.22,23.94,53.94,21.07.2022 03:25:00,21.07.2022 12:40:00,2022-07-21 18:00:00
285,BP 110/02 (717221),ZSK 70.8,22010518,6:00,72.09,5.96,25.14,57.58,21.07.2022 03:25:00,21.07.2022 13:00:00,2022-07-21 06:00:00
286,BP 110/02 (717221),ZSK 70.8,22010518,10:00,72.39,5.69,25.23,57.31,21.07.2022 03:25:00,21.07.2022 09:25:00,2022-07-21 10:00:00
287,BP 110/02 (717221),ZSK 70.8,22010519,6:00,72.62,5.61,24.9,56.53,20.07.2022 17:30:00,21.07.2022 03:25:00,2022-07-21 06:00:00
288,BP 110/02 (717221),ZSK 70.8,22010518,18:00,71.4,6.22,25.57,58.97,20.07.2022 17:30:00,21.07.2022 03:25:00,2022-07-20 18:00:00
289,BP 110/02 (717221),ZSK 70.8,22010622,6:00,71.96,5.78,24.92,57.1,20.07.2022 17:30:00,21.07.2022 03:25:00,2022-07-21 06:00:00
290,BP 110/02 (717221),ZSK 70.8,22010519,18:00,73.33,5.26,24.86,55.75,20.07.2022 02:40:00,21.07.2022 04:50:00,2022-07-20 18:00:00
291,BP 110/02 (717231),ZSK 70.8,22010577,13:15,71.27,6.12,25.3,58.49,21.07.2022 04:50:00,22.07.2022 12:50:00,2022-07-21 13:15:00
292,BP 110/02 (717231),ZSK 70.8,22010577,6:00,71.53,6.12,25.51,58.68,21.07.2022 04:50:00,22.07.2022 12:50:00,2022-07-21 06:00:00
293,BP 110/02 (717231),ZSK 70.8,22010578,18:00,71.7,6.03,25.49,58.48,21.07.2022 04:50:00,22.07.2022 12:50:00,2022-07-21 18:00:00
294,BP 110/02 (717231),ZSK 70.8,22010578,18:00,71.9,5.98,24.8,57.14,22.07.2022 02:20:00,22.07.2022 07:30:00,2022-07-22 18:00:00
295,BP 110/02 (717231),ZSK 70.8,22010578,6:00,72.92,5.54,24.54,55.7,22.07.2022 02:20:00,22.07.2022 07:30:00,2022-07-22 06:00:00
296,BP 110/02 (717231),ZSK 70.8,22010578,6:00,71.87,6.03,25.02,57.57,22.07.2022 02:20:00,22.07.2022 07:30:00,2022-07-22 06:00:00
297,BP 110/02 (717231),ZSK 70.8,22010579,18:00,73.14,5.42,24.94,56.14,21.07.2022 13:00:00,22.07.2022 02:20:00,2022-07-21 18:00:00
298,BP 110/02 (717231),ZSK 70.8,22010579,6:00,72.85,5.52,24.92,56.36,21.07.2022 13:00:00,22.07.2022 02:20:00,2022-07-22 06:00:00
299,BP 110/02 (717231),ZSK 70.4,22010600,6:00,76.67,3.49,21.73,47.07,22.07.2022 07:30:00,22.07.2022 18:05:00,2022-07-22 06:00:00
300,BP 110/02 (717231),ZSK 70.5,22010600,6:00,76.33,3.5,22.73,48.95,22.07.2022 07:30:00,22.07.2022 18:05:00,2022-07-22 06:00:00
301,BP 110/02 (717231),ZSK 70.9,22010600,6:00,77.18,3.48,21.51,46.45,22.07.2022 07:30:00,22.07.2022 18:05:00,2022-07-22 06:00:00
302,BP 110/02 (717231),ZSK 70.8,22010581,18:00,73.14,5.47,24.45,55.36,25.07.2022 08:50:00,26.07.2022 00:35:00,2022-07-25 18:00:00
303,BP 110/02 (717231),ZSK 70.8,22010581,10:30,71.78,5.76,24.72,56.83,25.07.2022 08:50:00,26.07.2022 00:50:00,2022-07-25 10:30:00
304,BP 110/02 (712331),ZSK 70.5,22010603,10:30,76.86,3.64,21.45,46.63,25.07.2022 08:50:00,26.07.2022 00:25:00,2022-07-25 10:30:00
305,BP 110/02 (712331)),ZSK 70.4,22010603,10:30,77.09,3.24,21.86,46.87,25.07.2022 08:50:00,26.07.2022 00:35:00,2022-07-25 10:30:00
306,BP 110/02 (717221),ZSK 70.4,22010604,6:00,74.69,4.44,23.02,51.13,25.07.2022 08:50:00,26.07.2022 00:25:00,2022-07-26 06:00:00
307,BP 110/02 (717221),ZSK 70.5,22010604,6:00,74.14,4.84,23.93,53.33,25.07.2022 16:45:00,26.07.2022 16:30:00,2022-07-26 06:00:00
308,BP 110/02 (717221),ZSK 70.9,22010604,6:00,74.4,4.7,23.64,52.57,25.07.2022 16:45:00,26.07.2022 16:30:00,2022-07-26 06:00:00
309,BP 110/02 (717231),ZSK 70.8,22010581,18:00,72.67,5.65,25.05,56.8,26.07.2022 16:30:00,27.07.2022 18:45:00,2022-07-26 18:00:00
310,BP 110/02 (717221),ZSK 70.5,22010605,9:00,75.52,4.2,22.79,50.09,26.07.2022 16:30:00,27.07.2022 18:45:00,2022-07-27 09:00:00
311,BP 110/02 (717221),ZSK 70.4,22010605,18:00,76.02,3.65,23.17,49.98,26.07.2022 16:30:00,27.07.2022 18:45:00,2022-07-26 18:00:00
312,BP 110/02 (717221),ZSK 70.9,22010605,9:00,74.01,4.71,24.4,54.07,27.07.2022 18:45:00,28.07.2022 18:00:00,2022-07-28 09:00:00
313,BP 110/02 (717221),ZSK 70.5,22010605,9:45,74.86,4.6,22.96,51.08,26.07.2022 16:30:00,27.07.2022 18:45:00,2022-07-27 09:45:00
314,BP 110/02 (717231),ZSK 70.8,22010583,6:00,73.53,5.26,24.23,54.58,28.07.2022 18:00:00,29.07.2022 11:15:00,2022-07-29 06:00:00
315,BP 110/02 (717221),ZSK 70.4,22010607,6:00,75.42,4.25,23.03,50.6,27.07.2022 18:45:00,28.07.2022 18:00:00,2022-07-28 06:00:00
316,BP 110/02 (717221),ZSK 70.5,22010607,6:00,75.35,4.29,23.43,51.36,08.08.2022 10:30:00,09.08.2022 11:50:00,2022-08-09 06:00:00
317,BP 110/02 (717221),ZSK 70.9,22010607,6:00,74.84,4.78,23.6,52.36,08.08.2022 10:30:00,09.08.2022 11:50:00,2022-08-09 06:00:00
318,BP 110/02 (717231),ZSK 70.8,22010582,18:00,72.17,5.61,24.89,56.77,09.08.2022 11:50:00,10.08.2022 13:15:00,2022-08-09 18:00:00
319,BP 110/02 (717221),ZSK 70.4,22010605,18:00,75.63,4.18,23.41,51.07,09.08.2022 11:50:00,10.08.2022 13:15:00,2022-08-09 18:00:00
320,BP 110/02 (717221),ZSK 70.5,22010605,18:00,74.37,4.89,23.04,51.75,09.08.2022 11:50:00,10.08.2022 13:15:00,2022-08-09 18:00:00
321,BP 110/02 (717221),ZSK 70.9,22010605,18:00,74.54,4.74,24.29,53.65,09.08.2022 11:50:00,10.08.2022 13:15:00,2022-08-09 18:00:00
322,BP 110/02 (717231),ZSK 70.8,22010584,6:00,72.68,5.48,24.36,55.46,10.08.2022 13:15:00,11.08.2022 11:00:00,2022-08-11 06:00:00
323,BP 110/02 (717221),ZSK 70.4,22010609,6:00,75.24,4.14,23.51,51.4,10.08.2022 13:15:00,11.08.2022 11:00:00,2022-08-11 06:00:00
324,BP 110/02 (717221),ZSK 70.4,22010608,18:00,76.1,3.85,22.7,49.34,11.08.2022 11:00:00,12.08.2022 12:00:00,2022-08-11 18:00:00
325,BP 110/02 (717221),ZSK 70.5,22010608,18:00,74.85,4.62,23.7,52.38,11.08.2022 11:00:00,12.08.2022 12:00:00,2022-08-11 18:00:00
326,BP 110/02 (717221),ZSK 70.5,22010611,6:00,74.3,4.81,23.35,52.23,15.08.2022 22:30:00,16.08.2022 09:00:00,2022-08-16 06:00:00
327,BP 110/02 (717221),ZSK 70.9,22010611,6:00,74.14,4.7,23.36,52.22,15.08.2022 22:30:00,16.08.2022 09:00:00,2022-08-16 06:00:00
328,BP 110/02 (717221),ZSK 70.9,22010610,18:00,73.72,5.21,24.9,55.56,15.08.2022 22:30:00,16.08.2022 09:00:00,2022-08-16 18:00:00
329,BP 110/02 (717221),ZSK 70.4,22010612,18:00,74.83,4.58,24.19,53.18,16.08.2022 09:00:00,16.08.2022 19:40:00,2022-08-16 18:00:00
330,BP 110/02 (717221),ZSK 70.5,22010612,18:00,75.08,4.3,23.55,51.71,16.08.2022 09:00:00,16.08.2022 19:40:00,2022-08-16 18:00:00
331,BP 110/02 (717221),ZSK 70.9,22010612,18:00,74.09,4.97,24.11,53.79,16.08.2022 09:00:00,16.08.2022 19:40:00,2022-08-16 18:00:00
332,BP 110/02 (717231),ZSK 70.8,22010587,8:45,72.29,5.62,24.41,55.9,16.08.2022 09:00:00,16.08.2022 19:40:00,2022-08-16 08:45:00
333,BP 110/02 (717221),ZSK 70.8,22010586,18:00,72.05,5.79,24.67,56.64,16.08.2022 19:50:00,17.08.2022 19:40:00,2022-08-17 18:00:00
334,BP 110/02 (717221),ZSK 70.8,22010586,18:00,72.33,5.72,24.1,55.43,17.08.2022 05:30:00,17.08.2022 15:30:00,2022-08-17 18:00:00
335,BP 110/02 (717231),ZSK 70.4,22010585,12:30,75.72,4.21,22.7,49.85,17.08.2022 05:40:00,17.08.2022 15:30:00,2022-08-17 12:30:00
336,BP 110/02 (717221),ZSK 70.8,22010585,12:30,72.57,5.69,24.72,56.33,17.08.2022 05:40:00,17.08.2022 15:30:00,2022-08-17 12:30:00
337,BP 110/02 (717231),ZSK 70.4,22010585,18:00,75.67,4.11,22.97,50.24,15.08.2022 20:10:00,16.08.2022 19:50:00,2022-08-16 18:00:00
338,BP 110/02 (717231),ZSK 70.8,22010585,18:00,72.07,6.07,25.41,58.16,16.08.2022 09:00:00,16.08.2022 19:40:00,2022-08-16 18:00:00
339,BP 110/02 (717221),ZSK 70.4,22010585,18:00,75.25,4.19,23.02,50.61,16.08.2022 09:00:00,16.08.2022 19:40:00,2022-08-16 18:00:00
340,BP 110/02 (717231),ZSK 70.8,22010588,6:00,71.45,5.9,24.8,57.3,16.08.2022 09:00:00,16.08.2022 19:40:00,2022-08-16 06:00:00
341,BP 110/02 (717231),ZSK 70.8,22010587,18:00,72.32,5.68,24.72,56.46,17.08.2022 19:40:00,18.08.2022 08:35:00,2022-08-18 18:00:00
342,BP 110/02 (717231),ZSK 70.8,22010588,10:00,72.02,5.73,24.75,56.74,17.08.2022 19:40:00,18.08.2022 08:35:00,2022-08-18 10:00:00
343,BP 110/02 (717231),ZSK 70.8,22010588,18:00,72.17,5.91,25.18,57.56,18.08.2022 01:45:00,18.08.2022 11:50:00,2022-08-18 18:00:00
344,BP 110/02 (717231),ZSK 70.8,22010588,6:00,72.15,5.69,24.68,56.49,18.08.2022 01:45:00,18.08.2022 11:50:00,2022-08-18 06:00:00
345,BP 110/02 (717221),ZSK 70.8,22010588,6:00,72.01,5.89,24.91,57.17,18.08.2022 01:45:00,18.08.2022 11:50:00,2022-08-18 06:00:00
346,BP 110/02 (717231),ZSK 70.8,22010589,18:00,72.29,5.7,24.98,56.94,16.08.2022 19:50:00,17.08.2022 19:40:00,2022-08-17 18:00:00
347,BP 110/02 (717231),ZSK 70.8,22010589,6:00,72.45,5.68,24.81,56.55,17.08.2022 15:30:00,18.08.2022 01:45:00,2022-08-18 06:00:00
348,BP 110/02 (717231),ZSK 70.8,22010590,18:00,71.54,6.2,25.07,58.03,17.08.2022 15:30:00,18.08.2022 01:45:00,2022-08-17 18:00:00
349,BP 110/02 (717231),ZSK 70.8,22010590,6:00,71.65,5.96,24.86,57.35,17.08.2022 15:30:00,18.08.2022 01:45:00,2022-08-18 06:00:00
350,BP 110/02 (717231),ZSK 70.8,22010590,6:00,71.93,5.75,24.7,56.72,18.08.2022 20:00:00,19.08.2022 22:00:00,2022-08-19 06:00:00
351,BP 110/02 (717221),ZSK 70.4,22010661,8:30,74.43,4.58,23.09,51.49,18.08.2022 23:00:00,19.08.2022 09:00:00,2022-08-19 08:30:00
352,BP 110/02 (717221),ZSK 70.4,22010661,8:30,72.93,5.15,24.9,55.91,18.08.2022 23:00:00,19.08.2022 09:00:00,2022-08-19 08:30:00
353,BP 110/02 (717221),ZSK 70.5,22010661,12:30,70.86,5.79,24.99,57.85,18.08.2022 23:00:00,19.08.2022 09:00:00,2022-08-19 12:30:00
354,BP 110/02 (717231),ZSK 70.8,22010638,15:00,72.33,5.74,24.95,56.91,18.08.2022 11:50:00,18.08.2022 23:00:00,2022-08-18 15:00:00
355,BP 110/02 (717221),ZSK 70.4,22010661,18:00,75.1,4.66,22.53,50.29,18.08.2022 11:50:00,18.08.2022 23:00:00,2022-08-18 18:00:00
356,BP 110/02 (717221),ZSK 70.5,22010661,18:00,72.84,5.53,24.64,55.9,19.08.2022 09:00:00,19.08.2022 19:20:00,2022-08-19 18:00:00
357,BP 110/02 (717231),ZSK 70.8,22010638,18:00,72.06,5.78,24.78,56.81,19.08.2022 09:00:00,19.08.2022 19:20:00,2022-08-19 18:00:00
358,BP 110/02 (717231),ZSK 70.8,22010638,6:00,72.43,5.65,24.66,56.28,19.08.2022 09:00:00,19.08.2022 19:20:00,2022-08-19 06:00:00
359,BP 110/02 (717221),ZSK 70.5,22010662,6:00,73.88,4.73,24.06,53.59,18.08.2022 20:00:00,19.08.2022 22:00:00,2022-08-19 06:00:00
360,BP 110/02 (717221),ZSK 70.4,22010663,6:00,76.01,3.68,23.11,49.92,18.08.2022 20:00:00,19.08.2022 22:00:00,2022-08-19 06:00:00
361,BP 110/02 (717221),ZSK 70.5,22010663,6:00,75.11,4.27,23.03,50.77,18.08.2022 11:45:00,18.08.2022 14:45:00,2022-08-18 06:00:00
362,BP 110/02 (717231),ZSK 70.8,22010639,6:00,72.75,5.49,24.46,55.6,18.08.2022 11:45:00,18.08.2022 21:05:00,2022-08-18 06:00:00
363,BP 110/02 (717231),ZSK 70.8,22010639,6:00,72.13,5.75,24.53,56.31,18.08.2022 11:45:00,18.08.2022 14:45:00,2022-08-18 06:00:00
364,BP 110/02 (717231),ZSK 70.8,22010639,13:00,72.2,5.54,24.55,56.1,18.08.2022 11:45:00,18.08.2022 21:05:00,2022-08-18 13:00:00
365,BP 110/02 (717231),ZSK 70.8,22010639,15:27,71.92,5.79,24.84,56.99,18.08.2022 11:45:00,18.08.2022 14:45:00,2022-08-18 15:27:00
366,BP 110/02 (717221),ZSK 70.4,22010665,6:00,75.7,3.81,23.27,50.46,23.08.2022 04:00:00,24.08.2022 08:30:00,2022-08-23 06:00:00
367,BP 110/02 (717231),ZSK 70.8,22010640,18:00,72.39,5.59,24.5,55.97,23.08.2022 04:00:00,24.08.2022 08:30:00,2022-08-23 18:00:00
368,BP 110/02 (717231),ZSK 70.8,22010640,18:00,71.26,6.17,24.82,57.71,23.08.2022 04:00:00,24.08.2022 08:30:00,2022-08-23 18:00:00
369,BP 110/02 (717231),ZSK 70.8,22010640,6:00,72.81,5.6,24.56,55.85,23.08.2022 04:00:00,24.08.2022 08:30:00,2022-08-23 06:00:00
370,BP 110/02 (717231),ZSK 70.8,22010640,6:00,72.83,5.51,24.34,55.37,23.08.2022 04:00:00,24.08.2022 08:30:00,2022-08-23 06:00:00
371,BP 110/02 (717231),ZSK 70.8,22010640,8:15,72.75,5.34,24.19,54.98,24.08.2022 08:30:00,25.08.2022 09:10:00,2022-08-25 08:15:00
372,BP 110/02 (717221),ZSK 70.4,22010664,18:00,75.3,4.09,22.29,49.23,24.08.2022 08:30:00,25.08.2022 09:10:00,2022-08-24 18:00:00
373,BP 110/02 (717221),ZSK 70.5,22010664,18:00,75.41,4.11,22.89,50.23,25.08.2022 09:10:00,26.08.2022 08:45:00,2022-08-25 18:00:00
374,BP 110/02 (717221),ZSK 70.4,22010667,6:00,76.05,3.78,22.63,49.16,25.08.2022 09:10:00,26.08.2022 08:45:00,2022-08-26 06:00:00
375,BP 110/02 (717221),ZSK 70.5,22010667,6:00,75.67,4.02,22.76,49.8,25.08.2022 09:10:00,26.08.2022 08:45:00,2022-08-26 06:00:00
376,BP 110/02 (717231),ZSK 70.8,22010641,7:20,71.68,5.5,23.71,54.89,25.08.2022 09:10:00,26.08.2022 08:45:00,2022-08-26 07:20:00
377,BP 110/02 (717231),ZSK 70.8,22010641,6:00,71.93,5.51,23.99,55.25,05.09.2022 08:00:00,06.09.2022 01:45:00,2022-09-06 06:00:00
378,BP 110/02 (717231),ZSK 70.8,22010641,10:00,71.99,5.46,23.91,55.02,05.09.2022 08:00:00,06.09.2022 01:45:00,2022-09-05 10:00:00
379,BP 110/02 (717231),ZSK 70.8,22010641,18:00,72.22,5.68,24.58,56.28,05.09.2022 11:45:00,06.09.2022 01:45:00,2022-09-05 18:00:00
380,BP 110/02 (717231),ZSK 70.8,22010641,18:00,71.55,6.04,24.68,57.19,05.09.2022 14:00:00,06.09.2022 14:00:00,2022-09-05 18:00:00
381,BP 110/02 (717231),ZSK 70.8,22010641,6:00,72.52,5.58,24.57,56,05.09.2022 08:00:00,06.09.2022 01:45:00,2022-09-06 06:00:00
382,BP 110/02 (717221),ZSK 70.4,22010666,18:00,75.29,4.28,24.17,52.63,05.09.2022 11:45:00,06.09.2022 01:45:00,2022-09-05 18:00:00
383,BP 110/02 (717221),ZSK 70.5,22010666,18:00,74.7,4.56,23.44,51.94,05.09.2022 14:00:00,06.09.2022 14:00:00,2022-09-05 18:00:00
384,BP 110/02 (717221),ZSK 70.5,22010667,18:00,75.17,4.21,22.39,49.57,05.09.2022 14:00:00,06.09.2022 14:00:00,2022-09-05 18:00:00
385,BP 110/02 (717221),ZSK 70.4,22010667,18:00,76.63,3.43,21.09,45.92,06.09.2022 01:45:00,06.09.2022 16:35:00,2022-09-06 18:00:00
386,BP 110/02 (717221),ZSK 70.4,22010668,9:15,76.28,3.45,22.19,48,06.09.2022 01:45:00,06.09.2022 16:35:00,2022-09-06 09:15:00
387,BP 110/02 (717221),ZSK 70.8,22010642,11:15,70.21,6.2,25.05,58.73,06.09.2022 16:35:00,07.09.2022 07:15:00,2022-09-07 11:15:00
388,BP 110/02 (717221),ZSK 70.4,22010669,6:00,75.45,3.99,22.96,50.22,06.09.2022 16:35:00,07.09.2022 07:15:00,2022-09-07 06:00:00
389,BP 110/02 (717221),ZSK 70.5,22010669,6:00,74.19,4.64,22.79,51.16,06.09.2022 14:00:00,07.09.2022 14:10:00,2022-09-07 06:00:00
390,BP 110/02 (717221),ZSK 70.4,22010668,18:00,74.96,3.87,21.66,48.08,06.09.2022 14:00:00,07.09.2022 14:10:00,2022-09-06 18:00:00
391,BP 110/02 (717221),ZSK 70.5,22010668,18:00,74.89,4.44,23.64,52.09,06.09.2022 14:00:00,07.09.2022 14:10:00,2022-09-06 18:00:00
392,BP 110/02 (717231),ZSK 70.6,22010642,6:00,71.29,5.88,24.83,57.42,06.09.2022 14:00:00,07.09.2022 14:10:00,2022-09-07 06:00:00
393,BP 110/02 (717231),ZSK 70.8,22010642,6:00,71.98,5.61,24.44,56.11,07.09.2022 22:45:00,08.09.2022 13:25:00,2022-09-08 06:00:00
394,BP 110/02 (717231),ZSK 70.8,22010642,18:00,70.37,6.34,24.75,58.28,07.09.2022 22:45:00,08.09.2022 13:25:00,2022-09-08 18:00:00
395,BP 110/02 (717231),ZSK 70.8,22010642,18:00,70.46,6.12,24.66,57.84,07.09.2022 14:10:00,08.09.2022 12:45:00,2022-09-07 18:00:00
396,BP 110/02 (717231),ZSK 70.8,22010642,10:15,71.31,5.92,24.78,57.35,07.09.2022 14:10:00,08.09.2022 12:45:00,2022-09-08 10:15:00
397,BP 110/02 (717221),ZSK 70.4,22010671,6:00,75.7,4.11,23.09,50.43,07.09.2022 14:10:00,08.09.2022 12:45:00,2022-09-08 06:00:00
398,BP 110/02 (717221),ZSK 70.5,22010671,6:00,74.94,4.23,23.1,50.92,07.09.2022 14:10:00,08.09.2022 12:45:00,2022-09-08 06:00:00
399,BP 110/02 (717231),ZSK 70.8,22010643,18:00,72.77,5.5,24.27,55.27,07.09.2022 14:10:00,08.09.2022 12:45:00,2022-09-07 18:00:00
400,BP 110/02 (717231),ZSK 70.8,22010643,18:00,71.19,6.15,24.98,58,07.09.2022 07:15:00,07.09.2022 22:45:00,2022-09-07 18:00:00
401,BP 110/02 (717231),ZSK 70.8,22010643,6:00,72.17,5.67,24.28,55.77,07.09.2022 07:15:00,07.09.2022 22:45:00,2022-09-07 06:00:00
402,BP 110/02 (717231),ZSK 70.8,22010643,6:00,72.09,5.78,24.3,55.98,09.09.2022 04:15:00,09.09.2022 19:10:00,2022-09-09 06:00:00
403,BP 110/02 (717221),ZSK 70.4,22010670,18:00,76.0,3.74,22.37,48.7,09.09.2022 04:15:00,09.09.2022 19:10:00,2022-09-09 18:00:00
404,BP 110/02 (717221),ZSK 70.5,22010670,18:00,75.4,4.14,22.88,50.25,08.09.2022 12:45:00,09.09.2022 13:00:00,2022-09-08 18:00:00
405,BP 110/02 (717221),ZSK 70.4,22010672,6:00,74.93,4.4,23.43,51.66,08.09.2022 12:45:00,09.09.2022 13:00:00,2022-09-09 06:00:00
406,BP 110/02 (717221),ZSK 70.5,22010672,6:00,74.27,4.56,23.49,52.24,08.09.2022 12:45:00,09.09.2022 13:00:00,2022-09-09 06:00:00
407,BP 110/02 (717231),ZSK 70.8,22010644,18:00,73.26,5.32,24.33,54.94,08.09.2022 12:45:00,09.09.2022 13:00:00,2022-09-08 18:00:00
408,BP 110/02 (717231),ZSK 70.6,22010644,6:00,72.17,5.7,24.6,56.36,08.09.2022 12:45:00,09.09.2022 13:00:00,2022-09-09 06:00:00
409,BP 110/02 (717221),ZSK 70.8,22010644,6:00,71.96,5.75,24.58,56.49,08.09.2022 12:45:00,09.09.2022 13:00:00,2022-09-09 06:00:00
410,BP 110/02 (717221),ZSK 70.4,22010671,18:00,76.58,3.52,22.2,47.94,08.09.2022 13:25:00,09.09.2022 04:15:00,2022-09-08 18:00:00
411,BP 110/02 (717221),ZSK 70.5,22010671,18:00,75.06,4.11,22.97,50.53,08.09.2022 13:25:00,09.09.2022 04:15:00,2022-09-08 18:00:00
412,BP 110/02 (717221),ZSK 70.4,22010674,6:00,76.45,3.14,21.65,46.7,09.09.2022 04:15:00,09.09.2022 19:10:00,2022-09-09 06:00:00
413,BP 110/02 (717221),ZSK 70.5,22010674,6:00,74.75,4.17,23.5,51.65,09.09.2022 04:15:00,09.09.2022 19:10:00,2022-09-09 06:00:00
414,BP 110/02 (717231),ZSK 70.8,22010645,6:00,71.42,5.9,24.99,57.64,12.09.2022 07:00:00,12.09.2022 22:40:00,2022-09-12 06:00:00
415,BP 110/02 (717231),ZSK 70.8,22010645,18:00,70.21,6.23,24.76,58.26,12.09.2022 08:15:00,13.09.2022 10:15:00,2022-09-12 18:00:00
416,BP 110/02 (717231),ZSK 70.8,22010645,18:00,72.09,5.68,24.47,56.15,12.09.2022 22:40:00,13.09.2022 13:50:00,2022-09-13 18:00:00
417,BP 110/02 (717231),ZSK 70.8,22010644,18:00,70.57,6.34,25.3,59.1,12.09.2022 22:40:00,13.09.2022 13:50:00,2022-09-13 18:00:00
418,BP 110/02 (717221),ZSK 70.4,22010673,18:00,75.28,4.2,23.26,51,12.09.2022 07:00:00,12.09.2022 22:40:00,2022-09-12 18:00:00
419,BP 110/02 (717221),ZSK 70.5,22010673,18:00,73.88,4.66,23.01,51.71,12.09.2022 07:20:00,12.09.2022 22:40:00,2022-09-12 18:00:00
420,BP 110/02 (717231),ZSK 70.8,22010646,9:15,71.13,6.0,24.47,57,12.09.2022 08:15:00,13.09.2022 10:15:00,2022-09-12 09:15:00
421,BP 110/02 (717221),ZSK 70.4,22010675,9:00,75.17,4.05,23.0,50.48,12.09.2022 08:15:00,13.09.2022 10:15:00,2022-09-12 09:00:00
422,BP 110/02 (717221),ZSK 70.5,22010675,9:00,73.31,4.67,22.66,51.4,12.09.2022 08:15:00,13.09.2022 10:15:00,2022-09-12 09:00:00
423,BP 110/02 (717221),ZSK 70.5,22010675,9:45,73.81,4.93,23.58,53,12.09.2022 08:15:00,13.09.2022 10:15:00,2022-09-12 09:45:00
424,BP 110/02 (717221),ZSK 70.5,22010675,10:45,74.18,4.72,23.98,53.28,14.09.2022 04:30:00,14.09.2022 14:30:00,2022-09-14 10:45:00
425,BP 110/02 (717231),ZSK 70.8,22010646,6:00,75.14,4.37,23.27,51.25,14.09.2022 04:30:00,14.09.2022 14:30:00,2022-09-14 06:00:00
426,BP 110/02 (717231),ZSK 70.8,22010646,18:00,74.19,4.56,22.94,51.34,13.09.2022 10:15:00,14.09.2022 14:30:00,2022-09-13 18:00:00
427,BP 110/02 (717221),ZSK 70.4,22010675,18:00,76.5,3.63,22.43,48.48,13.09.2022 10:15:00,14.09.2022 14:30:00,2022-09-13 18:00:00
428,BP 110/02 (717221),ZSK 70.5,22010675,18:00,75.61,4.3,22.31,49.31,13.09.2022 10:15:00,14.09.2022 14:30:00,2022-09-13 18:00:00
429,BP 110/02 (717221),ZSK 70.4,22010676,6:00,76.64,3.4,20.64,45.1,13.09.2022 10:15:00,14.09.2022 14:30:00,2022-09-14 06:00:00
430,BP 110/02 (717221),ZSK 70.5,22010676,6:00,75.4,4.28,22.8,50.23,13.09.2022 13:50:00,14.09.2022 04:30:00,2022-09-14 06:00:00
431,BP 110/02 (717221),ZSK 70.4,22010695,18:00,76.24,3.53,21.61,47.1,13.09.2022 13:50:00,14.09.2022 04:30:00,2022-09-13 18:00:00
432,BP 110/02 (717221),ZSK 70.5,22010695,18:00,76.61,3.48,22.1,47.72,14.09.2022 20:00:00,15.09.2022 10:55:00,2022-09-15 18:00:00
433,BP 110/02 (717221),ZSK 70.4,22010695,6:00,77.0,3.01,20.57,44.45,14.09.2022 00:00:00,15.09.2022 10:55:00,2022-09-14 06:00:00
434,BP 110/02 (717221),ZSK 70.5,22010695,6:00,75.86,3.89,22.29,48.77,14.09.2022 14:30:00,15.09.2022 17:00:00,2022-09-15 06:00:00
435,BP 110/02 (717231),ZSK 70.8,22010647,9:35,74.47,4.7,23.38,52.09,14.09.2022 14:30:00,15.09.2022 17:00:00,2022-09-15 09:35:00
436,BP 110/02 (717231),ZSK 70.8,22010647,18:00,75.19,4.3,22.8,50.36,14.09.2022 04:30:00,14.09.2022 14:30:00,2022-09-14 18:00:00
437,BP 110/02 (717221),ZSK 70.4,22010696,6:00,77.09,3.25,21.53,46.3,14.09.2022 04:30:00,14.09.2022 14:30:00,2022-09-14 06:00:00
438,BP 110/02 (717221),ZSK 70.5,22010696,6:00,74.17,5.0,23.8,53.24,16.09.2022 02:15:00,16.09.2022 17:30:00,2022-09-16 06:00:00
439,BP 110/02 (717231),ZSK 70.8,22010648,18:00,73.12,5.16,24.14,54.52,16.09.2022 02:15:00,16.09.2022 17:30:00,2022-09-16 18:00:00
440,BP 110/02 (717231),ZSK 70.8,22010648,6:00,73.96,4.74,23.73,52.99,15.09.2022 17:00:00,16.09.2022 20:50:00,2022-09-16 06:00:00
441,BP 110/02 (717221),ZSK 70.4,22010698,6:45,76.85,3.32,21.23,45.96,15.09.2022 17:00:00,16.09.2022 20:50:00,2022-09-16 06:45:00
442,BP 110/02 (717221),ZSK 70.5,22010698,6:45,75.73,4.21,22.59,49.66,15.09.2022 17:00:00,16.09.2022 20:50:00,2022-09-16 06:45:00
443,BP 110/02 (717231),ZSK 70.8,22010649,18:00,72.87,5.08,23.83,54.05,15.09.2022 17:00:00,16.09.2022 20:50:00,2022-09-15 18:00:00
444,BP 110/02 (717231),ZSK 70.8,22010649,6:45,73.31,5.19,23.77,53.82,15.09.2022 17:00:00,16.09.2022 20:50:00,2022-09-16 06:45:00
445,BP 110/02 (717221),ZSK 70.4,22010697,18:00,76.73,3.35,21.54,46.58,15.09.2022 17:00:00,16.09.2022 20:50:00,2022-09-15 18:00:00
446,BP 110/02 (717231),ZSK 70.8,22010650,8:00,73.25,5.09,23.31,52.97,14.09.2022 14:30:00,15.09.2022 17:00:00,2022-09-15 08:00:00
447,BP 110/02 (717231),ZSK 70.8,22010650,8:00,72.94,5.23,24.04,54.52,15.09.2022 10:55:00,16.09.2022 02:15:00,2022-09-16 08:00:00
448,BP 110/02 (717231),ZSK 70.8,22010650,6:00,73.31,5.05,23.36,52.98,15.09.2022 10:55:00,16.09.2022 02:15:00,2022-09-16 06:00:00
449,BP 110/02 (717231),ZSK 70.8,22010650,6:00,72.93,5.36,24.07,54.7,15.09.2022 17:00:00,16.09.2022 20:50:00,2022-09-16 06:00:00
450,BP 110/02 (717231),ZSK 70.8,22010651,6:00,73.65,4.91,23.36,52.67,15.09.2022 17:00:00,16.09.2022 20:50:00,2022-09-16 06:00:00
451,BP 110/02 (717231),ZSK 70.8,22010652,18:00,73.64,4.86,22.88,51.8,19.09.2022 09:45:00,20.09.2022 09:45:00,2022-09-19 18:00:00
452,BP 110/02 (717231),ZSK 70.8,22010652,6:00,72.8,5.06,23.68,53.81,19.09.2022 09:00:00,20.09.2022 01:00:00,2022-09-20 06:00:00
453,BP 110/02 (717231),ZSK 70.8,22010652,6:00,72.19,5.45,23.51,54.22,19.09.2022 09:00:00,20.09.2022 01:00:00,2022-09-20 06:00:00
454,BP 110/02 (717231),ZSK 70.8,22010702,11:30,73.93,4.71,22.78,51.33,19.09.2022 09:00:00,20.09.2022 01:00:00,2022-09-19 11:30:00
455,BP 110/02 (717231),ZSK 70.8,22010702,18:30,74.67,4.71,22.72,50.87,19.09.2022 09:00:00,20.09.2022 01:00:00,2022-09-19 18:30:00
456,BP 110/02 (717231),ZSK 70.8,22010702,6:00,74.13,5.01,23.1,52.07,19.09.2022 09:45:00,20.09.2022 09:45:00,2022-09-20 06:00:00
457,BP 110/02 (717231),ZSK 70.8,22010702,6:00,74.06,4.77,22.63,51.07,19.09.2022 09:45:00,20.09.2022 09:45:00,2022-09-20 06:00:00
458,BP 110/02 (717231),ZSK 70.8,22010702,9:10,74.24,4.63,22.38,50.41,19.09.2022 09:00:00,20.09.2022 01:00:00,2022-09-19 09:10:00
459,BP 110/02 (717221),ZSK 70.8,22010704,6:00,75.02,4.32,22.27,49.54,19.09.2022 09:00:00,20.09.2022 01:00:00,2022-09-20 06:00:00
460,BP 110/02 (717221),ZSK 70.8,22010704,6:00,73.03,5.37,24.04,54.6,20.09.2022 01:00:00,20.09.2022 16:10:00,2022-09-20 06:00:00
461,BP 110/02 (717231),ZSK 70.8,22010705,10:45,75.07,4.27,22.36,49.62,20.09.2022 01:00:00,20.09.2022 16:10:00,2022-09-20 10:45:00
462,BP 110/02 (717231),ZSK 70.8,22010705,11:05,74.6,4.58,22.74,50.82,20.09.2022 16:10:00,21.09.2022 06:45:00,2022-09-21 11:05:00
463,BP 110/02 (717231),ZSK 70.8,22010705,18:00,74.61,4.47,22.48,50.25,20.09.2022 16:10:00,21.09.2022 06:45:00,2022-09-20 18:00:00
464,BP 110/02 (717231),ZSK 70.8,22010705,6:15,74.74,4.55,22.63,50.52,20.09.2022 16:10:00,21.09.2022 06:45:00,2022-09-21 06:15:00
465,BP 110/02 (717231),ZSK 70.8,22010705,6:00,75.19,4.34,22.41,49.72,20.09.2022 16:10:00,21.09.2022 06:45:00,2022-09-21 06:00:00
466,BP 110/02 (717231),ZSK 70.9,22010748,18:00,73.55,5.09,24.3,54.51,22.09.2022 09:45:00,21.09.2022 11:00:00,2022-09-22 18:00:00
467,BP 110/02 (7172231),ZSK 70.5,22010750,6:00,74.83,4.64,23.62,52.26,21.09.2022 06:45:00,22.09.2022 07:00:00,2022-09-22 06:00:00
468,BP 110/02 (717231),ZSK 70.4,22010749,18:00,76.79,3.37,22.09,47.52,21.09.2022 06:45:00,22.09.2022 11:45:00,2022-09-21 18:00:00
469,BP 110/02 (717231),ZSK 70.9,22010749,18:00,75.01,4.58,23.36,51.68,21.09.2022 11:00:00,21.09.2022 09:40:00,2022-09-21 18:00:00
470,BP 110/02 (717231),ZSK 70.8,22010707,18:00,75.88,4.15,22.34,49.09,21.09.2022 11:00:00,21.09.2022 09:40:00,2022-09-21 18:00:00
471,BP 110/02 (717231),ZSK 70.8,22010707,6:00,75.82,4.18,22.28,49.06,23.09.2022 06:05:00,23.09.2022 21:45:00,2022-09-23 06:00:00
472,BP 110/02 (717231),ZSK 70.8,22010707,9:00,75.38,4.38,22.33,49.54,23.09.2022 06:05:00,23.09.2022 21:45:00,2022-09-23 09:00:00
473,BP 110/02 (717231),ZSK 70.4,22010751,6:00,77.23,3.21,22.13,47.24,22.09.2022 09:45:00,23.09.2022 13:00:00,2022-09-23 06:00:00
474,BP 110/02 (717231),ZSK 70.9,22010751,6:00,75.88,4.12,22.53,49.39,22.09.2022 09:45:00,23.09.2022 13:00:00,2022-09-23 06:00:00
475,BP 110/02 (717231),ZSK 70.4,22010750,18:00,76.74,3.43,21.56,46.69,22.09.2022 08:30:00,23.09.2022 06:05:00,2022-09-22 18:00:00
476,BP 110/02 (717231),ZSK 70.9,22010750,18:00,75.11,4.26,23.0,50.71,26.09.2022 06:30:00,27.09.2022 07:00:00,2022-09-26 18:00:00
477,BP 110/02 (717231),ZSK 70.4,22010754,18:00,76.83,3.33,21.19,45.91,26.09.2022 06:30:00,27.09.2022 07:00:00,2022-09-26 18:00:00
478,BP 110/02 (717231),ZSK 70.9,22010754,18:00,75.71,4.0,22.92,50.04,26.09.2022 06:30:00,27.09.2022 07:00:00,2022-09-26 18:00:00
479,BP 110/02 (717231),ZSK 70.8,22010708,7:30,74.05,4.88,23.06,51.93,26.09.2022 06:30:00,27.09.2022 07:00:00,2022-09-26 07:30:00
480,BP 110/02 (717231),ZSK 70.8,22010708,6:00,73.46,5.18,23.87,53.91,27.09.2022 06:30:00,28.09.2022 13:00:00,2022-09-28 06:00:00
481,BP 110/02 (717221),ZSK 70.8,22010709,18:00,73.42,5.14,23.75,53.7,29.09.2022 12:15:00,30.09.2022 12:40:00,2022-09-29 18:00:00
482,BP 110/02 (717221),ZSK 70.8,22010710,18:00,74.0,4.96,23.23,52.32,29.09.2022 12:15:00,30.09.2022 12:40:00,2022-09-29 18:00:00
483,BP 110/02 (717221),ZSK 70.8,22010710,6:00,73.9,4.97,22.87,51.76,29.09.2022 12:15:00,30.09.2022 12:40:00,2022-09-30 06:00:00
484,BP 110/02 (717221),ZSK 70.8,22010711,13:00,73.32,5.06,23.67,53.53,04.10.2022 10:30:00,05.10.2022 12:15:00,2022-10-04 13:00:00
485,BP 110/02 (717221),ZSK 70.8,22010712,6:20,74.54,4.74,23.11,51.63,04.10.2022 10:30:00,05.10.2022 12:15:00,2022-10-05 06:20:00
486,BP 110/02 (717221),ZSK 70.8,22010712,6:50,74.53,4.75,23.21,51.81,04.10.2022 10:30:00,05.10.2022 12:15:00,2022-10-05 06:50:00
487,BP 110/02 (717221),ZSK 70.8,22010711,18:00,75.13,4.46,22.98,50.86,04.10.2022 10:30:00,05.10.2022 12:15:00,2022-10-04 18:00:00
488,BP 110/02 (717221),ZSK 70.8,22010712,9:44,74.73,4.6,23.05,51.31,04.10.2022 10:30:00,05.10.2022 12:15:00,2022-10-05 09:44:00
489,BP 110/02 (717221),ZSK 70.8,22010713,6:51,75.9,4.2,22.12,48.77,06.10.2022 13:40:00,07.10.2022 15:45:00,2022-10-07 06:51:00
490,BP 110/02 (717221),ZSK 70.8,22010713,10:03,76.0,4.03,21.76,47.93,06.10.2022 13:40:00,07.10.2022 15:45:00,2022-10-07 10:03:00
491,BP 110/02 (717221),ZSK 70.8,22010712,18:15,75.11,4.57,23.29,51.51,10.10.2022 08:15:00,11.10.2022 10:30:00,2022-10-10 18:15:00
492,BP 110/02 (717221),ZSK 70.8,22010713,18:15,73.37,5.31,23.88,54.11,10.10.2022 08:15:00,11.10.2022 10:30:00,2022-10-10 18:15:00
493,BP 110/02 (717221),ZSK 70.8,22010714,8:20,74.39,5.0,23.02,51.82,10.10.2022 08:15:00,11.10.2022 10:30:00,2022-10-10 08:20:00
494,BP 110/02 (717221),ZSK 70.8,22010714,9:30,75.01,4.3,21.76,48.65,10.10.2022 08:15:00,11.10.2022 10:30:00,2022-10-10 09:30:00
495,BP 110/02 (717221),ZSK 70.8,22010714,18:21,75.93,4.16,22.27,48.97,10.10.2022 08:15:00,11.10.2022 10:30:00,2022-10-10 18:21:00
496,BP 110/02 (717221),ZSK 70.8,22010766,19:19,76.03,4.07,21.88,48.15,13.10.2022 01:40:00,13.10.2022 20:50:00,2022-10-13 19:19:00
497,BP 110/02 (717221),ZSK 70.8,22010766,18:00,77.07,3.59,20.71,45.22,12.10.2022 07:00:00,13.10.2022 01:40:00,2022-10-12 18:00:00
498,BP 110/02 (717231),ZSK 70.8,22010765,12:18,75.36,4.25,22.08,48.98,12.10.2022 04:25:00,13.10.2022 01:40:00,2022-10-12 12:18:00
499,BP 110/02 (717221),ZSK 70.8,22010767,6:05,76.81,3.61,20.84,45.56,12.10.2022 10:45:00,13.10.2022 00:00:00,2022-10-13 06:05:00
500,BP 110/02 (717231),ZSK 70.8,22010767,10:00,76.24,3.85,21.67,47.49,12.10.2022 10:45:00,13.10.2022 00:00:00,2022-10-13 10:00:00
501,BP 110/02 (717231),ZSK 70.8,22010765,18:00,75.8,4.32,22.13,48.93,12.10.2022 10:45:00,13.10.2022 00:00:00,2022-10-12 18:00:00
502,BP 110/02 (717231),ZSK 70.8,22010765,4:24,75.76,4.24,22.07,48.76,13.10.2022 20:50:00,14.10.2022 15:25:00,2022-10-14 04:24:00
503,BP 110/02 (717231),ZSK 70.8,22010767,18:00,76.07,3.89,21.85,47.91,13.10.2022 20:50:00,14.10.2022 15:25:00,2022-10-14 18:00:00
504,BP 110/02 (717231),ZSK 70.8,22010771,7:00,75.74,4.0,21.76,48.02,13.10.2022 01:40:00,13.10.2022 20:50:00,2022-10-13 07:00:00
505,BP 110/02 (717231),ZSK 70.8,22010771,9:33,75.24,4.22,22.23,49.27,13.10.2022 01:40:00,13.10.2022 20:50:00,2022-10-13 09:33:00
506,BP 110/02 (717231),ZSK 70.8,22010771,18:00,75.44,4.29,22.42,49.57,14.10.2022 15:25:00,15.10.2022 04:00:00,2022-10-14 18:00:00
507,BP 110/02 (717221),ZSK 70.8,22010772,6:00,75.05,4.41,22.27,49.62,14.10.2022 15:25:00,15.10.2022 04:00:00,2022-10-15 06:00:00
508,BP 110/02 (717221),ZSK 70.8,22010772,18:00,75.09,4.55,22.89,50.8,25.10.2022 07:15:00,26.10.2022 07:45:00,2022-10-25 18:00:00
509,BP 110/02 (717221),ZSK 70.8,22010772,10:10,75.56,4.15,22.26,49.11,25.10.2022 07:15:00,26.10.2022 07:45:00,2022-10-25 10:10:00
510,BP 110/02 (717231),ZSK 70.8,22010773,18:33,75.8,4.05,22.03,48.51,26.10.2022 07:45:00,27.10.2022 11:50:00,2022-10-26 18:33:00
511,BP 110/02 (717231),ZSK 70.8,22010773,9:48,75.67,4.16,22.1,48.8,27.10.2022 11:50:00,28.10.2022 12:00:00,2022-10-28 09:48:00
512,BP 110/02 (717221),ZSK 70.5,22010797,9:48,77.15,2.45,19.27,41.57,27.10.2022 11:50:00,28.10.2022 12:00:00,2022-10-28 09:48:00
513,BP 110/02 (717221),ZSK 70.4,22010797,10:24,76.67,2.41,19.32,41.81,02.11.2022 00:01:00,02.11.2022 22:40:00,2022-11-02 10:24:00
514,BP 110/02 (717221),ZSK 70.9,22010797,11:10,76.06,3.79,22.01,48.1,02.11.2022 00:01:00,02.11.2022 22:40:00,2022-11-02 11:10:00
515,BP 110/02 (717221),ZSK 70.8,22010774,7:13,75.29,4.32,22.62,50.02,02.11.2022 00:01:00,02.11.2022 22:40:00,2022-11-02 07:13:00
516,BP 110/02 (717221),ZSK 70.8,22010774,11:01,74.53,4.6,22.98,51.28,28.10.2022 12:00:00,29.10.2022 04:00:00,2022-10-29 11:01:00
517,BP 110/02 (717221),ZSK 70.4,22010803,6:26,78.12,2.79,20.14,43.03,02.11.2022 00:01:00,02.11.2022 22:40:00,2022-11-02 06:26:00
518,BP 110/02 (717221),ZSK 70.5,22010803,6:26,77.05,3.32,21.69,46.67,02.11.2022 00:01:00,02.11.2022 22:40:00,2022-11-02 06:26:00
519,BP 110/02 (717221),ZSK 70.9,22010803,6:27,76.66,3.75,21.48,46.88,02.11.2022 00:01:00,02.11.2022 22:40:00,2022-11-02 06:27:00
520,BP 110/02 (717231),ZSK 70.8,22010775,6:24,76.13,3.87,21.44,47.16,28.10.2022 12:00:00,29.10.2022 04:00:00,2022-10-29 06:24:00
521,BP 110/02 (717231),ZSK 70.8,22010776,9:51,75.07,4.49,22.17,49.5,04.11.2022 00:01:00,05.11.2022 02:20:00,2022-11-04 09:51:00
522,BP 110/02 (717221),ZSK 70.8,22010777,18:00,75.35,4.23,22.02,48.87,04.11.2022 00:01:00,05.11.2022 02:20:00,2022-11-04 18:00:00
523,BP 110/02 (717221),ZSK 70.4,22010806,18:00,77.98,2.66,20.07,42.85,04.11.2022 00:01:00,05.11.2022 02:20:00,2022-11-04 18:00:00
524,BP 110/02 (717221),ZSK 70.5,22010806,18:00,77.18,3.19,20.96,45.22,04.11.2022 00:01:00,05.11.2022 02:20:00,2022-11-04 18:00:00
525,BP 110/02 (717221),ZSK 70.9,22010806,18:00,77.44,3.29,21.12,45.49,04.11.2022 00:01:00,05.11.2022 02:20:00,2022-11-04 18:00:00
526,BP 110/02 (717231),ZSK 70.8,22010780,6:00,74.24,4.62,22.03,49.79,04.11.2022 00:01:00,05.11.2022 02:20:00,2022-11-04 06:00:00
527,BP 110/02 (717221),ZSK 70.8,22010780,18:00,75.32,4.41,22.25,49.45,04.11.2022 00:01:00,05.11.2022 02:20:00,2022-11-04 18:00:00
528,BP 110/02 (717221),ZSK 70.8,22010824,6:00,75.15,4.29,22.11,49.18,04.11.2022 00:01:00,05.11.2022 02:20:00,2022-11-04 06:00:00
529,BP 110/02 (717221),ZSK 70.8,22010824,8:40,75.05,4.31,21.83,48.75,04.11.2022 00:01:00,05.11.2022 02:20:00,2022-11-04 08:40:00
530,BP 110/02 (717221),ZSK 70.8,22010828,18:17,75.46,4.22,22.11,48.97,09.11.2022 09:50:00,10.11.2022 11:50:00,2022-11-09 18:17:00
531,BP 110/02 (717221),ZSK 70.8,22010828,6:00,74.98,4.46,22.26,49.69,09.11.2022 09:50:00,10.11.2022 11:50:00,2022-11-10 06:00:00
532,BP 110/02 (717221),ZSK 70.8,22010828,6:17,74.59,4.45,22.49,50.26,10.11.2022 11:45:00,11.11.2022 18:20:00,2022-11-11 06:17:00
533,BP 110/02 (717221),ZSK 70.8,22010829,18:00,74.99,4.29,22.52,49.96,10.11.2022 11:45:00,11.11.2022 18:20:00,2022-11-10 18:00:00
534,BP 110/02 (717221),ZSK 70.8,22010829,6:00,75.07,4.34,22.15,49.33,10.11.2022 11:45:00,11.11.2022 18:20:00,2022-11-11 06:00:00
535,BP 110/02 (717221),ZSK 70.8,22010830,18:00,74.99,4.54,22.58,50.31,15.11.2022 03:40:00,16.11.2022 04:20:00,2022-11-15 18:00:00
536,BP 110/02 (717221),ZSK 70.8,22010830,18:27,74.94,4.47,22.72,50.5,15.11.2022 03:40:00,16.11.2022 04:20:00,2022-11-15 18:27:00
537,BP 110/02 (717221),ZSK 70.5,22010841,10:39,77.89,2.73,20.28,43.32,15.11.2022 03:40:00,16.11.2022 04:20:00,2022-11-15 10:39:00
538,BP 110/02 (717221),ZSK 70.8,22010830,9:40,74.71,4.37,22.58,50.27,16.11.2022 12:15:00,17.11.2022 12:20:00,2022-11-17 09:40:00
539,BP 110/02 (717221),ZSK 70.9,22010841,12:39,78.36,2.89,19.29,41.52,16.11.2022 12:15:00,17.11.2022 12:20:00,2022-11-16 12:39:00
540,BP 110/02 (717221),ZSK 70.8,22010830,14:15,74.7,4.47,22.54,50.3,16.11.2022 12:15:00,17.11.2022 12:20:00,2022-11-16 14:15:00
541,BP 110/02 (717221),ZSK 70.8,22010831,7:00,75.1,4.26,22.05,49.06,17.11.2022 12:20:00,18.11.2022 13:30:00,2022-11-18 07:00:00
542,BP 110/02 (717221),ZSK 70.4,22010843,7:02,77.16,3.41,19.31,42.54,17.11.2022 12:20:00,18.11.2022 13:30:00,2022-11-18 07:02:00
543,BP 110/02 (717221),ZSK 70.5,22010843,7:03,76.41,3.71,20.79,45.76,17.11.2022 12:20:00,18.11.2022 13:30:00,2022-11-18 07:03:00
544,BP 110/02 (717221),ZSK 70.9,22010841,18:00,77.37,3.4,21.54,46.35,21.11.2022 09:00:00,21.11.2022 20:15:00,2022-11-21 18:00:00
545,BP 110/02 (717221),ZSK 70.9,22010843,11:19,77.76,3.13,20.5,44.12,21.11.2022 09:00:00,21.11.2022 20:15:00,2022-11-21 11:19:00
546,BP 110/02 (717221),ZSK 70.8,22010831,18:00,74.43,4.51,22.35,50.14,21.11.2022 09:00:00,21.11.2022 20:15:00,2022-11-21 18:00:00
547,BP 110/02 (717221),ZSK 70.9,22010844,18:00,73.61,4.75,23.35,52.52,21.11.2022 09:00:00,21.11.2022 20:15:00,2022-11-21 18:00:00
548,BP 110/02 (717221),ZSK 70.4,22010845,6:43,77.12,3.15,19.62,42.85,21.11.2022 09:00:00,21.11.2022 20:15:00,2022-11-21 06:43:00
549,BP 110/02 (717221),ZSK 70.5,22010845,6:43,75.89,3.52,21.09,46.31,21.11.2022 09:00:00,21.11.2022 20:15:00,2022-11-21 06:43:00
550,BP 110/02 (717221),ZSK 70.9,22010845,6:44,75.29,4.16,22.58,49.8,23.11.2022 00:45:00,24.11.2022 07:40:00,2022-11-23 06:44:00
551,BP 110/02 (717221),ZSK 70.9,22010846,18:00,75.86,3.98,22.94,49.98,24.11.2022 03:00:00,24.11.2022 14:00:00,2022-11-24 18:00:00
552,BP 110/02 (717221),ZSK 70.8,22010832,6:54,75.3,4.15,22.2,49.12,24.11.2022 03:00:00,24.11.2022 14:00:00,2022-11-24 06:54:00
553,BP 110/02 (717221),ZSK 70.4,22010847,6:56,77.57,3.03,20.18,43.56,24.11.2022 03:00:00,24.11.2022 14:00:00,2022-11-24 06:56:00
554,BP 110/02 (717221),ZSK 70.5,22010847,6:56,76.92,3.34,20.99,45.53,23.11.2022 00:45:00,24.11.2022 07:40:00,2022-11-23 06:56:00
555,BP 110/02 (717221),ZSK 70.9,22010847,6:57,75.6,4.11,22.98,50.29,23.11.2022 00:45:00,24.11.2022 07:40:00,2022-11-23 06:57:00
556,BP 110/02 (717221),ZSK 70.8,22010831,18:00,76.38,3.69,21.4,46.8,23.11.2022 00:45:00,24.11.2022 07:40:00,2022-11-23 18:00:00
557,BP 110/02 (717221),ZSK 70.4,23100005,10:10,76.42,3.81,20.4,45.16,24.11.2022 07:40:00,25.11.2022 10:00:00,2022-11-24 10:10:00
558,BP 110/02 (717221),ZSK 70.5,23100005,10:10,76.11,3.48,20.63,45.38,24.11.2022 07:40:00,25.11.2022 10:00:00,2022-11-24 10:10:00
559,BP 110/02 (717221),ZSK 70.4,23010005,18:00,77.28,3.12,19.29,42.17,25.11.2022 10:00:00,26.11.2022 03:00:00,2022-11-25 18:00:00
560,BP 110/02 (717221),ZSK 70.5,23010005,18:00,76.28,3.48,21.33,46.54,25.11.2022 10:00:00,26.11.2022 03:00:00,2022-11-25 18:00:00
561,BP 110/02 (717221),ZSK 70.9,23010005,18:00,74.62,4.1,22.0,49.05,25.11.2022 10:00:00,26.11.2022 03:00:00,2022-11-25 18:00:00
562,BP 110/02 (717221),ZSK 70.4,23010007,6:43,76.35,3.45,20.05,44.22,28.11.2022 19:35:00,29.11.2022 19:10:00,2022-11-29 06:43:00
563,BP 110/02 (717221),ZSK 70.5,23010007,6:43,75.83,3.59,21.52,47.18,28.11.2022 19:35:00,29.11.2022 19:10:00,2022-11-29 06:43:00
564,BP 110/02 (717221),ZSK 70.4,23010008,18:00,76.8,3.15,19.74,43.2,29.11.2022 19:10:00,30.11.2022 18:20:00,2022-11-30 18:00:00
565,BP 110/02 (717221),ZSK 70.5,23010008,18:00,74.6,3.86,21.39,47.75,28.11.2022 19:35:00,29.11.2022 19:10:00,2022-11-29 18:00:00
566,BP 110/02 (717221),ZSK 70.9,23010008,18:00,77.48,3.06,21.38,45.7,30.11.2022 19:00:00,30.11.2022 23:59:00,2022-11-30 18:00:00
567,BP 110/02 (717221),ZSK 70.4,23010009,7:09,75.08,3.56,21.49,47.43,01.12.2022 00:01:00,01.12.2022 18:45:00,2022-12-01 07:09:00
568,BP 110/02 (717221),ZSK 70.5,23010009,7:11,74.51,3.95,22.39,49.64,30.11.2022 19:00:00,30.11.2022 23:59:00,2022-11-30 07:11:00
569,BP 110/02 (717221),ZSK 70.9,23010009,7:11,77.41,3.18,21.69,46.38,01.12.2022 00:01:00,01.12.2022 18:45:00,2022-12-01 07:11:00
570,BP 110/02 (717221),ZSK 70.8,23010000,6:00,74.71,4.49,22.49,50.24,29.11.2022 19:10:00,30.11.2022 18:20:00,2022-11-30 06:00:00
571,BP 110/02 (717221),ZSK 70.8,23010000,7:11,75.24,4.06,21.65,48.12,30.11.2022 19:00:00,30.11.2022 23:59:00,2022-11-30 07:11:00
572,BP 110/02 (717221),ZSK 70.9,23010010,18:00,77.82,3.13,20.56,44.2,01.12.2022 00:01:00,01.12.2022 18:45:00,2022-12-01 18:00:00
573,BP 110/02 (717221),ZSK 70.5,23010010,18:00,73.84,4.26,22.3,50.1,01.12.2022 18:45:00,02.12.2022 01:00:00,2022-12-02 18:00:00
574,BP 110/02 (717221),ZSK 70.4,23010010,18:00,75.89,3.53,21.19,46.51,01.12.2022 18:45:00,02.12.2022 01:00:00,2022-12-02 18:00:00
575,BP 110/02 (717221),ZSK 70.8,23010001,6:00,74.72,4.41,22.34,49.9,06.12.2022 08:00:00,07.12.2022 09:40:00,2022-12-07 06:00:00
576,BP 110/02 (717221),ZSK 70.5,23010011,6:14,75.87,3.45,20.3,44.87,06.12.2022 08:00:00,07.12.2022 09:40:00,2022-12-07 06:14:00
577,BP 110/02 (717221),ZSK 70.9,23010011,6:14,77.92,3.24,20.56,44.26,06.12.2022 08:00:00,07.12.2022 09:40:00,2022-12-07 06:14:00
578,BP 110/02 (717221),ZSK 70.4,23010012,18:00,77.44,3.06,19.99,43.3,06.12.2022 08:00:00,07.12.2022 09:40:00,2022-12-06 18:00:00
579,BP 110/02 (717221),ZSK 70.5,23010012,18:00,75.87,3.55,22.77,49.28,07.12.2022 09:40:00,08.12.2022 12:25:00,2022-12-07 18:00:00
580,BP 110/02 (717221),ZSK 70.9,23010012,18:00,78.02,2.84,21.2,44.96,07.12.2022 09:40:00,08.12.2022 12:25:00,2022-12-07 18:00:00
581,BP 110/02 (717221),ZSK 70.8,23010001,18:00,75.87,3.67,21.23,46.72,07.12.2022 09:40:00,08.12.2022 12:25:00,2022-12-07 18:00:00
582,BP 110/02 (717221),ZSK 70.8,23010001,18:00,74.69,4.41,22.29,49.83,07.12.2022 09:40:00,08.12.2022 12:25:00,2022-12-07 18:00:00
583,BP 110/02 (717221),ZSK 70.8,23010002,6:00,74.22,4.6,22.84,51.19,08.12.2022 12:25:00,09.12.2022 14:30:00,2022-12-09 06:00:00
584,BP 110/02 (717221),ZSK 70.8,23010002,6:13,73.83,4.37,21.91,49.52,08.12.2022 12:25:00,09.12.2022 14:30:00,2022-12-09 06:13:00
585,BP 110/02 (717221),ZSK 70.5,23010013,6:14,76.17,3.5,22.05,47.85,08.12.2022 12:25:00,09.12.2022 14:30:00,2022-12-09 06:14:00
586,BP 110/02 (717221),ZSK 70.4,23010015,18:00,78.37,2.22,17.02,36.83,12.12.2022 12:00:00,12.12.2022 20:45:00,2022-12-12 18:00:00
587,BP 110/02 (717221),ZSK 70.5,23010015,18:00,76.91,2.54,19.19,41.6,12.12.2022 08:30:00,12.12.2022 20:45:00,2022-12-12 18:00:00
588,BP 110/02 (717221),ZSK 70.9,23010015,18:00,78.85,2.82,20.17,42.83,12.12.2022 08:30:00,12.12.2022 20:45:00,2022-12-12 18:00:00
589,BP 110/02 (717221),ZSK 70.8,23010002,1:14,75.18,4.21,21.86,48.65,12.12.2022 12:00:00,12.12.2022 20:45:00,2022-12-12 01:14:00
590,BP 110/02 (717221),ZSK 70.8,23010003,6:00,73.13,4.93,23.13,52.55,13.12.2022 06:30:00,13.12.2022 17:30:00,2022-12-13 06:00:00
591,BP 110/02 (717221),ZSK 70.8,23010003,8:40,75.22,4.07,21.53,47.91,13.12.2022 06:30:00,13.12.2022 17:30:00,2022-12-13 08:40:00
592,BP 110/02 (717221),ZSK 70.8,23010003,18:00,74.76,4.24,22.34,49.72,12.12.2022 12:00:00,12.12.2022 20:45:00,2022-12-12 18:00:00
593,BP 110/02 (717221),ZSK 70.8,23010004,6:00,72.03,5.42,23.74,54.68,12.12.2022 08:30:00,12.12.2022 20:45:00,2022-12-12 06:00:00
594,BP 110/02 (717221),ZSK 70.8,23010004,11:00,74.13,4.61,22.57,50.79,12.12.2022 12:00:00,12.12.2022 20:45:00,2022-12-12 11:00:00
595,BP 110/02 (717221),ZSK 70.8,23010004,18:05,74.76,4.33,22.62,50.28,13.12.2022 06:30:00,13.12.2022 17:30:00,2022-12-13 18:05:00
596,BP 110/02 (717221),ZSK 70.8,23010016,18:00,75.9,3.77,21.34,47,13.12.2022 17:30:00,14.12.2022 05:40:00,2022-12-13 18:00:00
597,BP 110/02 (717221),ZSK 70.8,23010016,15:29,75.93,4.04,21.94,48.28,13.12.2022 17:30:00,14.12.2022 05:40:00,2022-12-14 15:29:00
598,BP 110/02 (717221),ZSK 70.8,23010017,18:12,76.61,3.68,21.28,46.48,13.12.2022 17:30:00,14.12.2022 05:40:00,2022-12-13 18:12:00
599,BP 110/02 (717221),ZSK 70.8,23010017,12:19,74.56,4.45,22.5,50.29,14.12.2022 05:40:00,14.12.2022 16:30:00,2022-12-14 12:19:00
600,BP 110/02 (717221),ZSK 70.8,23010017,18:15,74.56,4.49,22.54,50.4,14.12.2022 05:40:00,14.12.2022 16:30:00,2022-12-14 18:15:00
601,BP 110/02 (717221),ZSK 70.8,23010018,6:05,74.24,4.62,23.1,51.64,14.12.2022 05:40:00,14.12.2022 16:30:00,2022-12-14 06:05:00
602,BP 110/02 (717221),ZSK 70.8,23010018,18:10,76.21,3.87,21.96,48.03,14.12.2022 16:30:00,15.12.2022 02:55:00,2022-12-14 18:10:00
603,BP 110/02 (717221),ZSK 70.8,23010019,6:17,75.12,4.14,21.93,48.74,14.12.2022 16:30:00,15.12.2022 02:55:00,2022-12-15 06:17:00
604,BP 110/02 (717221),ZSK 70.8,23010019,10:20,73.89,4.77,22.89,51.6,15.12.2022 05:40:00,16.12.2022 01:30:00,2022-12-15 10:20:00
605,BP 110/02 (717221),ZSK 70.8,23010019,17:45,74.03,4.68,22.63,51,15.12.2022 06:00:00,15.12.2022 16:00:00,2022-12-15 17:45:00
606,BP 110/02 (717221),ZSK 70.8,23010020,6:00,72.96,5.25,23.33,53.3,15.12.2022 06:00:00,15.12.2022 16:00:00,2022-12-15 06:00:00
607,BP 110/02 (717221),ZSK 70.8,23010020,6:05,73.35,4.93,22.95,52.12,15.12.2022 06:00:00,15.12.2022 16:00:00,2022-12-15 06:05:00
608,BP 110/02 (717221),ZSK 70.4,23010025,8:58,75.56,4.05,20.74,46.37,02.01.2023 09:30:00,02.01.2023 23:10:00,2023-01-02 08:58:00
609,BP 110/02 (717221),ZSK 70.5,23010025,8:57,75.17,4.14,22.4,49.53,02.01.2023 09:30:00,02.01.2023 23:10:00,2023-01-02 08:57:00
610,BP 110/02 (717221),ZSK 70.9,23010025,8:56,74.05,4.78,23.74,53,02.01.2023 10:00:00,02.01.2023 23:10:00,2023-01-02 08:56:00
611,BP 110/02 (717221),ZSK 70.8,23010022,9:36,74.98,4.32,22.01,49.11,03.01.2023 06:00:00,03.01.2023 16:00:00,2023-01-03 09:36:00
612,BP 110/02 (717221),ZSK 70.4,23010027,6:37,76.68,3.61,19.93,44.03,03.01.2023 06:00:00,03.01.2023 16:00:00,2023-01-03 06:37:00
613,BP 110/02 (717221),ZSK 70.5,23010027,6:37,75.39,3.89,21.7,47.97,03.01.2023 06:00:00,03.01.2023 16:00:00,2023-01-03 06:37:00
614,BP 110/02 (717221),ZSK 70.9,23010027,6:39,73.81,4.96,23.84,53.46,03.01.2023 16:00:00,04.01.2023 02:10:00,2023-01-04 06:39:00
615,BP 110/02 (717221),ZSK 70.8,23010022,18:00,74.57,4.6,22.76,50.87,03.01.2023 16:00:00,04.01.2023 02:10:00,2023-01-03 18:00:00
616,BP 110/02 (717221),ZSK 70.8,23010022,6:38,75.52,3.87,21.09,46.82,03.01.2023 16:00:00,04.01.2023 02:10:00,2023-01-04 06:38:00
617,BP 110/02 (717221),ZSK 70.4,23010025,18:00,76.77,3.51,19.37,42.9,04.01.2023 02:10:00,04.01.2023 13:15:00,2023-01-04 18:00:00
618,BP 110/02 (717221),ZSK 70.5,23010025,18:00,75.14,4.13,22.12,49.05,04.01.2023 02:10:00,04.01.2023 13:15:00,2023-01-04 18:00:00
619,BP 110/02 (717221),ZSK 70.9,23010025,18:00,74.14,4.92,23.41,52.52,04.01.2023 02:10:00,04.01.2023 13:15:00,2023-01-04 18:00:00
620,BP 110/02 (717231),ZSK 70.8,23010023,18:00,74.12,4.64,22.77,51.16,03.01.2023 16:25:00,04.01.2023 20:15:00,2023-01-03 18:00:00
621,BP 110/02 (717231),ZSK 70.8,23010023,6:56,74.45,4.42,21.38,48.36,03.01.2023 16:25:00,04.01.2023 20:15:00,2023-01-04 06:56:00
622,BP 110/02 (717221),ZSK 70.5,23010028,18:00,75.88,3.95,21.47,47.4,04.01.2023 13:15:00,05.01.2023 00:10:00,2023-01-04 18:00:00
623,BP 110/02 (717221),ZSK 70.9,23010028,18:00,74.56,4.73,22.84,51.14,04.01.2023 13:15:00,05.01.2023 00:10:00,2023-01-04 18:00:00
624,BP 110/02 (717221),ZSK 70.8,23010024,18:17,73.56,4.93,23.14,52.36,04.01.2023 13:15:00,05.01.2023 00:10:00,2023-01-04 18:17:00
625,BP 110/02 (717221),ZSK 70.8,23010024,6:40,74.18,4.56,21.61,49.02,03.01.2023 16:25:00,04.01.2023 20:15:00,2023-01-04 06:40:00
626,BP 110/02 (717221),ZSK 70.8,23010024,7:28,74.76,4.42,22.15,49.56,03.01.2023 16:25:00,04.01.2023 20:15:00,2023-01-04 07:28:00
627,BP 110/02 (717221),ZSK 70.8,23010024,18:00,72.79,5.19,22.58,52.03,03.01.2023 16:25:00,04.01.2023 20:15:00,2023-01-03 18:00:00
628,BP 110/02 (717221),ZSK 70.8,23010051,6:56,75.37,4.12,21.38,47.65,04.01.2023 20:15:00,05.01.2023 22:35:00,2023-01-05 06:56:00
629,BP 110/02 (717221),ZSK 70.8,23010051,18:00,75.79,3.95,21.32,47.19,05.01.2023 00:10:00,05.01.2023 10:00:00,2023-01-05 18:00:00
630,BP 110/02 (717231),ZSK 70.8,23010052,12:15,73.15,5.14,23.08,52.67,05.01.2023 00:10:00,05.01.2023 10:00:00,2023-01-05 12:15:00
631,BP 110/02 (717221),ZSK 70.8,23010052,12:45,73.59,4.76,22.29,50.69,05.01.2023 10:00:00,05.01.2023 20:35:00,2023-01-05 12:45:00
632,BP 110/02 (717221),ZSK 70.8,23010052,6:00,74.32,4.61,22.07,49.8,05.01.2023 10:00:00,05.01.2023 20:35:00,2023-01-05 06:00:00
633,BP 110/02 (717221),ZSK 70.8,23010052,18:00,74.66,4.55,22.2,49.81,05.01.2023 10:00:00,05.01.2023 20:35:00,2023-01-05 18:00:00
634,BP 110/02 (717221),ZSK 70.8,23010053,18:00,75.2,4.08,21.31,47.55,04.01.2023 20:15:00,05.01.2023 22:35:00,2023-01-05 18:00:00
635,BP 110/02 (717221),ZSK 70.8,23010053,6:00,75.37,4.11,21.89,48.52,04.01.2023 20:15:00,05.01.2023 22:35:00,2023-01-05 06:00:00
636,BP 110/02 (717221),ZSK 70.8,23010053,6:00,74.66,4.63,22.06,49.64,05.01.2023 22:35:00,06.01.2023 23:20:00,2023-01-06 06:00:00
637,BP 110/02 (717221),ZSK 70.8,23010055,18:00,74.12,4.74,22.56,50.89,05.01.2023 22:35:00,06.01.2023 23:20:00,2023-01-06 18:00:00
638,BP 110/02 (717221),ZSK 70.8,23010055,6:00,74.29,4.46,21.82,49.23,05.01.2023 20:35:00,06.01.2023 06:30:00,2023-01-06 06:00:00
639,BP 110/02 (717221),ZSK 70.8,23010055,9:43,73.81,4.76,22.27,50.56,05.01.2023 20:35:00,06.01.2023 06:30:00,2023-01-06 09:43:00
640,BP 110/02 (717231),ZSK 70.8,23010056,18:00,75.15,4.44,22.28,49.62,05.01.2023 20:35:00,06.01.2023 06:30:00,2023-01-06 18:00:00
641,BP 110/02 (717231),ZSK 70.8,23010056,6:00,74.0,4.65,21.77,49.47,06.01.2023 16:30:00,07.01.2023 02:30:00,2023-01-07 06:00:00
642,BP 110/02 (717221),ZSK 70.8,23010075,18:04,72.97,5.13,22.76,52.18,06.01.2023 16:30:00,07.01.2023 02:30:00,2023-01-06 18:04:00
643,BP 110/02 (717221),ZSK 70.8,23010075,11:05,75.86,4.01,21.52,47.56,05.01.2023 22:35:00,06.01.2023 23:20:00,2023-01-06 11:05:00
644,BP 110/02 (717221),ZSK 70.8,23010076,6:15,73.21,5.03,22.4,51.34,05.01.2023 22:35:00,06.01.2023 23:20:00,2023-01-06 06:15:00
645,BP 110/02 (717221),ZSK 70.8,23010080,6:23,71.76,5.94,23.78,55.41,12.01.2023 09:00:00,13.01.2023 14:25:00,2023-01-13 06:23:00
646,BP 110/02 (717221),ZSK 70.8,23010081,18:00,72.79,5.48,23.99,54.77,12.01.2023 09:00:00,13.01.2023 14:25:00,2023-01-12 18:00:00
647,BP 110/02 (717221),ZSK 70.8,23010081,18:00,76.44,3.68,21.52,46.99,16.01.2023 19:45:00,17.01.2023 21:30:00,2023-01-17 18:00:00
648,BP 110/02 (717221),ZSK 70.8,23010081,18:00,76.16,3.96,21.64,47.58,16.01.2023 19:45:00,17.01.2023 21:30:00,2023-01-17 18:00:00
649,BP 110/02 (717221),ZSK 70.8,23010081,19:55,76.25,3.76,21.0,46.24,17.01.2023 21:30:00,18.01.2023 23:00:00,2023-01-18 19:55:00
650,BP 110/02 (717221),ZSK 70.8,23010082,18:00,76.83,3.64,21.35,46.48,17.01.2023 21:30:00,18.01.2023 23:00:00,2023-01-18 18:00:00
651,BP 110/02 (717221),ZSK 70.8,23010082,18:00,76.64,3.84,21.35,46.75,17.01.2023 21:30:00,18.01.2023 23:00:00,2023-01-18 18:00:00
652,BP 110/02 (717231),ZSK 70.8,23010084,6:00,76.08,3.9,21.38,47.11,20.01.2023 01:30:00,21.01.2023 02:30:00,2023-01-20 06:00:00
653,BP 110/02 (717231),ZSK 70.8,23010085,18:02,75.84,4.06,22.07,48.57,20.01.2023 01:30:00,21.01.2023 02:30:00,2023-01-20 18:02:00
654,BP 110/02 (717221),ZSK 70.8,23010087,6:00,75.7,4.17,22.33,49.19,24.01.2023 04:35:00,24.01.2023 14:35:00,2023-01-24 06:00:00
655,BP 110/02 (717221),ZSK 70.8,23010087,9:45,75.16,4.17,22.52,49.76,24.01.2023 04:35:00,24.01.2023 14:35:00,2023-01-24 09:45:00
656,BP 110/02 (717231),ZSK 70.8,23010087,18:00,76.52,3.45,21.34,46.42,24.01.2023 04:35:00,24.01.2023 14:35:00,2023-01-24 18:00:00
657,BP 110/02 (717231),ZSK 70.5,23010090,6:20,74.48,4.48,24.2,53.27,24.01.2023 07:00:00,25.01.2023 10:45:00,2023-01-25 06:20:00
658,BP 110/02 (717231),ZSK 70.8,23010090,6:20,74.23,4.68,23.13,51.77,24.01.2023 07:00:00,25.01.2023 10:45:00,2023-01-25 06:20:00
659,BP 110/02 (717221),ZSK 70.5,23010092,6:30,73.77,4.86,25.09,55.51,24.01.2023 14:35:00,25.01.2023 00:30:00,2023-01-25 06:30:00
660,BP 110/02 (717221),ZSK 70.8,23010092,6:30,72.65,5.39,23.51,53.91,24.01.2023 14:35:00,25.01.2023 00:30:00,2023-01-25 06:30:00
661,BP 110/02 (717221),ZSK 70.5,23010091,18:12,74.18,4.91,24.88,54.98,25.01.2023 10:45:00,26.01.2023 15:45:00,2023-01-25 18:12:00
662,BP 110/02 (717221),ZSK 70.8,23010091,18:14,72.23,5.44,23.5,54.16,25.01.2023 10:45:00,26.01.2023 15:45:00,2023-01-25 18:14:00
663,BP 110/02 (717221),ZSK 70.5,23010092,11:00,71.69,5.6,25.84,58.63,25.01.2023 10:45:00,26.01.2023 15:45:00,2023-01-25 11:00:00
664,BP 110/02 (717221),ZSK 70.9,99230076,13:58,77.57,3.31,22.59,47.97,25.01.2023 10:45:00,26.01.2023 15:45:00,2023-01-25 13:58:00
665,BP 110/02 (717221),ZSK 70.5,23010092,14:13,71.96,5.69,25.98,58.8,26.01.2023 15:45:00,27.01.2023 20:30:00,2023-01-27 14:13:00
666,BP 110/02 (717231),ZSK 70.8,23010092,18:00,73.59,4.88,22.99,52.04,26.01.2023 15:45:00,27.01.2023 20:30:00,2023-01-26 18:00:00
667,BP 110/02 (717231),ZSK 70.5,23010092,18:00,73.07,4.96,24.43,54.85,27.01.2023 20:30:00,28.01.2023 04:00:00,2023-01-28 18:00:00
668,BP 110/02 (717231),ZSK 70.5,23010160,6:00,73.66,4.78,24.57,54.62,27.01.2023 20:30:00,28.01.2023 04:00:00,2023-01-28 06:00:00
669,BP 110/02 (717231),ZSK 70.8,23010160,12:00,74.28,3.94,21.25,47.73,27.01.2023 20:30:00,28.01.2023 04:00:00,2023-01-28 12:00:00
670,BP 110/02 (717231),ZSK 70.8,23010160,13:10,74.24,4.08,21.97,49.17,27.01.2023 20:30:00,28.01.2023 04:00:00,2023-01-28 13:10:00
671,BP 110/02 (717221),ZSK 70.5,23010161,6:00,73.81,4.87,24.76,54.94,31.01.2023 06:20:00,31.01.2023 23:59:00,2023-01-31 06:00:00
672,BP 110/02 (717221),ZSK 70.5,23010160,18:33,74.57,4.46,24.24,53.27,31.01.2023 06:20:00,31.01.2023 23:59:00,2023-01-31 18:33:00
673,BP 110/02 (717221),ZSK 70.8,23010160,18:33,75.51,3.91,21.58,47.73,31.01.2023 06:20:00,31.01.2023 23:59:00,2023-01-31 18:33:00
674,BP 110/02 (717221),ZSK 70.8,23010161,6:00,76.13,3.73,21.7,47.47,01.02.2023 08:30:00,02.02.2023 09:30:00,2023-02-02 06:00:00
675,BP 110/02 (717321),ZSK 70.5,23010162,18:35,74.41,4.64,24.09,53.27,01.02.2023 08:30:00,02.02.2023 09:30:00,2023-02-01 18:35:00
676,BP 110/02 (717321),ZSK 70.8,23010162,18:36,76.05,3.9,21.62,47.54,01.02.2023 08:30:00,02.02.2023 09:30:00,2023-02-01 18:36:00
677,BP 110/02 (717231),ZSK 70.8,23010163,9:37,74.9,4.17,21.94,48.88,02.02.2023 08:30:00,03.02.2023 10:15:00,2023-02-02 09:37:00
678,BP 110/02 (717231),ZSK 70.5,23010163,9:38,73.61,4.91,24.48,54.61,02.02.2023 08:30:00,03.02.2023 10:15:00,2023-02-02 09:38:00
679,BP 110/02 (717221),ZSK 70.8,23010164,6:22,76.02,3.88,21.4,47.16,02.02.2023 08:30:00,03.02.2023 10:15:00,2023-02-03 06:22:00
680,BP 110/02 (717221),ZSK 70.5,23010164,6:21,74.3,4.42,24.01,52.98,03.02.2023 10:15:00,04.02.2023 04:00:00,2023-02-04 06:21:00
681,BP 110/02 (717221),ZSK 70.5,23010163,18:00,74.16,4.62,24.9,54.76,03.02.2023 10:15:00,04.02.2023 04:00:00,2023-02-03 18:00:00
682,BP 110/02 (717221),ZSK 70.8,23010163,18:00,75.64,3.95,21.82,48.12,06.02.2023 21:40:00,07.02.2023 22:45:00,2023-02-07 18:00:00
683,BP 110/02 (717221),ZSK 70.5,23010166,7:03,71.23,5.83,25.67,58.82,03.02.2023 10:15:00,04.02.2023 04:00:00,2023-02-04 07:03:00
684,BP 110/02 (717221),ZSK 70.8,23010166,9:14,73.41,5.11,23.35,52.96,07.02.2023 22:45:00,08.02.2023 23:30:00,2023-02-08 09:14:00
685,BP 110/02 (717221),ZSK 70.8,23010165,18:00,74.05,4.54,22.54,50.69,07.02.2023 22:45:00,08.02.2023 23:30:00,2023-02-08 18:00:00
686,BP 110/02 (717221),ZSK 70.5,23010168,6:24,70.78,6.05,25.77,59.5,10.02.2023 03:00:00,11.02.2023 03:00:00,2023-02-10 06:24:00
687,BP 110/02 (717221),ZSK 70.8,23010168,6:24,75.03,4.41,22.14,49.4,10.02.2023 03:00:00,11.02.2023 03:00:00,2023-02-10 06:24:00
688,BP 110/02 (717221),ZSK 70.8,23010167,18:00,74.79,4.49,22.84,50.79,10.02.2023 03:00:00,11.02.2023 03:00:00,2023-02-10 18:00:00
689,BP 110/02 (717221),ZSK 70.5,23010169,6:19,70.27,6.28,25.64,59.79,10.02.2023 03:00:00,11.02.2023 03:00:00,2023-02-10 06:19:00
690,BP 110/02 (717221),ZSK 70.8,23010169,6:19,75.79,3.99,21.58,47.68,13.02.2023 12:30:00,14.02.2023 15:15:00,2023-02-14 06:19:00
691,BP 110/02 (717221),ZSK 70.5,23010168,18:00,71.09,5.76,25.33,58.25,13.02.2023 12:30:00,14.02.2023 15:15:00,2023-02-13 18:00:00
692,BP 110/02 (717221),ZSK 70.8,23010178,18:00,74.44,4.61,22.82,51.06,14.02.2023 15:15:00,15.02.2023 18:30:00,2023-02-14 18:00:00
693,BP 110/02 (717221),ZSK 70.9,23010178,18:00,74.04,5.12,25.32,56.01,14.02.2023 15:15:00,15.02.2023 18:30:00,2023-02-14 18:00:00
694,BP 110/02 (717221),ZSK 70.9,23010178,23:57,74.89,4.74,24.5,53.83,14.02.2023 15:15:00,15.02.2023 18:30:00,2023-02-14 23:57:00
