,Produktname,Line,Charge,Uhrzeit,L,a,b,YI,Beginn,Ende,current_time,A0,A1,A2,A3,A4,A5,A6,A7,A8,A9,A10,A11,A12,A13,A14,A15,A16,A17,A18,A19,A20,A21,A22,A23,A24,A25,A26,A27,A28,A29,A30
0,BP 110/02 (717231),ZSK 70.8,22010638,15:00,72.33,5.74,24.95,56.91,05.09.2022 14:00:00,06.09.2022 14:00:00,2022-09-05 15:00:00,145.0,145.0,162.100006103516,155.0,251.699996948242,54.9280242919922,170.400009155273,170.0,2558.34887695312,2560.0,49.7475738525391,18.334056854248,12.5639181137085,6.36464166641235,1.1429398059845,83.160400390625,83.160400390625,29.2144107818604,102.557632446289,30.1000003814697,33.7999992370605,30.0,95.7663421630859,95.0,79.99267578125,80.0,1.57654571533203,15.8071155548096,0.0,0.0,0.0
1,BP 110/02 (717231),ZSK 70.8,22010638,18:00,72.06,5.78,24.78,56.81,05.09.2022 14:00:00,06.09.2022 14:00:00,2022-09-05 18:00:00,145.0,145.0,165.100006103516,155.0,250.600006103516,51.2062377929688,171.600006103516,170.0,2558.79809570312,2560.0,49.6734886169434,18.3412914276123,13.3884229660034,6.37229871749878,1.17585349082947,83.160400390625,83.160400390625,29.3793411254883,106.326766967773,29.8000011444092,33.2000007629395,30.0,95.1113204956055,95.0,79.99267578125,80.0,1.44877362251282,14.9370498657227,0.0,0.0,0.0
2,BP 110/02 (717231),ZSK 70.8,22010638,6:00,72.43,5.65,24.66,56.28,05.09.2022 14:00:00,06.09.2022 14:00:00,2022-09-06 06:00:00,144.900009155273,145.0,163.900009155273,155.0,249.699996948242,53.2949943542481,170.400009155273,170.0,2559.54150390625,2560.0,50.2752914428711,18.3394832611084,15.4211130142212,6.31529664993286,1.1617476940155,83.160400390625,83.160400390625,29.5811653137207,102.910987854004,30.3000011444092,33.7999992370605,30.0,95.4254684448242,95.0,79.99267578125,80.0,2.26730346679687,15.7722387313843,0.0,0.0,0.0
3,BP 110/02 (717231),ZSK 70.8,22010639,6:00,72.75,5.49,24.46,55.6,06.09.2022 14:00:00,07.09.2022 14:10:00,2022-09-07 06:00:00,145.100006103516,145.0,164.600006103516,155.0,251.900009155273,50.3960494995117,172.5,170.0,2559.3759765625,2560.0,50.8486785888672,18.151403427124,14.2500143051147,6.24808549880981,1.07855904102325,83.160400390625,83.160400390625,27.9383697509766,105.317184448242,29.8999996185303,33.5,30.0,91.8583755493164,95.0,79.99267578125,80.0,1.7212290763855,13.2497959136963,0.0,0.0,0.0
4,BP 110/02 (717231),ZSK 70.8,22010639,6:00,72.13,5.75,24.53,56.31,06.09.2022 14:00:00,07.09.2022 14:10:00,2022-09-07 06:00:00,145.100006103516,145.0,164.600006103516,155.0,251.900009155273,50.3960494995117,172.5,170.0,2559.3759765625,2560.0,50.8486785888672,18.151403427124,14.2500143051147,6.24808549880981,1.07855904102325,83.160400390625,83.160400390625,27.9383697509766,105.317184448242,29.8999996185303,33.5,30.0,91.8583755493164,95.0,79.99267578125,80.0,1.7212290763855,13.2497959136963,0.0,0.0,0.0
5,BP 110/02 (717231),ZSK 70.8,22010639,13:00,72.2,5.54,24.55,56.1,06.09.2022 14:00:00,07.09.2022 14:10:00,2022-09-07 13:00:00,145.400009155273,145.0,163.300003051758,155.0,250.800003051758,50.4466857910156,170.199996948242,170.0,2558.48413085937,2560.0,52.4511108398437,18.3747463226318,13.9810400009155,6.27956438064575,1.19032108783722,86.73095703125,86.73095703125,29.1818599700928,100.403846740723,30.1000003814697,33.7000007629395,30.0,92.8403244018555,95.0,79.99267578125,80.0,2.22057628631592,14.0718688964844,0.0,0.0,0.0
6,BP 110/02 (717231),ZSK 70.8,22010639,15:27,71.92,5.79,24.84,56.99,06.09.2022 14:00:00,07.09.2022 14:10:00,2022-09-06 15:27:00,145.0,145.0,166.0,155.0,250.400009155273,51.3075103759766,172.5,170.0,2558.37939453125,2560.0,50.3108024597168,18.3516883850098,13.5902919769287,6.29743051528931,1.15596055984497,83.160400390625,83.160400390625,29.1536464691162,102.961471557617,30.2000007629395,33.7000007629395,30.0,95.3370971679688,95.0,79.99267578125,80.0,1.46821808815002,16.1329917907715,0.0,0.0,0.0
7,BP 110/02 (717231),ZSK 70.8,22010640,18:00,72.39,5.59,24.5,55.97,07.09.2022 14:10:00,08.09.2022 12:45:00,2022-09-07 18:00:00,144.900009155273,145.0,166.300003051758,155.0,251.600006103516,54.00390625,173.100006103516,170.0,2558.6611328125,2560.0,51.8990325927734,18.4045848846436,14.8402328491211,6.28381824493408,1.19900166988373,86.73095703125,86.73095703125,29.1210956573486,104.778732299805,29.8999996185303,33.4000015258789,30.0,95.3673629760742,95.0,79.99267578125,80.0,1.43993306159973,15.3866367340088,0.0,0.0,0.0
8,BP 110/02 (717231),ZSK 70.8,22010640,18:00,71.26,6.17,24.82,57.71,07.09.2022 14:10:00,08.09.2022 12:45:00,2022-09-07 18:00:00,144.900009155273,145.0,166.300003051758,155.0,251.600006103516,54.00390625,173.100006103516,170.0,2558.6611328125,2560.0,51.8990325927734,18.4045848846436,14.8402328491211,6.28381824493408,1.19900166988373,86.73095703125,86.73095703125,29.1210956573486,104.778732299805,29.8999996185303,33.4000015258789,30.0,95.3673629760742,95.0,79.99267578125,80.0,1.43993306159973,15.3866367340088,0.0,0.0,0.0
9,BP 110/02 (717231),ZSK 70.8,22010640,6:00,72.81,5.6,24.56,55.85,07.09.2022 14:10:00,08.09.2022 12:45:00,2022-09-08 06:00:00,145.100006103516,145.0,164.400009155273,155.0,251.0,50.0669136047363,174.100006103516,170.0,2559.328125,2560.0,52.4957618713379,18.3503322601318,13.7013158798218,6.26595211029053,1.16427946090698,86.73095703125,86.73095703125,28.3398456573486,103.449432373047,30.1000003814697,33.6000022888184,30.0,96.0483627319336,95.0,79.99267578125,80.0,1.59728074073792,14.439980506897,0.0,0.0,0.0
10,BP 110/02 (717231),ZSK 70.8,22010640,6:00,72.83,5.51,24.34,55.37,07.09.2022 14:10:00,08.09.2022 12:45:00,2022-09-08 06:00:00,145.100006103516,145.0,164.400009155273,155.0,251.0,50.0669136047363,174.100006103516,170.0,2559.328125,2560.0,52.4957618713379,18.3503322601318,13.7013158798218,6.26595211029053,1.16427946090698,86.73095703125,86.73095703125,28.3398456573486,103.449432373047,30.1000003814697,33.6000022888184,30.0,96.0483627319336,95.0,79.99267578125,80.0,1.59728074073792,14.439980506897,0.0,0.0,0.0
11,BP 110/02 (717231),ZSK 70.8,22010640,8:15,72.75,5.34,24.19,54.98,07.09.2022 14:10:00,08.09.2022 12:45:00,2022-09-08 08:15:00,144.900009155273,145.0,164.600006103516,155.0,250.800003051758,50.1555290222168,173.199996948242,170.0,2559.56665039063,2560.0,53.0356674194336,21.7954292297363,18.0037708282471,6.25659322738647,1.16608786582947,86.73095703125,86.73095703125,28.1944465637207,107.437316894531,29.7000007629394,33.7999992370605,30.0,95.3688430786133,95.0,79.99267578125,80.0,1.37766087055206,14.547664642334,0.0,0.0,0.0
12,BP 110/02 (717231),ZSK 70.8,22010641,7:20,71.68,5.5,23.71,54.89,08.09.2022 12:45:00,09.09.2022 13:00:00,2022-09-09 07:20:00,145.300003051758,145.0,162.800003051758,155.0,251.300003051758,51.2821922302246,168.400009155273,170.0,2559.42944335938,2560.0,52.2318992614746,18.3376750946045,14.1248416900635,6.22766733169556,1.15379047393799,86.73095703125,86.73095703125,28.1488723754883,103.533569335938,30.0,33.6000022888184,30.0,96.3088455200195,95.0,79.99267578125,80.0,1.72864544391632,17.3548793792725,0.0,0.0,0.0
13,BP 110/02 (717231),ZSK 70.8,22010641,6:00,71.93,5.51,23.99,55.25,08.09.2022 12:45:00,09.09.2022 13:00:00,2022-09-09 06:00:00,145.0,145.0,162.199996948242,155.0,251.5,50.8011436462402,173.600006103516,170.0,2559.49609375,2560.0,52.6662521362305,18.3268222808838,14.0801944732666,6.22851753234863,1.15306711196899,86.73095703125,86.73095703125,27.9861125946045,109.372367858887,29.8999996185303,33.9000015258789,30.0,92.0134201049805,95.0,79.99267578125,80.0,1.46422529220581,14.1302499771118,0.0,0.0,0.0
14,BP 110/02 (717231),ZSK 70.8,22010641,10:00,71.99,5.46,23.91,55.02,08.09.2022 12:45:00,09.09.2022 13:00:00,2022-09-09 10:00:00,145.0,145.0,164.199996948242,155.0,253.300003051758,54.2317695617676,173.699996948242,170.0,2559.3427734375,2560.0,52.7119140625,33.49609375,32.0398025512695,6.22001028060913,1.17730033397675,86.73095703125,86.73095703125,28.2313385009766,108.261825561523,29.7000007629394,33.6000022888184,30.0,96.2275619506836,95.0,79.99267578125,80.0,1.25098967552185,14.0123167037964,0.0,0.0,0.0
15,BP 110/02 (717231),ZSK 70.8,22010641,18:00,72.22,5.68,24.58,56.28,08.09.2022 12:45:00,09.09.2022 13:00:00,2022-09-08 18:00:00,145.100006103516,145.0,166.300003051758,155.0,252.400009155273,54.9786605834961,173.400009155273,170.0,2559.38134765625,2560.0,52.045166015625,18.2942676544189,13.8991785049438,6.25063800811768,1.15053522586823,86.73095703125,86.73095703125,27.9926223754883,102.944633483887,30.3000011444092,33.9000015258789,30.0,96.3405685424805,95.0,79.99267578125,80.0,2.33861255645752,15.0197772979736,0.0,0.0,0.0
16,BP 110/02 (717231),ZSK 70.8,22010641,18:00,71.55,6.04,24.68,57.19,08.09.2022 12:45:00,09.09.2022 13:00:00,2022-09-08 18:00:00,145.100006103516,145.0,166.300003051758,155.0,252.400009155273,54.9786605834961,173.400009155273,170.0,2559.38134765625,2560.0,52.045166015625,18.2942676544189,13.8991785049438,6.25063800811768,1.15053522586823,86.73095703125,86.73095703125,27.9926223754883,102.944633483887,30.3000011444092,33.9000015258789,30.0,96.3405685424805,95.0,79.99267578125,80.0,2.33861255645752,15.0197772979736,0.0,0.0,0.0
17,BP 110/02 (717231),ZSK 70.8,22010641,6:00,72.52,5.58,24.57,56.0,08.09.2022 12:45:00,09.09.2022 13:00:00,2022-09-09 06:00:00,145.0,145.0,162.199996948242,155.0,251.5,50.8011436462402,173.600006103516,170.0,2559.49609375,2560.0,52.6662521362305,18.3268222808838,14.0801944732666,6.22851753234863,1.15306711196899,86.73095703125,86.73095703125,27.9861125946045,109.372367858887,29.8999996185303,33.9000015258789,30.0,92.0134201049805,95.0,79.99267578125,80.0,1.46422529220581,14.1302499771118,0.0,0.0,0.0
18,BP 110/02 (717221),ZSK 70.8,22010642,11:15,70.21,6.2,25.05,58.73,12.09.2022 08:15:00,13.09.2022 10:15:00,2022-09-12 11:15:00,145.0,145.0,163.600006103516,155.0,254.0,60.865161895752,167.5,170.0,3198.10546875,3200.0,64.2851867675781,18.5325336456299,13.7370586395264,6.24213027954102,1.2796585559845,85.870361328125,85.870361328125,29.7135429382324,103.903747558594,30.0,33.2999992370605,30.0,96.1790084838867,95.0,79.99267578125,80.0,1.08087635040283,22.2032852172852,0.0,0.0,0.0
19,BP 110/02 (717231),ZSK 70.8,22010642,6:00,71.98,5.61,24.44,56.11,12.09.2022 08:15:00,13.09.2022 10:15:00,2022-09-13 06:00:00,145.0,145.0,164.600006103516,155.0,253.600006103516,54.9027061462402,172.199996948242,170.0,2559.05346679687,2560.0,52.9595413208008,18.3625392913818,11.9429130554199,6.09239387512207,1.15559887886047,83.87451171875,83.87451171875,28.3159732818604,104.156150817871,29.8000011444092,33.2999992370605,30.0,92.2139205932617,95.0,79.99267578125,80.0,1.52814745903015,15.1045923233032,0.0,0.0,0.0
20,BP 110/02 (717231),ZSK 70.8,22010642,18:00,70.37,6.34,24.75,58.28,12.09.2022 08:15:00,13.09.2022 10:15:00,2022-09-12 18:00:00,144.800003051758,145.0,166.400009155273,155.0,255.300003051758,64.7768402099609,170.5,170.0,3197.48510742187,3200.0,62.5569076538086,18.6193408966064,13.7821760177612,6.18427753448486,1.31980609893799,85.870361328125,85.870361328125,29.8958339691162,103.600875854492,30.0,33.4000015258789,30.0,95.6522674560547,95.0,79.998779296875,80.0,1.7963809967041,21.0067844390869,0.0,0.0,0.0
21,BP 110/02 (717231),ZSK 70.8,22010642,18:00,70.46,6.12,24.66,57.84,12.09.2022 08:15:00,13.09.2022 10:15:00,2022-09-12 18:00:00,144.800003051758,145.0,166.400009155273,155.0,255.300003051758,64.7768402099609,170.5,170.0,3197.48510742187,3200.0,62.5569076538086,18.6193408966064,13.7821760177612,6.18427753448486,1.31980609893799,85.870361328125,85.870361328125,29.8958339691162,103.600875854492,30.0,33.4000015258789,30.0,95.6522674560547,95.0,79.998779296875,80.0,1.7963809967041,21.0067844390869,0.0,0.0,0.0
22,BP 110/02 (717231),ZSK 70.8,22010642,10:15,71.31,5.92,24.78,57.35,12.09.2022 08:15:00,13.09.2022 10:15:00,2022-09-12 10:15:00,144.800003051758,145.0,162.699996948242,155.0,254.699996948242,60.4347534179688,171.0,170.0,3198.36303710938,3200.0,65.8013534545898,18.555591583252,16.2253570556641,6.24468278884888,1.29087090492249,85.870361328125,85.870361328125,29.6462688446045,102.641761779785,30.1000003814697,33.5,30.0,95.8984680175781,95.0,79.99267578125,80.0,1.75135505199432,20.4759922027588,0.0,0.0,0.0
23,BP 110/02 (717231),ZSK 70.8,22010643,18:00,72.77,5.5,24.27,55.27,13.09.2022 10:15:00,14.09.2022 14:30:00,2022-09-13 18:00:00,145.100006103516,145.0,165.600006103516,155.0,252.0,56.1559600830078,168.199996948242,170.0,2559.50610351562,2560.0,51.7417335510254,18.4687843322754,13.7369737625122,6.09324502944946,1.22178816795349,87.3046875,87.3046875,29.1276054382324,108.480567932129,29.8999996185303,33.5,30.0,96.2107849121094,95.0,79.99267578125,80.0,1.86797142028809,17.1502571105957,0.0,0.0,0.0
24,BP 110/02 (717231),ZSK 70.8,22010643,18:00,71.19,6.15,24.98,58.0,13.09.2022 10:15:00,14.09.2022 14:30:00,2022-09-13 18:00:00,145.100006103516,145.0,165.600006103516,155.0,252.0,56.1559600830078,168.199996948242,170.0,2559.50610351562,2560.0,51.7417335510254,18.4687843322754,13.7369737625122,6.09324502944946,1.22178816795349,87.3046875,87.3046875,29.1276054382324,108.480567932129,29.8999996185303,33.5,30.0,96.2107849121094,95.0,79.99267578125,80.0,1.86797142028809,17.1502571105957,0.0,0.0,0.0
25,BP 110/02 (717231),ZSK 70.8,22010643,6:00,72.17,5.67,24.28,55.77,13.09.2022 10:15:00,14.09.2022 14:30:00,2022-09-14 06:00:00,145.0,145.0,164.0,155.0,253.199996948242,54.4722938537598,168.400009155273,170.0,2559.14624023438,2560.0,53.316764831543,18.3751983642578,15.3884477615356,6.03709363937378,1.21021413803101,85.26611328125,85.26611328125,28.5394973754883,103.045600891113,30.3000011444092,34.0,30.0,95.6406707763672,95.0,79.99267578125,80.0,2.27867746353149,17.6680717468262,0.0,0.0,0.0
26,BP 110/02 (717231),ZSK 70.8,22010643,6:00,72.09,5.78,24.3,55.98,13.09.2022 10:15:00,14.09.2022 14:30:00,2022-09-14 06:00:00,145.0,145.0,164.0,155.0,253.199996948242,54.4722938537598,168.400009155273,170.0,2559.14624023438,2560.0,53.316764831543,18.3751983642578,15.3884477615356,6.03709363937378,1.21021413803101,85.26611328125,85.26611328125,28.5394973754883,103.045600891113,30.3000011444092,34.0,30.0,95.6406707763672,95.0,79.99267578125,80.0,2.27867746353149,17.6680717468262,0.0,0.0,0.0
27,BP 110/02 (717231),ZSK 70.8,22010644,18:00,73.26,5.32,24.33,54.94,14.09.2022 14:30:00,15.09.2022 17:00:00,2022-09-14 18:00:00,144.900009155273,145.0,164.199996948242,155.0,252.699996948242,54.6495246887207,170.800003051758,170.0,2559.36108398437,2560.0,53.7176399230957,18.586784362793,15.0930490493774,6.10855865478516,1.29955148696899,87.451171875,87.451171875,29.8632831573486,110.062255859375,29.8999996185303,33.2999992370605,30.0,92.6317520141602,95.0,79.99267578125,80.0,1.90988802909851,15.5192432403564,0.0,0.0,0.0
28,BP 110/02 (717221),ZSK 70.8,22010644,6:00,71.96,5.75,24.58,56.49,14.09.2022 14:30:00,15.09.2022 17:00:00,2022-09-15 06:00:00,144.900009155273,145.0,163.300003051758,155.0,252.300003051758,53.7507247924805,170.699996948242,170.0,2559.61083984375,2560.0,53.1361312866211,18.3589210510254,13.8240299224854,6.39356803894043,1.17042815685272,84.295654296875,84.295654296875,28.6371536254883,107.134437561035,29.8000011444092,33.4000015258789,30.0,96.4008865356445,95.0,79.99267578125,80.0,1.60352385044098,15.6094436645508,0.0,0.0,0.0
29,BP 110/02 (717231),ZSK 70.8,22010645,6:00,71.42,5.9,24.99,57.64,15.09.2022 17:00:00,16.09.2022 20:50:00,2022-09-16 06:00:00,145.100006103516,145.0,164.400009155273,155.0,252.5,52.6114006042481,168.400009155273,170.0,2559.75,2560.0,53.148307800293,18.5289173126221,13.6806135177612,5.932448387146,1.28508388996124,87.48779296875,87.493896484375,29.8546028137207,105.317184448242,29.8999996185303,33.2999992370605,30.0,95.3740081787109,95.0,79.99267578125,80.0,1.93361282348633,18.4147167205811,0.0,0.0,0.0
30,BP 110/02 (717231),ZSK 70.8,22010645,18:00,70.21,6.23,24.76,58.26,15.09.2022 17:00:00,16.09.2022 20:50:00,2022-09-15 18:00:00,145.100006103516,145.0,165.600006103516,155.0,254.300003051758,60.2955017089844,170.300003051758,170.0,2559.603515625,2560.0,52.2045021057129,18.7282962799072,14.3375520706177,6.02348136901856,1.30678522586823,88.348388671875,88.348388671875,30.2604179382324,107.538276672363,30.1000003814697,33.2000007629395,30.0,95.3019332885742,95.0,79.99267578125,80.0,1.74634408950806,17.2660274505615,0.0,0.0,0.0
31,BP 110/02 (717231),ZSK 70.8,22010645,18:00,72.09,5.68,24.47,56.15,15.09.2022 17:00:00,16.09.2022 20:50:00,2022-09-15 18:00:00,145.100006103516,145.0,165.600006103516,155.0,254.300003051758,60.2955017089844,170.300003051758,170.0,2559.603515625,2560.0,52.2045021057129,18.7282962799072,14.3375520706177,6.02348136901856,1.30678522586823,88.348388671875,88.348388671875,30.2604179382324,107.538276672363,30.1000003814697,33.2000007629395,30.0,95.3019332885742,95.0,79.99267578125,80.0,1.74634408950806,17.2660274505615,0.0,0.0,0.0
32,BP 110/02 (717231),ZSK 70.8,22010644,18:00,70.57,6.34,25.3,59.1,15.09.2022 17:00:00,16.09.2022 20:50:00,2022-09-15 18:00:00,145.100006103516,145.0,165.600006103516,155.0,254.300003051758,60.2955017089844,170.300003051758,170.0,2559.603515625,2560.0,52.2045021057129,18.7282962799072,14.3375520706177,6.02348136901856,1.30678522586823,88.348388671875,88.348388671875,30.2604179382324,107.538276672363,30.1000003814697,33.2000007629395,30.0,95.3019332885742,95.0,79.99267578125,80.0,1.74634408950806,17.2660274505615,0.0,0.0,0.0
33,BP 110/02 (717231),ZSK 70.8,22010645,18:00,71.58,6.01,24.42,56.68,14.09.2022 14:30:00,15.09.2022 17:00:00,2022-09-14 18:00:00,144.900009155273,145.0,164.199996948242,155.0,252.699996948242,54.6495246887207,170.800003051758,170.0,2559.36108398437,2560.0,53.7176399230957,18.586784362793,15.0930490493774,6.10855865478516,1.29955148696899,87.451171875,87.451171875,29.8632831573486,110.062255859375,29.8999996185303,33.2999992370605,30.0,92.6317520141602,95.0,79.99267578125,80.0,1.90988802909851,15.5192432403564,0.0,0.0,0.0
34,BP 110/02 (717231),ZSK 70.8,22010646,9:15,71.13,6.0,24.47,57.0,15.09.2022 10:55:00,16.09.2022 02:15:00,2022-09-16 09:15:00,144.800003051758,145.0,155.0,155.0,166.900009155273,-0.202546298503876,171.199996948242,170.0,0.0,2560.0,-0.213116884231567,0.0,0.0,10.1301679611206,0.0759548619389534,0.0,87.493896484375,-0.18229167163372,-0.353356778621674,26.2000007629395,17.3999996185303,30.0,0.0,95.0,0.0,80.0,1.78270995616913,2.29188466072083,0.0,0.0,0.0
35,BP 110/02 (717231),ZSK 70.8,22010646,6:00,75.14,4.37,23.27,51.25,19.09.2022 09:00:00,20.09.2022 01:00:00,2022-09-20 06:00:00,145.0,145.0,162.699996948242,155.0,250.400009155273,50.2694587707519,169.300003051758,170.0,2559.41162109375,2560.0,51.9507942199707,18.7463817596436,13.3606357574463,6.57223081588745,1.36971926689148,85.003662109375,85.003662109375,30.9418411254883,103.112899780273,30.1000003814697,33.6000022888184,30.0,95.5923614501953,95.0,79.99267578125,80.0,1.91320049762726,19.0055122375488,0.0,0.0,0.0
36,BP 110/02 (717231),ZSK 70.8,22010646,18:00,74.19,4.56,22.94,51.34,19.09.2022 09:00:00,20.09.2022 01:00:00,2022-09-19 18:00:00,145.0,145.0,163.5,155.0,250.400009155273,49.5225715637207,171.100006103516,170.0,2559.70483398437,2560.0,49.9485015869141,18.6925792694092,13.9512062072754,6.60626173019409,1.36248552799225,85.003662109375,85.003662109375,31.1740474700928,102.540802001953,30.2000007629395,33.6000022888184,30.0,92.8360824584961,95.0,79.99267578125,80.0,1.5250962972641,15.4448385238647,0.0,0.0,0.0
37,BP 110/02 (717231),ZSK 70.8,22010647,6:00,74.71,4.44,23.23,51.48,20.09.2022 16:10:00,21.09.2022 06:45:00,2022-09-21 06:00:00,145.300003051758,145.0,162.400009155273,155.0,250.600006103516,48.5478172302246,170.699996948242,170.0,2560.24633789062,2560.0,54.1073265075684,18.4262886047363,14.4396104812622,6.50757217407227,1.2015335559845,82.183837890625,82.183837890625,28.3658866882324,94.3631134033203,30.3000011444092,34.1000022888184,30.0,96.3978729248047,95.0,79.99267578125,80.0,2.22498941421509,15.7052459716797,0.0,0.0,0.0
38,BP 110/02 (717231),ZSK 70.8,22010647,9:35,74.47,4.7,23.38,52.09,20.09.2022 16:10:00,21.09.2022 06:45:00,2022-09-21 09:35:00,145.199996948242,145.0,159.600006103516,155.0,250.300003051758,52.2063102722168,171.0,170.0,2559.20166015625,2560.0,53.5572929382324,18.6496295928955,14.192400932312,5.99115180969238,1.30316841602325,85.65673828125,85.65673828125,29.6137161254883,105.653709411621,29.6000003814697,33.1000022888184,30.0,96.1891250610352,95.0,79.99267578125,80.0,1.6076568365097,18.4873275756836,0.0,0.0,0.0
39,BP 110/02 (717231),ZSK 70.8,22010647,18:00,75.19,4.3,22.8,50.36,20.09.2022 16:10:00,21.09.2022 06:45:00,2022-09-20 18:00:00,145.0,145.0,163.0,155.0,249.300003051758,49.1681137084961,174.400009155273,170.0,2559.38598632813,2560.0,53.7348785400391,18.505407333374,14.4988059997559,6.47694396972656,1.24674475193024,82.183837890625,82.183837890625,29.0429706573486,102.759552001953,30.0,33.6000022888184,30.0,95.5101699829102,95.0,79.99267578125,80.0,1.57250571250916,14.351806640625,0.0,0.0,0.0
40,BP 110/02 (717231),ZSK 70.8,22010648,18:00,73.12,5.16,24.14,54.52,22.09.2022 09:45:00,21.09.2022 11:00:00,2022-09-22 18:00:00,144.800003051758,145.0,164.100006103516,155.0,251.900009155273,53.9532699584961,168.699996948242,170.0,2559.58349609375,2560.0,52.3201904296875,18.6867008209229,13.8518304824829,6.06857204437256,1.31257224082947,85.577392578125,85.577392578125,29.4509563446045,105.367660522461,29.8999996185303,33.2999992370605,30.0,96.168571472168,95.0,79.99267578125,80.0,2.02483320236206,18.6367931365967,0.0,0.0,0.0
41,BP 110/02 (717231),ZSK 70.8,22010649,18:00,72.87,5.08,23.83,54.05,21.09.2022 11:00:00,21.09.2022 09:40:00,2022-09-21 18:00:00,145.100006103516,145.0,164.5,155.0,250.900009155273,51.978443145752,170.699996948242,170.0,2560.04663085937,2560.0,55.331226348877,18.6500816345215,13.2115983963013,6.00051069259644,1.32703983783722,85.65673828125,85.65673828125,29.6636295318604,111.795387268066,29.8999996185303,33.1000022888184,30.0,95.351936340332,95.0,79.99267578125,80.0,1.00292062759399,13.2588291168213,0.0,0.0,0.0
42,BP 110/02 (717231),ZSK 70.8,22010649,6:45,73.31,5.19,23.77,53.82,21.09.2022 11:00:00,21.09.2022 09:40:00,2022-09-21 06:45:00,145.100006103516,145.0,161.800003051758,155.0,250.199996948242,50.5606193542481,173.699996948242,170.0,2560.4775390625,2560.0,54.1428565979004,18.4299049377441,13.3827533721924,6.50587034225464,1.20659720897675,82.183837890625,82.183837890625,28.2204875946045,103.062423706055,30.0,33.7000007629395,30.0,92.0998764038086,95.0,79.99267578125,80.0,1.15169262886047,16.2790832519531,0.0,0.0,0.0
43,BP 110/02 (717231),ZSK 70.8,22010650,8:00,73.25,5.09,23.31,52.97,23.09.2022 06:05:00,23.09.2022 21:45:00,2022-09-23 08:00:00,144.900009155273,145.0,162.5,155.0,250.5,50.8011436462402,171.100006103516,170.0,2559.67114257812,2560.0,52.2511863708496,18.5718669891357,13.9297361373901,5.95882225036621,1.27712666988373,85.577392578125,85.577392578125,28.8975715637207,104.088844299316,30.0,33.4000015258789,30.0,95.9165725708008,95.0,79.99267578125,80.0,1.5655665397644,15.7297677993774,0.0,0.0,0.0
44,BP 110/02 (717231),ZSK 70.8,22010650,8:00,72.94,5.23,24.04,54.52,22.09.2022 09:45:00,23.09.2022 13:00:00,2022-09-23 08:00:00,144.900009155273,145.0,162.5,155.0,250.5,50.8011436462402,171.100006103516,170.0,2559.67114257812,2560.0,52.2511863708496,18.5718669891357,13.9297361373901,5.95882225036621,1.27712666988373,85.577392578125,85.577392578125,28.8975715637207,104.088844299316,30.0,33.4000015258789,30.0,95.9165725708008,95.0,79.99267578125,80.0,1.5655665397644,15.7297677993774,0.0,0.0,0.0
45,BP 110/02 (717231),ZSK 70.8,22010650,6:00,73.31,5.05,23.36,52.98,22.09.2022 09:45:00,23.09.2022 13:00:00,2022-09-23 06:00:00,144.900009155273,145.0,162.699996948242,155.0,250.699996948242,51.953125,170.300003051758,170.0,2560.0537109375,2560.0,51.7843589782715,18.5845241546631,12.991174697876,5.96307611465454,1.28038191795349,85.577392578125,85.577392578125,28.8107643127441,96.0962448120117,30.3000011444092,33.9000015258789,30.0,92.8457641601562,95.0,79.99267578125,80.0,1.52858400344849,16.3770771026611,0.0,0.0,0.0
46,BP 110/02 (717231),ZSK 70.8,22010650,6:00,72.93,5.36,24.07,54.7,22.09.2022 08:30:00,23.09.2022 06:05:00,2022-09-23 06:00:00,144.900009155273,145.0,162.699996948242,155.0,250.699996948242,51.953125,170.300003051758,170.0,2560.0537109375,2560.0,51.7843589782715,18.5845241546631,12.991174697876,5.96307611465454,1.28038191795349,85.577392578125,85.577392578125,28.8107643127441,96.0962448120117,30.3000011444092,33.9000015258789,30.0,92.8457641601562,95.0,79.99267578125,80.0,1.52858400344849,16.3770771026611,0.0,0.0,0.0
47,BP 110/02 (717231),ZSK 70.8,22010651,6:00,73.65,4.91,23.36,52.67,26.09.2022 06:30:00,27.09.2022 07:00:00,2022-09-27 06:00:00,144.900009155273,145.0,164.300003051758,155.0,252.0,53.0164947509766,169.300003051758,170.0,2559.5517578125,2560.0,50.7380561828613,18.5763874053955,13.8280916213989,6.13152980804443,1.26555263996124,83.6181640625,83.6181640625,28.6675357818604,110.180046081543,29.8000011444092,33.7999992370605,30.0,92.6640548706055,95.0,79.99267578125,80.0,1.68077313899994,15.3026304244995,0.0,0.0,0.0
48,BP 110/02 (717231),ZSK 70.8,22010652,18:00,73.64,4.86,22.88,51.8,26.09.2022 06:30:00,27.09.2022 07:00:00,2022-09-26 18:00:00,144.900009155273,145.0,163.900009155273,155.0,251.900009155273,52.0670585632324,170.900009155273,170.0,2560.0,2560.0,51.8848266601563,18.7020740509033,13.5723581314087,6.0966477394104,1.30787026882172,83.6181640625,83.6181640625,29.7070331573486,104.206634521484,30.0,33.4000015258789,30.0,95.6845169067383,95.0,79.99267578125,80.0,1.85312700271606,16.4753112792969,0.0,0.0,0.0
49,BP 110/02 (717231),ZSK 70.8,22010652,6:00,72.8,5.06,23.68,53.81,26.09.2022 06:30:00,27.09.2022 07:00:00,2022-09-27 06:00:00,144.900009155273,145.0,164.300003051758,155.0,252.0,53.0164947509766,169.300003051758,170.0,2559.5517578125,2560.0,50.7380561828613,18.5763874053955,13.8280916213989,6.13152980804443,1.26555263996124,83.6181640625,83.6181640625,28.6675357818604,110.180046081543,29.8000011444092,33.7999992370605,30.0,92.6640548706055,95.0,79.99267578125,80.0,1.68077313899994,15.3026304244995,0.0,0.0,0.0
50,BP 110/02 (717231),ZSK 70.8,22010652,6:00,72.19,5.45,23.51,54.22,26.09.2022 06:30:00,27.09.2022 07:00:00,2022-09-27 06:00:00,144.900009155273,145.0,164.300003051758,155.0,252.0,53.0164947509766,169.300003051758,170.0,2559.5517578125,2560.0,50.7380561828613,18.5763874053955,13.8280916213989,6.13152980804443,1.26555263996124,83.6181640625,83.6181640625,28.6675357818604,110.180046081543,29.8000011444092,33.7999992370605,30.0,92.6640548706055,95.0,79.99267578125,80.0,1.68077313899994,15.3026304244995,0.0,0.0,0.0
51,BP 110/02 (717231),ZSK 70.8,22010702,11:30,73.93,4.71,22.78,51.33,27.09.2022 06:30:00,28.09.2022 13:00:00,2022-09-27 11:30:00,144.900009155273,145.0,163.800003051758,155.0,252.5,52.9278793334961,169.0,170.0,2559.9541015625,2560.0,50.714714050293,18.4529609680176,14.0426616668701,6.19618844985962,1.2308304309845,83.6181640625,83.6181640625,28.1011295318604,105.148910522461,30.0,33.6000022888184,30.0,96.3802261352539,95.0,79.99267578125,80.0,1.54691565036774,16.8067302703857,0.0,0.0,0.0
52,BP 110/02 (717231),ZSK 70.8,22010702,18:30,74.67,4.71,22.72,50.87,29.09.2022 12:15:00,30.09.2022 12:40:00,2022-09-29 18:30:00,145.100006103516,145.0,163.0,155.0,227.900009155273,54.00390625,167.900009155273,170.0,2559.14233398437,2560.0,51.0648345947266,18.7111186981201,14.2519969940186,5.72315788269043,1.30389177799225,87.29248046875,87.298583984375,29.4466152191162,104.358062744141,30.1000003814697,33.2999992370605,30.0,92.4887619018555,95.0,79.99267578125,80.0,2.77592468261719,18.7149143218994,0.0,0.0,0.0
53,BP 110/02 (717231),ZSK 70.8,22010702,6:00,74.13,5.01,23.1,52.07,29.09.2022 12:15:00,30.09.2022 12:40:00,2022-09-30 06:00:00,145.300003051758,145.0,163.699996948242,155.0,228.5,55.8141632080078,167.900009155273,170.0,2559.30346679687,2560.0,50.9450874328613,18.4755668640137,12.546480178833,5.69082832336426,1.23480904102325,87.29248046875,87.298583984375,28.5829010009766,105.031127929688,29.7000007629394,33.2999992370605,30.0,92.6485366821289,95.0,79.99267578125,80.0,1.95537710189819,17.9134063720703,0.0,0.0,0.0
54,BP 110/02 (717231),ZSK 70.8,22010702,6:00,74.06,4.77,22.63,51.07,29.09.2022 12:15:00,30.09.2022 12:40:00,2022-09-30 06:00:00,145.300003051758,145.0,163.699996948242,155.0,228.5,55.8141632080078,167.900009155273,170.0,2559.30346679687,2560.0,50.9450874328613,18.4755668640137,12.546480178833,5.69082832336426,1.23480904102325,87.29248046875,87.298583984375,28.5829010009766,105.031127929688,29.7000007629394,33.2999992370605,30.0,92.6485366821289,95.0,79.99267578125,80.0,1.95537710189819,17.9134063720703,0.0,0.0,0.0
55,BP 110/02 (717231),ZSK 70.8,22010702,9:10,74.24,4.63,22.38,50.41,04.10.2022 10:30:00,05.10.2022 12:15:00,2022-10-05 09:10:00,144.800003051758,145.0,161.5,155.0,229.800003051758,55.8394813537598,171.199996948242,170.0,2558.59375,2560.0,52.9818687438965,18.6803722381592,15.591513633728,5.98349475860596,1.33644378185272,84.9853515625,84.9853515625,29.2686653137207,103.062423706055,29.8999996185303,33.5,30.0,92.4340591430664,95.0,79.99267578125,80.0,1.3070867061615,16.199556350708,0.0,0.0,0.0
56,BP 110/02 (717221),ZSK 70.8,22010704,6:00,75.02,4.32,22.27,49.54,04.10.2022 10:30:00,05.10.2022 12:15:00,2022-10-05 06:00:00,144.800003051758,145.0,163.400009155273,155.0,230.900009155273,54.8394088745117,170.100006103516,170.0,2559.65576171875,2560.0,51.9162826538086,18.8236961364746,12.9485530853271,5.84652042388916,1.40842008590698,86.883544921875,86.883544921875,30.3363723754883,107.622421264648,29.6000003814697,33.1000022888184,30.0,95.8872375488281,95.0,79.99267578125,80.0,1.55163764953613,17.0787220001221,0.0,0.0,0.0
57,BP 110/02 (717221),ZSK 70.8,22010704,6:00,73.03,5.37,24.04,54.6,04.10.2022 10:30:00,05.10.2022 12:15:00,2022-10-05 06:00:00,144.800003051758,145.0,163.400009155273,155.0,230.900009155273,54.8394088745117,170.100006103516,170.0,2559.65576171875,2560.0,51.9162826538086,18.8236961364746,12.9485530853271,5.84652042388916,1.40842008590698,86.883544921875,86.883544921875,30.3363723754883,107.622421264648,29.6000003814697,33.1000022888184,30.0,95.8872375488281,95.0,79.99267578125,80.0,1.55163764953613,17.0787220001221,0.0,0.0,0.0
58,BP 110/02 (717231),ZSK 70.8,22010705,10:45,75.07,4.27,22.36,49.62,04.10.2022 10:30:00,05.10.2022 12:15:00,2022-10-04 10:45:00,145.300003051758,145.0,159.0,155.0,229.300003051758,56.8142356872559,168.300003051758,170.0,2558.68237304687,2560.0,52.4247245788574,18.6546020507813,12.9139986038208,5.78101062774658,1.33861398696899,86.883544921875,86.883544921875,29.8741340637207,104.156150817871,30.3999996185303,34.1000022888184,30.0,95.4759750366211,95.0,79.99267578125,80.0,1.67807590961456,20.2424736022949,0.0,0.0,0.0
59,BP 110/02 (717231),ZSK 70.8,22010705,11:05,74.6,4.58,22.74,50.82,04.10.2022 10:30:00,05.10.2022 12:15:00,2022-10-04 11:05:00,144.900009155273,145.0,161.400009155273,155.0,229.300003051758,55.4470481872559,168.0,170.0,2558.68627929688,2560.0,52.2075538635254,18.7025260925293,13.4959478378296,5.80057859420776,1.33499705791473,86.883544921875,86.883544921875,30.0108528137207,102.13697052002,29.8999996185303,33.4000015258789,30.0,95.5911254882812,95.0,79.99267578125,80.0,1.71395254135132,18.5628623962402,0.0,0.0,0.0
60,BP 110/02 (717231),ZSK 70.8,22010705,18:00,74.61,4.47,22.48,50.25,06.10.2022 13:40:00,07.10.2022 15:45:00,2022-10-06 18:00:00,145.100006103516,145.0,164.699996948242,155.0,228.400009155273,55.4090728759766,173.800003051758,170.0,2559.79736328125,2560.0,51.9609413146973,18.6668109893799,13.3292016983032,6.75940132141113,1.33861398696899,86.395263671875,86.395263671875,28.8259563446045,104.862869262695,30.3000011444092,33.6000022888184,30.0,95.6855087280274,95.0,79.99267578125,80.0,1.43566846847534,14.6802930831909,0.0,0.0,0.0
61,BP 110/02 (717231),ZSK 70.8,22010705,6:15,74.74,4.55,22.63,50.52,06.10.2022 13:40:00,07.10.2022 15:45:00,2022-10-07 06:15:00,144.900009155273,145.0,162.699996948242,155.0,229.900009155273,49.7377738952637,174.199996948242,170.0,2559.37036132813,2560.0,52.9412803649902,18.8187198638916,14.9400138854981,6.74323606491089,1.40263307094574,88.775634765625,88.775634765625,29.7113723754883,104.374885559082,30.3000011444092,33.7000007629395,30.0,95.9584884643555,95.0,79.99267578125,80.0,1.41191697120667,14.3491363525391,0.0,0.0,0.0
62,BP 110/02 (717231),ZSK 70.8,22010705,6:00,75.19,4.34,22.41,49.72,10.10.2022 08:15:00,11.10.2022 10:30:00,2022-10-11 06:00:00,145.0,145.0,162.199996948242,155.0,230.0,57.3206024169922,171.800003051758,170.0,2559.99926757812,2560.0,53.4050674438477,18.7970199584961,13.6041593551636,6.43015146255493,1.37948489189148,85.296630859375,85.296630859375,29.4791679382324,106.814735412598,29.8999996185303,33.1000022888184,30.0,95.8994445800781,95.0,79.99267578125,80.0,1.29384732246399,15.8479328155518,0.0,0.0,0.0
63,BP 110/02 (717231),ZSK 70.8,22010707,18:00,75.88,4.15,22.34,49.09,13.10.2022 01:40:00,13.10.2022 20:50:00,2022-10-13 18:00:00,54.2999992370605,145.0,54.5,155.0,56.7999992370605,-6.06372976303101,48.2000007629395,170.0,0.0,2560.0,-0.258784800767899,0.0,0.0,10.3692350387573,0.079210065305233,0.0,87.713623046875,-0.206163197755814,-1.48073363304138,21.2000007629395,17.7000007629395,30.0,0.0,95.0,0.0,80.0,1.66251468658447,0.282355844974518,0.0,0.0,0.0
64,BP 110/02 (717231),ZSK 70.8,22010707,9:00,75.38,4.38,22.33,49.54,12.10.2022 07:00:00,13.10.2022 01:40:00,2022-10-12 09:00:00,144.600006103516,145.0,162.800003051758,155.0,229.199996948242,51.3581466674805,171.100006103516,170.0,2559.9677734375,2560.0,51.1977729797363,18.5610160827637,15.8085956573486,6.73643016815186,1.29231762886047,85.36376953125,85.36376953125,28.0143241882324,105.603225708008,29.8999996185303,33.5,30.0,95.2897796630859,95.0,79.99267578125,80.0,0.813908278942108,17.4661750793457,0.0,0.0,0.0
65,BP 110/02 (717231),ZSK 70.8,22010708,7:30,74.05,4.88,23.06,51.93,13.10.2022 01:40:00,13.10.2022 20:50:00,2022-10-13 07:30:00,145.100006103516,145.0,155.100006103516,155.0,162.100006103516,0.468388319015503,170.900009155273,170.0,0.0,2560.0,-0.258784800767899,0.0,0.0,10.4092216491699,0.0795717537403107,0.0,87.85400390625,-0.206163197755814,-0.62258106470108,25.3999996185303,23.7000007629395,30.0,0.0,95.0,0.0,80.0,1.22012639045715,2.57942795753479,0.0,0.0,0.0
66,BP 110/02 (717231),ZSK 70.8,22010708,6:00,73.46,5.18,23.87,53.91,13.10.2022 01:40:00,13.10.2022 20:50:00,2022-10-13 06:00:00,145.0,145.0,163.0,155.0,225.400009155273,51.4087829589844,174.100006103516,170.0,2559.29370117187,2560.0,51.161247253418,18.8019905090332,15.3374042510986,6.7245192527771,1.39214408397675,87.85400390625,87.85400390625,29.1861991882324,105.771499633789,30.2000007629395,33.5,30.0,91.9493255615234,95.0,79.99267578125,80.0,0.95076596736908,14.5756721496582,0.0,0.0,0.0
67,BP 110/02 (717221),ZSK 70.8,22010709,18:00,73.42,5.14,23.75,53.7,14.10.2022 15:25:00,15.10.2022 04:00:00,2022-10-14 18:00:00,20.3999996185303,145.0,20.8999996185303,155.0,20.3999996185303,-6.67136859893799,20.0,170.0,0.0,2560.0,-0.213116884231567,0.0,0.0,10.2960691452026,0.0759548619389534,0.0,87.713623046875,-0.208333343267441,-0.336530297994614,19.1000003814697,18.0,30.0,0.0,95.0,0.0,80.0,1.18633317947388,0.165860012173653,0.0,0.0,0.0
68,BP 110/02 (717221),ZSK 70.8,22010710,18:00,74.0,4.96,23.23,52.32,14.10.2022 15:25:00,15.10.2022 04:00:00,2022-10-14 18:00:00,20.3999996185303,145.0,20.8999996185303,155.0,20.3999996185303,-6.67136859893799,20.0,170.0,0.0,2560.0,-0.213116884231567,0.0,0.0,10.2960691452026,0.0759548619389534,0.0,87.713623046875,-0.208333343267441,-0.336530297994614,19.1000003814697,18.0,30.0,0.0,95.0,0.0,80.0,1.18633317947388,0.165860012173653,0.0,0.0,0.0
69,BP 110/02 (717221),ZSK 70.8,22010712,6:50,74.53,4.75,23.21,51.81,27.10.2022 11:50:00,28.10.2022 12:00:00,2022-10-28 06:50:00,145.5,145.0,164.900009155273,155.0,228.0,52.4088554382324,170.699996948242,170.0,2559.66430664062,2560.0,50.7887992858887,18.6134624481201,15.5597658157349,7.18819093704224,1.30244493484497,85.15625,85.15625,28.7369804382324,106.225807189941,29.7000007629394,33.2000007629395,30.0,95.8386993408203,95.0,79.99267578125,80.0,1.29124879837036,15.4464292526245,0.0,0.0,0.0
70,BP 110/02 (717221),ZSK 70.8,22010711,18:00,75.13,4.46,22.98,50.86,27.10.2022 11:50:00,28.10.2022 12:00:00,2022-10-27 18:00:00,144.900009155273,145.0,165.0,155.0,226.600006103516,52.1303520202637,168.600006103516,170.0,2558.79248046875,2560.0,51.0617904663086,18.6758518218994,14.3558044433594,7.09375476837158,1.34367763996124,85.15625,85.15625,29.3185787200928,107.336364746094,29.7000007629394,33.2000007629395,30.0,95.4945526123047,95.0,79.99267578125,80.0,1.33397388458252,17.1465034484863,0.0,0.0,0.0
71,BP 110/02 (717221),ZSK 70.8,22010712,18:15,75.11,4.57,23.29,51.51,28.10.2022 12:00:00,29.10.2022 04:00:00,2022-10-28 18:15:00,145.100006103516,145.0,165.5,155.0,226.600006103516,55.712890625,168.300003051758,170.0,2558.92578125,2560.0,50.739070892334,18.7757682800293,13.2131052017212,7.09460592269897,1.38780379295349,87.59765625,87.59765625,29.7699661254883,103.331649780273,30.2000007629395,33.7999992370605,30.0,95.6820983886719,95.0,79.99267578125,80.0,1.90865325927734,18.3297595977783,0.0,0.0,0.0
72,BP 110/02 (717221),ZSK 70.8,22010766,19:19,76.03,4.07,21.88,48.15,02.11.2022 00:01:00,02.11.2022 22:40:00,2022-11-02 19:19:00,145.300003051758,145.0,161.400009155273,155.0,226.600006103516,48.5984535217285,172.5,170.0,2559.27392578125,2560.0,54.0900764465332,18.6252174377441,14.9676752090454,6.98825883865357,1.32703983783722,83.355712890625,83.355712890625,29.0863723754883,103.550392150879,30.0,33.6000022888184,30.0,92.3018264770508,95.0,79.99267578125,80.0,2.165034532547,15.1502170562744,0.0,0.0,0.0
73,BP 110/02 (717221),ZSK 70.8,22010766,18:00,77.07,3.59,20.71,45.22,02.11.2022 00:01:00,02.11.2022 22:40:00,2022-11-02 18:00:00,144.900009155273,145.0,161.5,155.0,227.800003051758,50.7884826660156,169.0,170.0,2559.40551757813,2560.0,54.2565155029297,18.6478214263916,13.1973514556885,6.98825883865357,1.33174180984497,83.355712890625,83.355712890625,29.3598098754883,108.446907043457,29.3000011444092,32.6000022888184,30.0,95.3678970336914,95.0,79.99267578125,80.0,1.60491359233856,16.9664535522461,0.0,0.0,0.0
74,BP 110/02 (717231),ZSK 70.8,22010765,12:18,75.36,4.25,22.08,48.98,28.10.2022 12:00:00,29.10.2022 04:00:00,2022-10-28 12:18:00,144.800003051758,145.0,165.0,155.0,228.699996948242,56.6623268127441,169.5,170.0,2559.65795898437,2560.0,50.6670150756836,18.7581367492676,14.4354104995728,7.07929229736328,1.38599526882172,87.59765625,87.59765625,29.8133697509766,104.189796447754,30.1000003814697,33.6000022888184,30.0,96.1036376953125,95.0,79.99267578125,80.0,1.72067213058472,17.4528656005859,0.0,0.0,0.0
75,BP 110/02 (717231),ZSK 70.8,22010765,4:24,75.76,4.24,22.07,48.76,04.11.2022 00:01:00,05.11.2022 02:20:00,2022-11-04 04:24:00,145.100006103516,145.0,161.699996948242,155.0,226.0,51.3581466674805,172.900009155273,170.0,2559.73803710937,2560.0,52.936206817627,18.65234375,14.6367387771606,7.06397819519043,1.3187210559845,83.88671875,83.88671875,28.5698795318604,103.903747558594,30.3999996185303,33.7000007629395,30.0,95.6396484375,95.0,79.99267578125,80.0,2.07585573196411,16.2262382507324,0.0,0.0,0.0
76,BP 110/02 (717231),ZSK 70.8,22010767,18:00,76.07,3.89,21.85,47.91,04.11.2022 00:01:00,05.11.2022 02:20:00,2022-11-04 18:00:00,145.0,145.0,163.199996948242,155.0,226.800003051758,51.8391914367676,168.199996948242,170.0,2560.04833984375,2560.0,51.7021560668945,18.8585071563721,15.1022062301636,7.02229022979736,1.44675922393799,87.445068359375,87.445068359375,29.6766510009766,103.819625854492,30.2000007629395,33.6000022888184,30.0,92.7763671875,95.0,79.99267578125,80.0,1.27974569797516,18.2957801818848,0.0,0.0,0.0
77,BP 110/02 (717231),ZSK 70.8,22010771,7:00,75.74,4.0,21.76,48.02,04.11.2022 00:01:00,05.11.2022 02:20:00,2022-11-04 07:00:00,144.900009155273,145.0,162.400009155273,155.0,225.600006103516,51.294849395752,171.800003051758,170.0,2559.67578125,2560.0,51.9720993041992,18.6197910308838,13.2847080230713,7.0290961265564,1.31510412693024,83.88671875,83.88671875,28.3702278137207,108.648826599121,29.8000011444092,33.5,30.0,96.3319549560547,95.0,79.99267578125,80.0,1.43371438980103,14.9392871856689,0.0,0.0,0.0
78,BP 110/02 (717231),ZSK 70.8,22010771,9:33,75.24,4.22,22.23,49.27,04.11.2022 00:01:00,05.11.2022 02:20:00,2022-11-04 09:33:00,145.0,145.0,156.600006103516,155.0,224.600006103516,53.345630645752,173.100006103516,170.0,2559.19775390625,2560.0,50.9268188476563,18.7852611541748,13.4471120834351,7.04951477050781,1.39756941795349,86.248779296875,86.248779296875,29.3706607818604,103.701835632324,33.2000007629395,37.6000022888184,30.0,95.4100036621094,95.0,79.99267578125,80.0,1.51972341537476,14.6297931671143,0.0,0.0,0.0
79,BP 110/02 (717231),ZSK 70.8,22010771,18:00,75.44,4.29,22.42,49.57,04.11.2022 00:01:00,05.11.2022 02:20:00,2022-11-04 18:00:00,145.0,145.0,163.199996948242,155.0,226.800003051758,51.8391914367676,168.199996948242,170.0,2560.04833984375,2560.0,51.7021560668945,18.8585071563721,15.1022062301636,7.02229022979736,1.44675922393799,87.445068359375,87.445068359375,29.6766510009766,103.819625854492,30.2000007629395,33.6000022888184,30.0,92.7763671875,95.0,79.99267578125,80.0,1.27974569797516,18.2957801818848,0.0,0.0,0.0
80,BP 110/02 (717221),ZSK 70.8,22010772,6:00,75.05,4.41,22.27,49.62,04.11.2022 00:01:00,05.11.2022 02:20:00,2022-11-04 06:00:00,145.0,145.0,161.600006103516,155.0,225.199996948242,50.5606193542481,173.100006103516,170.0,2559.87084960937,2560.0,52.4582061767578,18.6306419372559,13.8935689926147,7.02569341659546,1.32269966602325,83.88671875,83.88671875,28.3680572509766,104.610466003418,30.0,33.4000015258789,30.0,95.2940139770508,95.0,79.99267578125,80.0,1.2685170173645,16.3884105682373,0.0,0.0,0.0
81,BP 110/02 (717231),ZSK 70.8,22010773,9:48,75.67,4.16,22.1,48.8,04.11.2022 00:01:00,05.11.2022 02:20:00,2022-11-04 09:48:00,145.0,145.0,158.5,155.0,225.100006103516,50.4213676452637,173.199996948242,170.0,2559.0009765625,2560.0,50.559440612793,18.7676315307617,16.1039047241211,7.07929229736328,1.39720773696899,86.248779296875,86.248779296875,29.2144107818604,107.016662597656,29.8000011444092,33.5,30.0,92.3777542114258,95.0,79.99267578125,80.0,1.54886543750763,14.6966228485107,0.0,0.0,0.0
82,BP 110/02 (717231),ZSK 70.8,22010775,6:24,76.13,3.87,21.44,47.16,09.11.2022 09:50:00,10.11.2022 11:50:00,2022-11-10 06:24:00,145.0,145.0,162.900009155273,155.0,227.300003051758,49.3833198547363,170.100006103516,170.0,2559.03686523438,2560.0,50.7532806396484,18.7056922912598,15.0163717269897,7.187340259552,1.3382523059845,90.4541015625,90.4541015625,27.9340286254883,104.307586669922,30.1000003814697,33.7000007629395,30.0,95.3740768432617,95.0,79.99267578125,80.0,1.761305809021,16.2660217285156,0.0,0.0,0.0
83,BP 110/02 (717231),ZSK 70.8,22010775,6:00,75.4,4.27,22.38,49.51,09.11.2022 09:50:00,10.11.2022 11:50:00,2022-11-10 06:00:00,145.800003051758,145.0,163.0,155.0,227.100006103516,52.3835372924805,171.699996948242,170.0,2559.55712890625,2560.0,50.6162757873535,18.653247833252,14.4127769470215,7.25880575180054,1.32957172393799,90.4541015625,90.4541015625,27.8211822509766,107.370010375977,29.7000007629394,33.7999992370605,30.0,95.3105316162109,95.0,79.99267578125,80.0,2.17085123062134,15.3150682449341,0.0,0.0,0.0
84,BP 110/02 (717231),ZSK 70.8,22010775,18:00,76.89,3.62,21.42,46.55,10.11.2022 11:45:00,11.11.2022 18:20:00,2022-11-10 18:00:00,144.699996948242,145.0,160.5,155.0,227.5,51.0416679382324,171.5,170.0,2559.74047851562,2560.0,51.8229293823242,19.2852993011475,14.4756240844727,7.11927843093872,1.62977421283722,95.367431640625,95.367431640625,32.1896705627441,106.14168548584,34.7999992370605,37.5,35.0,96.3619003295898,95.0,79.99267578125,80.0,1.63719248771667,19.6695423126221,0.0,0.0,0.0
85,BP 110/02 (717231),ZSK 70.8,22010776,9:57,75.15,4.36,22.28,49.54,10.11.2022 11:45:00,11.11.2022 18:20:00,2022-11-11 09:57:00,144.900009155273,145.0,162.300003051758,155.0,228.400009155273,49.0794982910156,170.300003051758,170.0,2559.59155273437,2560.0,51.1510887145996,18.7409572601318,15.268424987793,7.11672592163086,1.36320888996124,89.68505859375,89.691162109375,29.2187519073486,104.778732299805,35.2999992370605,38.2999992370605,35.0,92.6791076660156,95.0,79.99267578125,80.0,1.62756252288818,16.9437408447266,0.0,0.0,0.0
86,BP 110/02 (717231),ZSK 70.8,22010776,9:51,75.07,4.49,22.17,49.5,10.11.2022 11:45:00,11.11.2022 18:20:00,2022-11-11 09:51:00,144.900009155273,145.0,162.300003051758,155.0,228.0,50.4593467712402,172.100006103516,170.0,2559.29296875,2560.0,51.504264831543,18.7346286773682,14.7135772705078,7.11672592163086,1.35633671283722,89.68505859375,89.691162109375,29.2187519073486,104.408546447754,35.4000015258789,38.2999992370605,35.0,96.3964385986328,95.0,79.99267578125,80.0,1.20955371856689,15.6172218322754,0.0,0.0,0.0
87,BP 110/02 (717231),ZSK 70.8,22010780,6:00,74.78,4.4,21.48,48.36,15.11.2022 03:40:00,16.11.2022 04:20:00,2022-11-15 06:00:00,145.0,145.0,162.699996948242,155.0,227.800003051758,52.3075828552246,169.199996948242,170.0,2559.31567382812,2560.0,51.2495346069336,18.5953750610352,13.6776399612427,7.02824544906616,1.27314805984497,89.044189453125,89.044189453125,27.7777786254883,104.946998596191,35.0,38.2999992370605,35.0,96.1955184936523,95.0,79.99267578125,80.0,1.50053226947784,17.4680004119873,0.0,0.0,0.0
88,BP 110/02 (717221),ZSK 70.8,22010777,18:00,75.39,4.34,22.02,48.95,16.11.2022 12:15:00,17.11.2022 12:20:00,2022-11-16 18:00:00,145.0,145.0,162.600006103516,155.0,227.400009155273,52.8645820617676,171.800003051758,170.0,2559.83520507812,2560.0,50.943058013916,18.7065963745117,13.6042213439941,7.03845500946045,1.36031532287598,91.485595703125,91.49169921875,29.5117206573486,108.396430969238,34.6000022888184,37.7999992370605,35.0,95.6869354248047,95.0,79.99267578125,80.0,1.4263836145401,15.8031234741211,0.0,0.0,0.0
89,BP 110/02 (717221),ZSK 70.8,22010781,6:00,75.43,4.36,21.89,48.74,16.11.2022 12:15:00,17.11.2022 12:20:00,2022-11-17 06:00:00,144.800003051758,145.0,161.300003051758,155.0,227.400009155273,52.1809883117676,168.900009155273,170.0,2559.49047851563,2560.0,50.7827072143555,18.5809078216553,14.2224159240723,7.11927843093872,1.2796585559845,91.485595703125,91.49169921875,28.4830741882324,104.341239929199,35.1000022888184,38.2999992370605,35.0,96.0428009033203,95.0,79.99267578125,80.0,1.87250161170959,20.067850112915,0.0,0.0,0.0
90,BP 110/02 (717221),ZSK 70.8,22010780,18:00,75.32,4.41,22.25,49.45,16.11.2022 12:15:00,17.11.2022 12:20:00,2022-11-16 18:00:00,145.0,145.0,162.600006103516,155.0,227.400009155273,52.8645820617676,171.800003051758,170.0,2559.83520507812,2560.0,50.943058013916,18.7065963745117,13.6042213439941,7.03845500946045,1.36031532287598,91.485595703125,91.49169921875,29.5117206573486,108.396430969238,34.6000022888184,37.7999992370605,35.0,95.6869354248047,95.0,79.99267578125,80.0,1.4263836145401,15.8031234741211,0.0,0.0,0.0
91,BP 110/02 (717221),ZSK 70.8,22010824,6:00,75.15,4.29,22.11,49.18,17.11.2022 12:20:00,18.11.2022 13:30:00,2022-11-18 06:00:00,145.100006103516,145.0,163.300003051758,155.0,227.900009155273,50.927734375,168.100006103516,170.0,2559.49340820312,2560.0,49.2898712158203,18.616174697876,14.3025522232056,6.90998792648315,1.31004047393799,92.6025390625,92.6025390625,28.5611991882324,107.891632080078,34.4000015258789,38.2000007629395,35.0,96.0266265869141,95.0,79.99267578125,80.0,1.86566758155823,19.1146411895752,0.0,0.0,0.0
92,BP 110/02 (717221),ZSK 70.8,22010824,8:40,75.05,4.31,21.83,48.75,17.11.2022 12:20:00,18.11.2022 13:30:00,2022-11-18 08:40:00,145.5,145.0,158.0,155.0,225.400009155273,46.5729904174805,169.199996948242,170.0,2559.0927734375,2560.0,50.6233787536621,18.6360664367676,14.5851011276245,6.80874586105347,1.35054969787598,93.743896484375,93.743896484375,29.4010429382324,100.70671081543,38.7999992370605,42.4000015258789,35.0,95.5178833007812,95.0,79.99267578125,80.0,1.93156003952026,20.0882873535156,0.0,0.0,0.0
93,BP 110/02 (717221),ZSK 70.8,22010781,18:00,75.31,4.26,21.68,48.32,17.11.2022 12:20:00,18.11.2022 13:30:00,2022-11-17 18:00:00,144.900009155273,145.0,163.900009155273,155.0,227.300003051758,50.4973258972168,168.5,170.0,2559.67504882812,2560.0,50.314868927002,18.6921272277832,13.6934995651245,6.93551111221314,1.34259259700775,92.6025390625,92.6025390625,29.1362857818604,108.177680969238,34.6000022888184,37.7999992370605,35.0,95.5117797851562,95.0,79.99267578125,80.0,2.00477695465088,20.7153053283691,0.0,0.0,0.0
94,BP 110/02 (717221),ZSK 70.8,22010825,18:00,74.67,4.16,21.52,48.24,21.11.2022 09:00:00,21.11.2022 20:15:00,2022-11-21 18:00:00,145.300003051758,145.0,159.300003051758,155.0,227.300003051758,54.0798606872559,171.5,170.0,2559.56616210937,2560.0,51.0689010620117,18.7970180511475,14.3627319335938,6.8887186050415,1.37442123889923,93.414306640625,93.414306640625,29.3641510009766,103.651359558105,35.4000015258789,38.5,35.0,95.4019241333008,95.0,79.99267578125,80.0,1.4106616973877,16.9805278778076,0.0,0.0,0.0
95,BP 110/02 (717221),ZSK 70.8,22010826,18:03,75.2,4.39,22.55,50.01,21.11.2022 09:00:00,21.11.2022 20:15:00,2022-11-21 18:03:00,144.900009155273,145.0,159.400009155273,155.0,226.100006103516,52.7000160217285,174.0,170.0,2560.0419921875,2560.0,50.6588897705078,18.773509979248,14.7109527587891,6.8887186050415,1.37188947200775,93.414306640625,93.414306640625,29.6006965637207,106.882049560547,34.7000007629395,37.7000007629395,35.0,95.6746063232422,95.0,79.99267578125,80.0,1.12289953231812,16.1203956604004,0.0,0.0,0.0
96,BP 110/02 (717221),ZSK 70.8,22010827,6:00,75.33,4.38,22.58,49.99,21.11.2022 09:00:00,21.11.2022 20:15:00,2022-11-21 06:00:00,144.800003051758,145.0,155.0,155.0,159.699996948242,-0.11393229663372,171.400009155273,170.0,0.0,2560.0,-0.152226343750954,0.0,0.0,10.1641988754272,0.0770399272441864,0.0,93.743896484375,-0.230034738779068,-0.521621942520142,16.1000003814697,14.1999998092651,35.0,0.0,95.0,0.0,80.0,0.259186089038849,7.40646743774414,0.0,0.0,0.0
97,BP 110/02 (717221),ZSK 70.8,22010827,6:02,75.57,4.32,22.25,49.26,21.11.2022 09:00:00,21.11.2022 20:15:00,2022-11-21 06:02:00,145.400009155273,145.0,154.199996948242,155.0,159.600006103516,-0.329137742519379,171.300003051758,170.0,0.0,2560.0,-0.152226343750954,0.0,0.0,10.1641988754272,0.0755931660532951,0.0,93.743896484375,-0.230034738779068,-0.521621942520142,16.0,14.1000003814697,35.0,0.0,95.0,0.0,80.0,0.242545261979103,5.75047636032105,0.0,0.0,0.0
98,BP 110/02 (717221),ZSK 70.8,22010828,18:00,74.93,4.57,22.73,50.61,21.11.2022 09:00:00,21.11.2022 20:15:00,2022-11-21 18:00:00,145.300003051758,145.0,159.300003051758,155.0,227.300003051758,54.0798606872559,171.5,170.0,2559.56616210937,2560.0,51.0689010620117,18.7970180511475,14.3627319335938,6.8887186050415,1.37442123889923,93.414306640625,93.414306640625,29.3641510009766,103.651359558105,35.4000015258789,38.5,35.0,95.4019241333008,95.0,79.99267578125,80.0,1.4106616973877,16.9805278778076,0.0,0.0,0.0
99,BP 110/02 (717221),ZSK 70.8,22010828,18:17,75.46,4.22,22.11,48.97,23.11.2022 00:45:00,24.11.2022 07:40:00,2022-11-23 18:17:00,145.300003051758,145.0,163.800003051758,155.0,211.5,1.67100691795349,174.400009155273,170.0,0.0,2560.0,-0.243562147021294,0.0,0.0,10.3309507369995,0.87890625,91.4794921875,91.4794921875,30.4275188446045,102.06965637207,34.4000015258789,37.9000015258789,35.0,92.7909164428711,95.0,79.99267578125,80.0,1.68998980522156,12.676962852478,0.0,0.0,0.0
100,BP 110/02 (717221),ZSK 70.8,22010828,6:17,74.59,4.45,22.49,50.26,24.11.2022 03:00:00,24.11.2022 14:00:00,2022-11-24 06:17:00,144.5,145.0,162.300003051758,155.0,227.400009155273,50.611255645752,172.800003051758,170.0,2560.03393554687,2560.0,51.0932579040527,18.4344253540039,15.5951986312866,7.68674421310425,1.21491599082947,90.05126953125,90.05126953125,27.7473964691162,103.449432373047,35.0,38.5,35.0,95.9286346435547,95.0,79.99267578125,80.0,1.18475675582886,15.6758108139038,0.0,0.0,0.0
101,BP 110/02 (717221),ZSK 70.8,22010829,18:00,74.99,4.29,22.52,49.96,24.11.2022 03:00:00,24.11.2022 14:00:00,2022-11-24 18:00:00,145.100006103516,145.0,164.0,155.0,227.600006103516,47.5730628967285,172.5,170.0,2559.6171875,2560.0,51.2789649963379,18.7305603027344,14.3880109786987,7.54721736907959,1.36971926689148,94.3115234375,94.3115234375,29.4531269073486,104.257110595703,35.0,38.2000007629395,35.0,96.3626937866211,95.0,79.99267578125,80.0,1.30761337280273,16.6418704986572,0.0,0.0,0.0
102,BP 110/02 (717221),ZSK 70.8,22010829,6:00,75.07,4.34,22.15,49.33,24.11.2022 03:00:00,24.11.2022 14:00:00,2022-11-24 06:00:00,144.900009155273,145.0,162.199996948242,155.0,227.800003051758,52.0670585632324,172.199996948242,170.0,2559.7724609375,2560.0,51.1267433166504,18.4931964874268,13.6584758758545,7.6161298751831,1.23336219787598,90.05126953125,90.05126953125,27.9752616882324,106.057540893555,34.7000007629395,38.0,35.0,92.0019454956055,95.0,79.99267578125,80.0,1.46468150615692,16.1899032592773,0.0,0.0,0.0
103,BP 110/02 (717221),ZSK 70.8,22010829,6:00,74.33,4.47,22.52,50.45,23.11.2022 00:45:00,24.11.2022 07:40:00,2022-11-23 06:00:00,144.900009155273,145.0,163.400009155273,155.0,228.100006103516,49.3959770202637,173.300003051758,170.0,2559.47314453125,2560.0,50.6497611999512,18.7237777709961,15.1282663345337,7.60251808166504,1.37948489189148,93.5791015625,93.5791015625,29.4140644073486,105.115264892578,34.9000015258789,37.9000015258789,35.0,95.443962097168,95.0,79.99267578125,80.0,1.41242849826813,16.4494152069092,0.0,0.0,0.0
104,BP 110/02 (717221),ZSK 70.8,22010830,18:00,74.99,4.54,22.58,50.31,23.11.2022 00:45:00,24.11.2022 07:40:00,2022-11-23 18:00:00,144.900009155273,145.0,164.0,155.0,227.400009155273,50.8770980834961,167.900009155273,170.0,2559.21704101562,2560.0,51.7386932373047,18.5510692596436,14.3751344680786,7.67228126525879,1.28508388996124,91.4794921875,91.4794921875,28.5937519073486,104.896522521973,34.7999992370605,38.1000022888184,35.0,96.4235763549805,95.0,79.99267578125,80.0,1.36172187328339,18.9248867034912,0.0,0.0,0.0
105,BP 110/02 (717221),ZSK 70.8,22010830,18:27,74.94,4.47,22.72,50.5,23.11.2022 00:45:00,24.11.2022 07:40:00,2022-11-23 18:27:00,144.600006103516,145.0,161.100006103516,155.0,172.199996948242,0.215205445885658,170.400009155273,170.0,0.0,2560.0,-0.243562147021294,0.0,0.0,10.2901134490967,0.0795717537403107,0.0,91.4794921875,-0.232204869389534,105.014305114746,32.2999992370605,32.9000015258789,35.0,0.0,95.0,0.0,80.0,1.66346991062164,2.33815336227417,0.0,0.0,0.0
106,BP 110/02 (717221),ZSK 70.8,22010831,18:00,74.43,4.51,22.35,50.14,30.11.2022 19:00:00,30.11.2022 23:59:00,2022-11-30 18:00:00,144.699997,145.0,163.300003,155.0,227.0,55.535664,173.0,170.0,2559.984375,2560.0,50.601051,18.193899,15.529772,7.461289,1.100984,89.813232,89.813232,25.303822,100.975937,35.200001,39.0,35.0,92.653564,95.0,79.992676,80.0,1.275767,17.049587,0.0,0.0,0.0
107,BP 110/02 (717221),ZSK 70.8,22010831,8:14,74.77,4.29,22.13,49.38,01.12.2022 00:01:00,01.12.2022 18:45:00,2022-12-01 08:14:00,144.800003,145.0,161.5,155.0,227.800003,54.497612,170.199997,170.0,2559.776611,2560.0,50.397068,18.094435,14.348489,7.440871,1.050347,89.813232,89.813232,24.455296,105.502274,34.700001,38.600002,35.0,95.483925,95.0,79.992676,80.0,1.465757,18.742327,0.0,0.0,0.0
108,BP 110/02 (717221),ZSK 70.8,22010832,6:54,75.3,4.15,22.2,49.12,06.12.2022 08:00:00,07.12.2022 09:40:00,2022-12-07 06:54:00,145.100006,145.0,162.400009,155.0,225.199997,48.687065,168.699997,170.0,2560.114258,2560.0,50.801991,18.906429,15.935396,7.287731,1.481843,99.694824,99.694824,29.453127,106.6633,34.700001,37.799999,35.0,95.973206,95.0,79.992676,80.0,1.901411,20.937883,0.0,0.0,0.0
109,BP 110/02 (717221),ZSK 70.8,22010831,18:00,76.38,3.69,21.4,46.8,07.12.2022 09:40:00,08.12.2022 12:25:00,2022-12-07 18:00:00,145.100006,145.0,162.600006,155.0,226.199997,50.358074,173.5,170.0,2558.946533,2560.0,52.140572,19.03031,15.323062,7.495321,1.530671,86.444092,86.444092,30.14323,105.636887,34.700001,37.299999,35.0,95.967209,95.0,79.992676,80.0,2.06411,15.523768,0.0,0.0,0.0
110,BP 110/02 (717221),ZSK 70.8,23010000,6:00,74.71,4.49,22.49,50.24,13.12.2022 06:30:00,13.12.2022 17:30:00,2022-12-13 06:00:00,145.100006,145.0,155.199997,155.0,224.0,49.67448,170.199997,170.0,2559.820313,2560.0,53.025513,18.835899,15.23751,7.749701,1.409143,81.347656,81.347656,28.89106,101.985527,35.400002,38.700001,35.0,91.707153,95.0,79.992676,80.0,1.392008,16.104864,0.0,0.0,0.0
111,BP 110/02 (717221),ZSK 70.8,23010000,7:11,75.24,4.06,21.65,48.12,13.12.2022 06:30:00,13.12.2022 17:30:00,2022-12-13 07:11:00,144.900009,145.0,158.800003,155.0,225.0,48.168041,171.400009,170.0,2559.990234,2560.0,52.827618,18.893768,15.432293,7.747149,1.426866,81.347656,81.347656,29.088543,105.872452,34.600002,37.600002,35.0,92.749222,95.0,79.992676,80.0,1.461262,14.712525,0.0,0.0,0.0
112,BP 110/02 (717221),ZSK 70.8,23010000,20:23,74.82,4.24,22.26,49.55,13.12.2022 06:30:00,13.12.2022 17:30:00,2022-12-13 20:23:00,146.0,145.0,154.800003,155.0,167.199997,0.835503,169.199997,170.0,0.0,2000.0,-0.22834,0.0,0.0,10.402416,0.593533,64.581299,64.581299,24.932728,104.425369,33.799999,33.799999,35.0,96.067558,95.0,79.992676,80.0,2.189817,10.703181,0.0,0.0,0.0
113,BP 110/02 (717221),ZSK 70.8,23010001,6:00,74.72,4.41,22.34,49.9,13.12.2022 17:30:00,14.12.2022 05:40:00,2022-12-14 06:00:00,145.0,145.0,156.699997,155.0,161.699997,0.025318,171.699997,170.0,0.0,2000.0,-0.182672,0.0,0.0,10.222051,0.669488,68.255615,68.255615,26.406252,101.278816,35.5,35.400002,35.0,95.938362,95.0,79.992676,80.0,1.642539,7.342713,0.0,0.0,0.0
114,BP 110/02 (717221),ZSK 70.8,23010001,18:00,75.87,3.67,21.23,46.72,14.12.2022 16:30:00,15.12.2022 02:55:00,2022-12-14 18:00:00,145.100006,145.0,159.600006,155.0,222.400009,48.585793,173.900009,170.0,2349.644775,2350.0,50.623371,18.796566,14.309665,7.698655,1.410228,82.385254,82.385254,29.635418,105.384483,35.200001,38.299999,35.0,95.916534,95.0,79.992676,80.0,1.388512,15.841435,0.0,0.0,0.0
115,BP 110/02 (717221),ZSK 70.8,23010001,18:00,74.69,4.41,22.29,49.83,14.12.2022 16:30:00,15.12.2022 02:55:00,2022-12-14 18:00:00,145.100006,145.0,159.600006,155.0,222.400009,48.585793,173.900009,170.0,2349.644775,2350.0,50.623371,18.796566,14.309665,7.698655,1.410228,82.385254,82.385254,29.635418,105.384483,35.200001,38.299999,35.0,95.916534,95.0,79.992676,80.0,1.388512,15.841435,0.0,0.0,0.0
116,BP 110/02 (717221),ZSK 70.8,23010002,6:00,74.22,4.6,22.84,51.19,15.12.2022 05:40:00,16.12.2022 01:30:00,2022-12-15 06:00:00,145.0,145.0,158.300003,155.0,222.199997,46.85149,168.100006,170.0,1999.184082,2000.0,47.553478,18.799734,14.093288,7.519142,1.397208,83.184814,83.184814,29.646269,104.761902,35.0,37.400002,35.0,92.629845,95.0,79.992676,80.0,2.004721,16.912495,0.0,0.0,0.0
117,BP 110/02 (717221),ZSK 70.8,23010002,6:13,73.83,4.37,21.91,49.52,15.12.2022 06:00:00,15.12.2022 16:00:00,2022-12-15 06:13:00,145.5,145.0,158.699997,155.0,222.699997,52.067059,173.699997,170.0,1999.313843,2000.0,47.815315,18.763563,16.23864,7.540411,1.398293,83.184814,83.184814,29.704863,105.68737,34.700001,37.100002,35.0,95.670876,95.0,79.992676,80.0,1.4518,13.40349,0.0,0.0,0.0
118,BP 110/02 (717221),ZSK 70.8,23010002,18:00,75.38,4.07,21.78,48.28,02.01.2023 09:30:00,02.01.2023 23:10:00,2023-01-02 18:00:00,144.699997,145.0,156.900009,155.0,161.900009,-0.215205,170.199997,170.0,0.0,2000.0,-0.182672,0.0,0.0,10.102942,0.072338,0.0,71.032715,-0.269097,102.052834,32.0,36.700001,35.0,0.0,95.0,0.0,80.0,1.429898,0.963805,0.0,0.0,0.0
119,BP 110/02 (717221),ZSK 70.8,23010003,15:00,73.79,4.75,22.66,51.24,02.01.2023 10:00:00,02.01.2023 23:10:00,2023-01-02 15:00:00,144.5,145.0,154.5,155.0,160.600006,-0.430411,169.5,170.0,0.0,2000.0,-0.167449,0.0,0.0,10.10039,0.760995,71.032715,71.032715,27.289497,105.939766,34.5,34.400002,35.0,96.089203,95.0,79.992676,80.0,1.164461,55.252979,0.0,0.0,0.0
120,BP 110/02 (717221),ZSK 70.8,23010003,19:45,75.1,4.13,22.28,49.33,03.01.2023 06:00:00,03.01.2023 16:00:00,2023-01-03 19:45:00,144.900009,145.0,162.5,155.0,226.600006,47.155312,173.800003,170.0,2559.750732,2560.0,53.343151,18.933558,15.525657,7.006976,1.477503,82.354736,82.354736,29.596355,101.901398,35.299999,38.400002,35.0,96.25415,95.0,79.992676,80.0,1.665072,14.53583,0.0,0.0,0.0
121,BP 110/02 (717221),ZSK 70.8,23010003,8:40,75.22,4.07,21.53,47.91,03.01.2023 06:00:00,03.01.2023 16:00:00,2023-01-03 08:40:00,145.600006,145.0,155.400009,155.0,160.900009,-0.139251,169.900009,170.0,0.0,2000.0,-0.197894,0.0,0.0,10.141228,1.061921,82.189941,82.196045,32.070313,108.211334,34.5,34.299999,35.0,95.20974,95.0,79.992676,80.0,1.560846,11.987938,0.0,0.0,0.0
122,BP 110/02 (717221),ZSK 70.8,23010003,18:00,74.76,4.24,22.34,49.72,03.01.2023 16:00:00,04.01.2023 02:10:00,2023-01-03 18:00:00,144.600006,145.0,161.199997,155.0,226.5,50.611256,174.199997,170.0,2559.557373,2560.0,54.037312,18.924065,13.860012,6.995916,1.474609,82.354736,82.354736,29.533422,105.418137,34.5,37.400002,35.0,95.430298,95.0,79.992676,80.0,1.347691,16.627001,0.0,0.0,0.0
123,BP 110/02 (717221),ZSK 70.8,23010004,6:00,72.03,5.42,23.74,54.68,03.01.2023 16:00:00,04.01.2023 02:10:00,2023-01-04 06:00:00,145.0,145.0,161.900009,155.0,225.600006,47.623699,173.100006,170.0,2559.477295,2560.0,53.067116,18.915472,14.576756,7.02229,1.4511,82.354736,82.354736,29.357641,103.079254,35.100002,38.0,35.0,95.414246,95.0,79.992676,80.0,1.425673,16.435314,0.0,0.0,0.0
124,BP 110/02 (717221),ZSK 70.8,23010004,11:00,74.13,4.61,22.57,50.79,03.01.2023 16:00:00,04.01.2023 02:10:00,2023-01-04 11:00:00,145.100006,145.0,154.800003,155.0,160.800003,0.088614,170.900009,170.0,0.0,2100.0,-0.213117,0.0,0.0,10.225454,0.780527,71.728516,71.728516,27.502171,104.627289,34.799999,34.799999,35.0,96.354416,95.0,79.992676,80.0,0.745566,53.738323,0.0,0.0,0.0
125,BP 110/02 (717221),ZSK 70.8,23010004,18:05,74.76,4.33,22.62,50.28,04.01.2023 02:10:00,04.01.2023 13:15:00,2023-01-04 18:05:00,144.900009,145.0,162.800003,155.0,225.800003,45.826099,168.900009,170.0,2559.42627,2560.0,48.391739,18.716545,14.595519,7.616981,1.375145,81.134033,81.134033,28.56554,103.937408,35.0,38.0,35.0,96.100182,95.0,79.992676,80.0,1.63717,17.065372,0.0,0.0,0.0
126,BP 110/02 (717221),ZSK 70.8,23010004,6:00,74.28,4.64,22.8,51.12,04.01.2023 02:10:00,04.01.2023 13:15:00,2023-01-04 06:00:00,145.0,145.0,161.900009,155.0,225.600006,47.623699,173.100006,170.0,2559.477295,2560.0,53.067116,18.915472,14.576756,7.02229,1.4511,82.354736,82.354736,29.357641,103.079254,35.100002,38.0,35.0,95.414246,95.0,79.992676,80.0,1.425673,16.435314,0.0,0.0,0.0
127,BP 110/02 (717231),ZSK 70.8,23010004,6:00,74.61,4.49,22.37,50.07,04.01.2023 02:10:00,04.01.2023 13:15:00,2023-01-04 06:00:00,145.0,145.0,161.900009,155.0,225.600006,47.623699,173.100006,170.0,2559.477295,2560.0,53.067116,18.915472,14.576756,7.02229,1.4511,82.354736,82.354736,29.357641,103.079254,35.100002,38.0,35.0,95.414246,95.0,79.992676,80.0,1.425673,16.435314,0.0,0.0,0.0
128,BP 110/02 (717221),ZSK 70.8,23010016,18:00,75.9,3.77,21.34,47.0,03.01.2023 16:25:00,04.01.2023 20:15:00,2023-01-03 18:00:00,144.600006,145.0,161.199997,155.0,226.5,50.611256,174.199997,170.0,2559.557373,2560.0,54.037312,18.924065,13.860012,6.995916,1.474609,82.354736,82.354736,29.533422,105.418137,34.5,37.400002,35.0,95.430298,95.0,79.992676,80.0,1.347691,16.627001,0.0,0.0,0.0
129,BP 110/02 (717221),ZSK 70.8,23010016,15:29,75.93,4.04,21.94,48.28,03.01.2023 16:25:00,04.01.2023 20:15:00,2023-01-04 15:29:00,145.300003,145.0,163.100006,155.0,226.400009,47.623699,168.100006,170.0,2559.707275,2560.0,48.170498,18.741861,14.5591,7.587204,1.382378,81.134033,81.134033,28.526478,102.574463,35.299999,38.700001,35.0,96.115593,95.0,79.992676,80.0,1.387947,16.625441,0.0,0.0,0.0
130,BP 110/02 (717221),ZSK 70.8,23010017,18:12,76.61,3.68,21.28,46.48,04.01.2023 13:15:00,05.01.2023 00:10:00,2023-01-04 18:12:00,145.199997,145.0,162.699997,155.0,226.300003,47.788269,172.600006,170.0,2559.044922,2560.0,48.510475,18.728752,15.652946,7.619534,1.356337,81.134033,81.134033,28.474394,103.836449,35.0,38.100002,35.0,96.154205,95.0,79.992676,80.0,1.73872,15.075156,0.0,0.0,0.0
131,BP 110/02 (717221),ZSK 70.8,23010017,12:19,74.56,4.45,22.5,50.29,04.01.2023 13:15:00,05.01.2023 00:10:00,2023-01-05 12:19:00,145.100006,145.0,161.400009,155.0,222.600006,48.725044,168.100006,170.0,2559.972168,2560.0,52.47242,18.906879,15.053523,7.713119,1.455801,84.649658,84.649658,29.767797,103.163376,35.0,38.299999,35.0,95.873764,95.0,79.992676,80.0,1.477172,18.278011,0.0,0.0,0.0
132,BP 110/02 (717221),ZSK 70.8,23010017,18:15,74.56,4.49,22.54,50.4,04.01.2023 13:15:00,05.01.2023 00:10:00,2023-01-04 18:15:00,145.100006,145.0,162.699997,155.0,225.800003,47.838905,173.800003,170.0,2559.293701,2560.0,48.24358,18.7283,16.082962,7.620384,1.356337,81.134033,81.134033,28.530817,102.204269,35.200001,38.700001,35.0,95.171577,95.0,79.992676,80.0,1.337362,14.518609,0.0,0.0,0.0
133,BP 110/02 (717221),ZSK 70.8,23010018,6:05,74.24,4.62,23.1,51.64,03.01.2023 16:25:00,04.01.2023 20:15:00,2023-01-04 06:05:00,145.0,145.0,162.5,155.0,227.0,50.066914,173.0,170.0,2559.613037,2560.0,52.595215,18.916378,15.681246,7.023141,1.450738,82.354736,82.354736,29.433596,103.65136,35.200001,38.600002,35.0,96.319229,95.0,79.992676,80.0,1.182456,14.82059,0.0,0.0,0.0
134,BP 110/02 (717221),ZSK 70.8,23010018,18:10,76.21,3.87,21.96,48.03,03.01.2023 16:25:00,04.01.2023 20:15:00,2023-01-03 18:10:00,144.900009,145.0,162.0,155.0,225.800003,48.699726,167.900009,170.0,2559.311279,2560.0,54.045429,19.118925,14.764776,6.995916,1.458333,82.354736,82.354736,29.51823,102.187447,35.200001,38.299999,35.0,96.112259,95.0,79.992676,80.0,1.609425,18.217131,0.0,0.0,0.0
135,BP 110/02 (717221),ZSK 70.8,23010019,6:17,75.12,4.14,21.93,48.74,03.01.2023 16:25:00,04.01.2023 20:15:00,2023-01-04 06:17:00,144.699997,145.0,162.199997,155.0,225.100006,50.320095,171.0,170.0,2559.766602,2560.0,52.756577,18.891962,16.080467,7.023992,1.450738,82.354736,82.354736,29.448786,101.783615,35.200001,38.5,35.0,96.358017,95.0,79.992676,80.0,1.467152,16.473438,0.0,0.0,0.0
136,BP 110/02 (717221),ZSK 70.8,23010019,10:20,73.89,4.77,22.89,51.6,04.01.2023 20:15:00,05.01.2023 22:35:00,2023-01-05 10:20:00,145.0,145.0,161.0,155.0,225.800003,47.91486,173.800003,170.0,2559.149658,2560.0,51.990376,18.681276,16.076714,7.730985,1.435547,83.935547,83.935547,29.20573,102.608109,35.100002,38.600002,35.0,95.960503,95.0,79.992676,80.0,1.99458,14.985381,0.0,0.0,0.0
137,BP 110/02 (717221),ZSK 70.8,23010019,17:45,74.03,4.68,22.63,51.0,05.01.2023 00:10:00,05.01.2023 10:00:00,2023-01-05 17:45:00,145.199997,145.0,162.300003,155.0,226.199997,52.244286,174.0,170.0,2559.740967,2560.0,51.660549,18.89558,15.697742,7.780329,1.439525,84.649658,84.649658,29.444447,105.586403,34.700001,38.100002,35.0,95.487503,95.0,79.992676,80.0,1.276448,14.733851,0.0,0.0,0.0
138,BP 110/02 (717221),ZSK 70.8,23010020,6:00,72.96,5.25,23.33,53.3,05.01.2023 00:10:00,05.01.2023 10:00:00,2023-01-05 06:00:00,145.199997,145.0,162.199997,155.0,226.400009,50.028934,173.0,170.0,2559.556152,2560.0,48.56324,18.665455,13.395542,7.777778,1.336805,81.134033,81.134033,28.292103,105.653709,35.200001,38.299999,35.0,92.544563,95.0,79.992676,80.0,1.745118,15.202075,0.0,0.0,0.0
139,BP 110/02 (717221),ZSK 70.8,23010020,6:05,73.35,4.93,22.95,52.12,05.01.2023 10:00:00,05.01.2023 20:35:00,2023-01-05 06:05:00,144.699997,145.0,162.199997,155.0,226.400009,51.434101,168.199997,170.0,2559.533936,2560.0,48.784477,18.693485,13.33848,7.783733,1.346933,81.134033,81.134033,28.233509,105.451782,34.700001,37.700001,35.0,95.604095,95.0,79.992676,80.0,1.781422,16.983913,0.0,0.0,0.0
140,BP 110/02 (717221),ZSK 70.8,23010020,12:11,73.5,4.71,22.64,51.3,05.01.2023 10:00:00,05.01.2023 20:35:00,2023-01-05 12:11:00,144.600006,145.0,161.600006,155.0,217.300003,49.699799,169.5,170.0,2559.349609,2560.0,52.890541,18.91638,16.60465,7.701208,1.472801,84.649658,84.649658,29.724394,103.466255,35.0,38.200001,35.0,92.704033,95.0,79.992676,80.0,1.645571,17.417789,0.0,0.0,0.0
141,BP 110/02 (717221),ZSK 70.8,23010021,6:08,74.83,4.33,22.24,49.59,05.01.2023 10:00:00,05.01.2023 20:35:00,2023-01-05 06:08:00,145.199997,145.0,162.199997,155.0,226.100006,50.535301,172.300003,170.0,2559.326904,2560.0,48.448563,18.659576,13.338783,7.790539,1.346933,81.134033,81.134033,28.207466,108.160858,35.299999,38.600002,35.0,96.020966,95.0,79.992676,80.0,1.164076,14.135754,0.0,0.0,0.0
142,BP 110/02 (717221),ZSK 70.8,23010021,6:00,74.01,4.61,22.19,50.17,04.01.2023 20:15:00,05.01.2023 22:35:00,2023-01-05 06:00:00,145.199997,145.0,162.199997,155.0,226.400009,50.028934,173.0,170.0,2559.556152,2560.0,48.56324,18.665455,13.395542,7.777778,1.336805,81.134033,81.134033,28.292103,105.653709,35.200001,38.299999,35.0,92.544563,95.0,79.992676,80.0,1.745118,15.202075,0.0,0.0,0.0
143,BP 110/02 (717221),ZSK 70.8,23010021,18:05,74.21,4.44,21.79,49.2,04.01.2023 20:15:00,05.01.2023 22:35:00,2023-01-05 18:05:00,144.900009,145.0,162.199997,155.0,225.100006,49.990959,172.699997,170.0,2559.95752,2560.0,51.045559,18.915474,13.880841,7.779479,1.469907,84.649658,84.649658,29.485678,101.985527,35.100002,38.5,35.0,96.143929,95.0,79.992676,80.0,1.618252,14.927205,0.0,0.0,0.0
144,BP 110/02 (717221),ZSK 70.8,23010022,9:36,74.98,4.32,22.01,49.11,05.01.2023 20:35:00,06.01.2023 06:30:00,2023-01-06 09:36:00,145.400009,145.0,156.699997,155.0,159.900009,1.911531,170.0,170.0,0.0,2100.0,-0.243562,0.0,0.0,10.467074,0.861907,78.552246,78.552246,28.901911,78.05822,31.0,30.5,35.0,96.171867,95.0,79.992676,80.0,2.206378,52.785023,0.0,0.0,0.0
145,BP 110/02 (717221),ZSK 70.8,23010022,18:00,74.57,4.6,22.76,50.87,06.01.2023 16:30:00,07.01.2023 02:30:00,2023-01-06 18:00:00,145.300003,145.0,162.199997,155.0,226.5,47.446472,167.699997,170.0,2559.599854,2560.0,52.140564,18.827312,14.745856,7.651012,1.430121,84.924316,84.924316,28.967016,102.204269,35.100002,38.5,35.0,92.791168,95.0,79.992676,80.0,1.936355,18.195482,0.0,0.0,0.0
146,BP 110/02 (717221),ZSK 70.8,23010022,6:38,75.52,3.87,21.09,46.82,05.01.2023 22:35:00,06.01.2023 23:20:00,2023-01-06 06:38:00,145.699997,145.0,161.600006,155.0,225.199997,52.535446,169.400009,170.0,2559.370361,2560.0,52.57999,18.853081,16.366463,7.126085,1.415654,84.649658,84.649658,29.151478,103.685005,35.100002,38.200001,35.0,96.423203,95.0,79.992676,80.0,1.443286,17.067493,0.0,0.0,0.0
147,BP 110/02 (717221),ZSK 70.8,23010051,6:56,75.37,4.12,21.38,47.65,12.01.2023 09:00:00,13.01.2023 14:25:00,2023-01-13 06:56:00,144.5,145.0,158.5,155.0,221.800003,48.864296,174.699997,170.0,2349.656738,2350.0,49.249275,18.816008,16.390068,6.448018,1.410952,88.366699,88.366699,28.658855,107.252228,35.200001,38.200001,35.0,96.310356,95.0,79.992676,80.0,0.761125,14.878073,0.0,0.0,0.0
148,BP 110/02 (717221),ZSK 70.8,23010051,18:00,75.79,3.95,21.32,47.19,12.01.2023 09:00:00,13.01.2023 14:25:00,2023-01-12 18:00:00,144.900009,145.0,160.699997,155.0,222.0,49.737774,174.400009,170.0,2348.529053,2350.0,48.373478,18.879301,13.941279,6.575634,1.445674,88.366699,88.366699,28.971355,104.509506,35.0,37.900002,35.0,92.494141,95.0,79.992676,80.0,2.019035,15.960756,0.0,0.0,0.0
149,BP 110/02 (717221),ZSK 70.8,23010052,18:00,74.66,4.55,22.2,49.81,16.01.2023 19:45:00,17.01.2023 21:30:00,2023-01-17 18:00:00,145.0,145.0,156.600006,155.0,221.5,44.636139,171.800003,170.0,2349.489746,2350.0,49.890667,19.014032,15.77372,7.359197,1.521629,89.672852,89.672852,29.767797,101.396599,35.299999,38.299999,35.0,92.79351,95.0,79.992676,80.0,1.834163,16.119022,0.0,0.0,0.0
150,BP 110/02 (717221),ZSK 70.8,23010053,18:00,75.2,4.08,21.31,47.55,16.01.2023 19:45:00,17.01.2023 21:30:00,2023-01-17 18:00:00,145.0,145.0,156.600006,155.0,221.5,44.636139,171.800003,170.0,2349.489746,2350.0,49.890667,19.014032,15.77372,7.359197,1.521629,89.672852,89.672852,29.767797,101.396599,35.299999,38.299999,35.0,92.79351,95.0,79.992676,80.0,1.834163,16.119022,0.0,0.0,0.0
151,BP 110/02 (717221),ZSK 70.8,23010053,6:00,75.37,4.11,21.89,48.52,17.01.2023 21:30:00,18.01.2023 23:00:00,2023-01-18 06:00:00,145.0,145.0,160.100006,155.0,223.199997,45.610893,173.699997,170.0,2349.535156,2350.0,49.127506,18.960684,15.883924,7.35154,1.478588,89.672852,89.672852,29.479168,104.021538,34.799999,38.0,35.0,95.565025,95.0,79.992676,80.0,1.684814,16.261078,0.0,0.0,0.0
152,BP 110/02 (717221),ZSK 70.8,23010053,6:00,74.66,4.63,22.06,49.64,17.01.2023 21:30:00,18.01.2023 23:00:00,2023-01-18 06:00:00,145.0,145.0,160.100006,155.0,223.199997,45.610893,173.699997,170.0,2349.535156,2350.0,49.127506,18.960684,15.883924,7.35154,1.478588,89.672852,89.672852,29.479168,104.021538,34.799999,38.0,35.0,95.565025,95.0,79.992676,80.0,1.684814,16.261078,0.0,0.0,0.0
153,BP 110/02 (717221),ZSK 70.8,23010055,18:00,74.12,4.74,22.56,50.89,17.01.2023 21:30:00,18.01.2023 23:00:00,2023-01-18 18:00:00,144.800003,145.0,161.5,155.0,225.900009,47.01606,174.199997,170.0,2560.060791,2560.0,51.80769,18.837257,15.06336,7.346435,1.41276,89.221191,89.221191,28.619793,100.925461,35.200001,38.700001,35.0,95.379715,95.0,79.992676,80.0,1.702851,15.593474,0.0,0.0,0.0
154,BP 110/02 (717231),ZSK 70.8,23010056,6:00,73.81,4.84,22.39,50.84,20.01.2023 01:30:00,21.01.2023 02:30:00,2023-01-20 06:00:00,145.5,145.0,162.199997,155.0,225.800003,48.712383,174.300003,170.0,2559.838867,2560.0,51.825966,18.854891,15.600836,7.126085,1.434823,91.217041,91.217041,28.710939,101.043251,35.100002,38.5,35.0,91.7267,95.0,79.992676,80.0,1.566786,16.123793,0.0,0.0,0.0
155,BP 110/02 (717231),ZSK 70.8,23010056,6:00,74.0,4.65,21.77,49.47,20.01.2023 01:30:00,21.01.2023 02:30:00,2023-01-20 06:00:00,145.5,145.0,162.199997,155.0,225.800003,48.712383,174.300003,170.0,2559.838867,2560.0,51.825966,18.854891,15.600836,7.126085,1.434823,91.217041,91.217041,28.710939,101.043251,35.100002,38.5,35.0,91.7267,95.0,79.992676,80.0,1.566786,16.123793,0.0,0.0,0.0
156,BP 110/02 (717221),ZSK 70.8,23010075,18:04,72.97,5.13,22.76,52.18,20.01.2023 01:30:00,21.01.2023 02:30:00,2023-01-20 18:04:00,145.100006,145.0,162.900009,155.0,226.400009,50.180847,171.199997,170.0,2559.678955,2560.0,50.965378,18.838161,14.617313,7.28688,1.417462,91.400146,91.400146,28.344185,104.761902,34.799999,38.299999,35.0,95.536926,95.0,79.992676,80.0,2.48155,17.226128,0.0,0.0,0.0
157,BP 110/02 (717221),ZSK 70.8,23010078,6:05,73.14,5.14,22.91,52.37,24.01.2023 04:35:00,24.01.2023 14:35:00,2023-01-24 06:05:00,144.900009,145.0,161.800003,155.0,225.900009,51.560692,169.699997,170.0,2559.810303,2560.0,52.101994,19.024885,16.672874,7.280925,1.502098,91.52832,91.52832,28.925783,101.463898,35.200001,38.299999,35.0,96.337212,95.0,79.992676,80.0,2.369109,18.536993,0.0,0.0,0.0
158,BP 110/02 (717221),ZSK 70.8,23010077,19:15,72.62,5.56,23.33,53.78,24.01.2023 04:35:00,24.01.2023 14:35:00,2023-01-24 19:15:00,144.600006,145.0,164.100006,155.0,227.800003,52.231628,172.100006,170.0,2559.540039,2560.0,51.434242,18.910954,13.692752,7.244342,1.459057,89.984131,89.984131,28.732639,101.749954,35.200001,38.5,35.0,95.741425,95.0,79.992676,80.0,1.786361,18.529604,0.0,0.0,0.0
159,BP 110/02 (717221),ZSK 70.8,23010079,7:30,72.74,5.61,23.47,54.01,24.01.2023 04:35:00,24.01.2023 14:35:00,2023-01-24 07:30:00,144.600006,145.0,162.900009,155.0,226.400009,51.712601,172.600006,170.0,2559.429688,2560.0,52.068504,19.028954,15.487734,7.281776,1.506438,91.52832,91.52832,28.988716,104.172974,34.700001,37.600002,35.0,92.374878,95.0,79.992676,80.0,2.032094,16.958261,0.0,0.0,0.0
160,BP 110/02 (717221),ZSK 70.8,23010080,6:23,71.76,5.94,23.78,55.41,24.01.2023 07:00:00,25.01.2023 10:45:00,2023-01-25 06:23:00,145.0,145.0,163.900009,155.0,226.5,48.054108,173.199997,170.0,2560.40332,2560.0,50.611191,18.874781,14.354891,7.234983,1.444589,89.984131,89.984131,28.567709,104.442207,34.799999,38.100002,35.0,92.082878,95.0,79.992676,80.0,1.076215,16.157755,0.0,0.0,0.0
161,BP 110/02 (717221),ZSK 70.8,23010081,18:00,72.79,5.48,23.99,54.77,24.01.2023 07:00:00,25.01.2023 10:45:00,2023-01-24 18:00:00,144.5,145.0,164.699997,155.0,212.100006,50.459347,169.699997,170.0,2560.044922,2560.0,50.697468,18.933558,14.022161,7.239238,1.472077,89.984131,89.984131,28.780384,101.850914,35.200001,38.5,35.0,95.679611,95.0,79.992676,80.0,1.964819,18.154551,0.0,0.0,0.0
162,BP 110/02 (717221),ZSK 70.8,23010081,6:07,75.68,4.12,21.75,48.14,24.01.2023 14:35:00,25.01.2023 00:30:00,2023-01-25 06:07:00,144.699997,145.0,163.900009,155.0,226.600006,47.674335,173.699997,170.0,2559.419678,2560.0,51.07093,18.882015,16.327763,7.233282,1.435185,89.984131,89.984131,28.463543,100.504791,35.100002,38.600002,35.0,95.4636,95.0,79.992676,80.0,1.24748,16.947489,0.0,0.0,0.0
163,BP 110/02 (717221),ZSK 70.8,23010081,6:30,75.48,4.26,22.26,49.26,24.01.2023 14:35:00,25.01.2023 00:30:00,2023-01-25 06:30:00,145.300003,145.0,163.800003,155.0,225.900009,48.345268,174.600006,170.0,2559.554199,2560.0,50.711674,18.864836,15.184938,7.237536,1.451823,89.984131,89.984131,28.411459,102.086479,35.299999,38.5,35.0,95.754623,95.0,79.992676,80.0,0.944515,16.121605,0.0,0.0,0.0
164,BP 110/02 (717221),ZSK 70.8,23010082,6:21,76.77,3.64,20.9,45.72,25.01.2023 10:45:00,26.01.2023 15:45:00,2023-01-26 06:21:00,144.699997,145.0,163.400009,155.0,225.800003,45.484303,174.0,170.0,2559.710449,2560.0,50.380833,19.009966,16.0249,7.179684,1.51331,91.162109,91.162109,29.092884,102.507149,35.600002,38.5,35.0,95.612503,95.0,79.992676,80.0,1.254073,16.393116,0.0,0.0,0.0
165,BP 110/02 (717221),ZSK 70.8,23010081,18:00,76.44,3.68,21.52,46.99,25.01.2023 10:45:00,26.01.2023 15:45:00,2023-01-25 18:00:00,145.199997,145.0,163.100006,155.0,226.300003,51.396122,171.400009,170.0,2559.359131,2560.0,52.112148,19.03031,16.044172,7.189042,1.518374,91.162109,91.162109,29.294706,101.834091,35.400002,38.299999,35.0,92.829742,95.0,79.992676,80.0,2.003711,18.76984,0.0,0.0,0.0
166,BP 110/02 (717221),ZSK 70.8,23010081,18:00,76.16,3.96,21.64,47.58,25.01.2023 10:45:00,26.01.2023 15:45:00,2023-01-25 18:00:00,145.199997,145.0,163.100006,155.0,226.300003,51.396122,171.400009,170.0,2559.359131,2560.0,52.112148,19.03031,16.044172,7.189042,1.518374,91.162109,91.162109,29.294706,101.834091,35.400002,38.299999,35.0,92.829742,95.0,79.992676,80.0,2.003711,18.76984,0.0,0.0,0.0
167,BP 110/02 (717221),ZSK 70.8,23010081,19:55,76.25,3.76,21.0,46.24,25.01.2023 10:45:00,26.01.2023 15:45:00,2023-01-25 19:55:00,144.600006,145.0,164.5,155.0,225.900009,46.648945,171.300003,170.0,2559.00293,2560.0,50.228603,19.033926,15.224907,7.185639,1.505715,91.162109,91.162109,29.21224,105.922943,34.600002,37.600002,35.0,92.845787,95.0,79.992676,80.0,1.284103,18.70488,0.0,0.0,0.0
168,BP 110/02 (717221),ZSK 70.8,23010082,18:00,76.83,3.64,21.35,46.48,26.01.2023 15:45:00,27.01.2023 20:30:00,2023-01-26 18:00:00,145.0,145.0,164.699997,155.0,228.800003,60.814526,170.800003,170.0,2559.269531,2560.0,50.630478,19.109882,15.795914,7.128637,1.538267,90.826416,90.826416,29.396704,102.944633,35.299999,38.5,35.0,96.40097,95.0,79.992676,80.0,1.857661,17.588282,0.0,0.0,0.0
169,BP 110/02 (717221),ZSK 70.8,23010082,18:00,76.64,3.84,21.35,46.75,26.01.2023 15:45:00,27.01.2023 20:30:00,2023-01-26 18:00:00,145.0,145.0,164.699997,155.0,228.800003,60.814526,170.800003,170.0,2559.269531,2560.0,50.630478,19.109882,15.795914,7.128637,1.538267,90.826416,90.826416,29.396704,102.944633,35.299999,38.5,35.0,96.40097,95.0,79.992676,80.0,1.857661,17.588282,0.0,0.0,0.0
170,BP 110/02 (717231),ZSK 70.8,23010084,6:00,76.08,3.9,21.38,47.11,31.01.2023 06:20:00,31.01.2023 23:59:00,2023-01-31 06:00:00,144.800003,145.0,163.300003,155.0,226.699997,50.472004,168.900009,170.0,2558.994629,2560.0,52.952442,19.05201,16.174046,6.852986,1.540799,88.525391,88.525391,29.179689,103.1129,35.100002,38.299999,35.0,96.135803,95.0,79.992676,80.0,1.999357,19.48341,0.0,0.0,0.0
171,BP 110/02 (717231),ZSK 70.8,23010085,18:02,75.84,4.06,22.07,48.57,31.01.2023 06:20:00,31.01.2023 23:59:00,2023-01-31 18:02:00,144.900009,145.0,164.900009,155.0,228.100006,54.206451,171.0,170.0,2559.206543,2560.0,52.566799,18.998661,15.116199,6.8683,1.523799,88.525391,88.525391,28.604603,104.206635,34.700001,38.200001,35.0,96.045662,95.0,79.992676,80.0,1.412269,18.002428,0.0,0.0,0.0
172,BP 110/02 (717231),ZSK 70.8,23010085,6:00,76.12,3.8,21.21,46.7,31.01.2023 06:20:00,31.01.2023 23:59:00,2023-01-31 06:00:00,144.800003,145.0,163.300003,155.0,226.699997,50.472004,168.900009,170.0,2558.994629,2560.0,52.952442,19.05201,16.174046,6.852986,1.540799,88.525391,88.525391,29.179689,103.1129,35.100002,38.299999,35.0,96.135803,95.0,79.992676,80.0,1.999357,19.48341,0.0,0.0,0.0
173,BP 110/02 (717221),ZSK 70.8,23010086,6:00,76.55,3.63,20.95,45.88,01.02.2023 08:30:00,02.02.2023 09:30:00,2023-02-02 06:00:00,145.100006,145.0,165.0,155.0,226.5,49.332684,173.699997,170.0,2559.446533,2560.0,51.793499,19.139721,14.928873,7.115025,1.563223,89.807129,89.807129,29.257814,103.516739,35.100002,38.200001,35.0,95.23288,95.0,79.992676,80.0,1.231185,15.993253,0.0,0.0,0.0
174,BP 110/02 (717221),ZSK 70.8,23010086,18:00,75.88,3.98,21.79,47.98,01.02.2023 08:30:00,02.02.2023 09:30:00,2023-02-01 18:00:00,145.199997,145.0,165.300003,155.0,227.900009,50.332756,173.300003,170.0,2559.665771,2560.0,51.480915,19.188547,16.801777,7.093755,1.591435,89.807129,89.807129,29.405384,103.836449,34.799999,38.0,35.0,96.316681,95.0,79.992676,80.0,1.765323,15.951732,0.0,0.0,0.0
175,BP 110/02 (717221),ZSK 70.8,23010087,18:00,74.95,4.49,22.71,50.51,01.02.2023 08:30:00,02.02.2023 09:30:00,2023-02-01 18:00:00,145.199997,145.0,165.300003,155.0,227.900009,50.332756,173.300003,170.0,2559.665771,2560.0,51.480915,19.188547,16.801777,7.093755,1.591435,89.807129,89.807129,29.405384,103.836449,34.799999,38.0,35.0,96.316681,95.0,79.992676,80.0,1.765323,15.951732,0.0,0.0,0.0
176,BP 110/02 (717221),ZSK 70.8,23010087,6:00,75.7,4.17,22.33,49.19,02.02.2023 08:30:00,03.02.2023 10:15:00,2023-02-03 06:00:00,145.300003,145.0,165.900009,155.0,227.400009,50.915077,173.800003,170.0,2559.285156,2560.0,52.021824,19.339102,15.141141,7.112473,1.654731,91.021729,91.021729,30.065105,102.507149,35.100002,38.200001,35.0,95.868279,95.0,79.992676,80.0,1.210199,16.507933,0.0,0.0,0.0
177,BP 110/02 (717221),ZSK 70.8,23010087,9:45,75.16,4.17,22.52,49.76,02.02.2023 08:30:00,03.02.2023 10:15:00,2023-02-02 09:45:00,144.800003,145.0,165.699997,155.0,226.600006,45.38303,169.300003,170.0,2559.766113,2560.0,51.279972,19.072807,15.466662,7.103114,1.567925,89.807129,89.807129,29.066841,102.826851,35.100002,38.299999,35.0,92.728752,95.0,79.992676,80.0,1.435134,18.24622,0.0,0.0,0.0
178,BP 110/02 (717231),ZSK 70.8,23010087,18:00,76.52,3.45,21.34,46.42,02.02.2023 08:30:00,03.02.2023 10:15:00,2023-02-02 18:00:00,145.199997,145.0,166.400009,155.0,228.300003,53.864655,168.900009,170.0,2559.351074,2560.0,51.495129,19.162325,14.534025,7.093755,1.570819,89.807129,89.807129,29.270834,102.507149,35.400002,38.5,35.0,95.248154,95.0,79.992676,80.0,2.406572,20.535433,0.0,0.0,0.0
179,BP 110/02 (717231),ZSK 70.8,23010089,8:30,75.76,3.74,21.15,46.7,03.02.2023 10:15:00,04.02.2023 04:00:00,2023-02-04 08:30:00,54.0,145.0,53.400002,155.0,56.299999,-6.456163,47.200001,170.0,0.0,2560.0,-0.167449,0.0,0.0,10.084227,0.076678,0.0,86.859131,-0.266927,-0.504795,18.0,15.3,35.0,0.0,95.0,0.0,80.0,0.232687,0.196748,0.0,0.0,0.0
180,BP 110/02 (7172231),ZSK 70.8,23010089,20:17,74.05,4.66,22.5,50.74,03.02.2023 10:15:00,04.02.2023 04:00:00,2023-02-03 20:17:00,144.800003,145.0,166.0,155.0,228.400009,53.927952,173.800003,170.0,2559.410156,2560.0,51.061787,19.322374,14.868687,7.064829,1.652199,86.853027,86.859131,30.13238,102.725891,35.100002,38.0,35.0,96.389397,95.0,79.992676,80.0,2.347997,17.683674,0.0,0.0,0.0
181,BP 110/02 (717231),ZSK 70.8,23010089,17:51,75.78,3.96,21.81,48.05,07.02.2023 22:45:00,08.02.2023 23:30:00,2023-02-08 17:51:00,145.0,145.0,166.900009,155.0,227.699997,54.168476,169.300003,170.0,2559.152588,2560.0,50.551319,19.187643,15.446089,6.965289,1.595775,87.542725,87.542725,29.594185,103.163376,35.100002,38.299999,35.0,95.824692,95.0,79.992676,80.0,1.323811,17.883131,0.0,0.0,0.0
182,BP 110/02 (717231),ZSK 70.8,23010090,6:20,74.23,4.68,23.13,51.77,07.02.2023 22:45:00,08.02.2023 23:30:00,2023-02-08 06:20:00,145.300003,145.0,165.900009,155.0,228.0,53.927952,173.699997,170.0,2560.222656,2560.0,49.648117,18.764013,16.686527,6.963587,1.369719,83.477783,83.477783,27.374134,103.516739,35.0,38.100002,35.0,95.285637,95.0,79.992676,80.0,1.717991,15.847883,0.0,0.0,0.0
183,BP 110/02 (717221),ZSK 70.8,23010092,6:30,72.65,5.39,23.51,53.91,10.02.2023 03:00:00,11.02.2023 03:00:00,2023-02-10 06:30:00,145.100006,145.0,156.699997,155.0,161.100006,40.901691,171.0,170.0,0.0,2560.0,-0.182672,0.0,0.0,10.059554,0.754123,75.402832,75.402832,26.592884,67.188293,28.200001,27.800001,35.0,95.406723,95.0,79.992676,80.0,0.840211,47.758728,0.0,0.0,0.0
184,BP 110/02 (717221),ZSK 70.8,23010091,18:14,72.23,5.44,23.5,54.16,10.02.2023 03:00:00,11.02.2023 03:00:00,2023-02-10 18:14:00,145.0,145.0,164.900009,155.0,225.100006,51.826534,167.699997,170.0,2560.269043,2560.0,50.297615,18.998661,16.104385,6.738132,1.531395,88.28125,88.28125,29.318579,106.797913,34.600002,37.900002,35.0,92.609978,95.0,79.992676,80.0,1.247576,18.817312,0.0,0.0,0.0
185,BP 110/02 (717231),ZSK 70.8,23010092,18:00,73.59,4.88,22.99,52.04,14.02.2023 15:15:00,15.02.2023 18:30:00,2023-02-14 18:00:00,144.900009,145.0,162.400009,155.0,223.100006,50.079571,173.300003,170.0,2559.74292,2560.0,51.640251,18.804253,16.016869,7.036753,1.412399,85.522461,85.522461,28.496096,103.634529,34.799999,37.799999,35.0,95.734489,95.0,79.992676,80.0,1.563006,15.016151,0.0,0.0,0.0
186,BP 110/02 (717231),ZSK 70.8,23010160,12:00,74.28,3.94,21.25,47.73,15.02.2023 18:30:00,16.02.2023 22:20:00,2023-02-16 12:00:00,144.900009,145.0,165.5,155.0,221.5,47.01606,201.699997,200.0,2559.354736,2560.0,53.045815,18.816912,14.627852,7.069933,1.40408,87.127686,87.127686,28.470053,102.776375,35.299999,38.400002,35.0,95.534729,95.0,79.992676,80.0,1.325046,17.117657,0.0,0.0,0.0
187,BP 110/02 (717231),ZSK 70.8,23010160,13:10,74.24,4.08,21.97,49.17,14.02.2023 15:15:00,15.02.2023 18:30:00,2023-02-15 13:10:00,144.800003,145.0,159.300003,155.0,220.199997,49.117477,168.100006,170.0,2560.286865,2560.0,50.365608,18.930843,14.018308,7.056321,1.464482,87.536621,87.536621,29.147137,102.978294,35.200001,38.100002,35.0,96.208023,95.0,79.992676,80.0,1.320971,18.688602,0.0,0.0,0.0
188,BP 110/02 (717221),ZSK 70.8,23010160,18:33,75.51,3.91,21.58,47.73,15.02.2023 18:30:00,16.02.2023 22:20:00,2023-02-15 18:33:00,144.800003,145.0,159.0,155.0,220.900009,48.269314,169.100006,170.0,2349.737549,2350.0,48.883938,18.871616,15.188213,7.039306,1.463035,87.536621,87.536621,29.092884,102.540802,35.200001,38.0,35.0,96.402016,95.0,79.992676,80.0,1.354116,17.227234,0.0,0.0,0.0
189,BP 110/02 (717221),ZSK 70.8,23010161,6:00,76.13,3.73,21.7,47.47,15.02.2023 18:30:00,16.02.2023 22:20:00,2023-02-16 06:00:00,145.0,145.0,160.199997,155.0,221.800003,50.547962,172.5,170.0,2349.263184,2350.0,48.691109,18.841326,14.743159,6.979752,1.435185,87.536621,87.536621,28.897572,106.326767,34.799999,37.700001,35.0,95.575706,95.0,79.992676,80.0,1.496382,15.08456,0.0,0.0,0.0
190,BP 110/02 (717321),ZSK 70.8,23010162,18:36,76.05,3.9,21.62,47.54,20.02.2023 09:00:00,21.02.2023 12:30:00,2023-02-20 18:36:00,145.100006,145.0,160.800003,155.0,221.400009,46.535011,173.199997,170.0,2348.796143,2350.0,49.894718,19.003183,15.059977,6.925302,1.5068,88.7146,88.7146,29.572485,103.197044,35.200001,38.100002,35.0,95.510361,95.0,79.992676,80.0,1.260235,15.693375,0.0,0.0,0.0
191,BP 110/02 (717231),ZSK 70.8,23010163,9:37,74.9,4.17,21.94,48.88,20.02.2023 09:00:00,21.02.2023 12:30:00,2023-02-20 09:37:00,145.600006,145.0,158.600006,155.0,220.5,50.801144,171.0,170.0,2348.950439,2350.0,51.704185,19.020363,14.066373,6.955079,1.475333,88.7146,88.7146,29.481339,104.391724,35.0,37.799999,35.0,95.947113,95.0,79.992676,80.0,1.380056,16.918564,0.0,0.0,0.0
192,BP 110/02 (717221),ZSK 70.8,23010164,6:22,76.02,3.88,21.4,47.16,20.02.2023 09:00:00,21.02.2023 12:30:00,2023-02-21 06:22:00,144.699997,145.0,160.100006,155.0,220.900009,46.383102,170.100006,170.0,2348.767822,2350.0,50.839539,18.997757,16.020885,6.910839,1.51114,88.7146,88.7146,29.50304,107.656067,34.600002,37.600002,35.0,92.145317,95.0,79.992676,80.0,1.204424,17.977613,0.0,0.0,0.0
193,BP 110/02 (717221),ZSK 70.8,23010166,9:14,73.41,5.11,23.35,52.96,23.02.2023 17:55:00,24.02.2023 20:40:00,2023-02-24 09:14:00,145.699997,145.0,157.5,155.0,220.600006,48.838978,173.0,170.0,2349.238037,2350.0,48.795647,18.739149,15.188213,6.760252,1.367188,91.046143,91.046143,27.951389,92.20932,35.700001,39.100002,35.0,96.409805,95.0,79.992676,80.0,1.000511,15.44318,0.0,0.0,0.0
194,BP 110/02 (717221),ZSK 70.8,23010165,18:00,74.05,4.54,22.54,50.69,23.02.2023 17:55:00,24.02.2023 20:40:00,2023-02-23 18:00:00,144.600006,145.0,161.400009,155.0,221.300003,50.092232,168.600006,170.0,2349.290527,2350.0,47.604225,18.455673,15.726302,6.839374,1.225405,85.81543,85.81543,26.430122,106.124847,34.799999,38.400002,35.0,95.69902,95.0,79.992676,80.0,1.523624,19.47187,0.0,0.0,0.0
195,BP 110/02 (717221),ZSK 70.8,23010168,6:24,75.03,4.41,22.14,49.4,27.02.2023 07:45:00,27.02.2023 22:15:00,2023-02-27 06:24:00,145.600006,145.0,156.699997,155.0,162.5,-0.544343,171.600006,170.0,0.0,2000.0,-0.121781,0.0,0.0,10.078271,0.075231,0.0,91.046143,-0.282118,95.456833,14.5,35.100002,35.0,0.0,95.0,0.0,80.0,0.225193,0.21091,0.0,0.0,0.0
196,BP 110/02 (717221),ZSK 70.8,23010167,18:00,74.79,4.49,22.84,50.79,27.02.2023 09:45:00,27.02.2023 22:15:00,2023-02-27 18:00:00,145.0,145.0,158.800003,155.0,221.100006,51.142941,173.900009,170.0,2349.456543,2350.0,48.745926,18.950737,15.171066,6.718564,1.462674,87.792969,87.792969,29.266495,103.348473,35.100002,38.0,35.0,95.857674,95.0,79.992676,80.0,1.39946,16.799269,0.0,0.0,0.0
197,BP 110/02 (717221),ZSK 70.8,23010169,6:19,75.79,3.99,21.58,47.68,27.02.2023 07:45:00,27.02.2023 22:15:00,2023-02-27 06:19:00,144.0,145.0,154.5,155.0,160.199997,-0.683594,169.600006,170.0,0.0,2000.0,-0.121781,0.0,0.0,10.077419,0.075593,0.0,91.046143,-0.282118,95.574631,14.5,35.200001,35.0,0.0,95.0,0.0,80.0,0.40343,4.687049,0.0,0.0,0.0
198,BP 110/02 (717221),ZSK 70.8,23010171,9:50,73.59,4.97,23.39,52.81,27.02.2023 22:15:00,28.02.2023 14:45:00,2023-02-28 09:50:00,144.900009,145.0,162.900009,155.0,224.900009,50.269459,173.800003,170.0,2348.577393,2350.0,49.893711,18.921352,12.919746,6.160456,1.463759,88.085938,88.085938,29.539932,104.795555,34.799999,37.799999,35.0,96.215294,95.0,79.992676,80.0,1.805158,15.15915,0.0,0.0,0.0
