,Produktname,Produktionsanlage,Charge,Uhrzeit,L*(D65),a*(D65),b*(D65),YI(E313-98)(D65)
0,BP 110/02 (717221),ZSK 70.8,22010314,18:00,73.47,4.64,23.09,52.03
1,BP 110/02 (717221),ZSK 70.8,22010315,11:00,72.5,5.18,23.46,53.71
2,BP 110/02 (717221),ZSK 70.5,22010373,11:00,76.41,3.76,21.79,47.55
3,BP 110/02 (717221),ZSK 70.4,22010373,12:15,75.71,4.09,22.69,49.73
4,BP 110/02 (717221),ZSK 70.4,22010373,12:15,76.01,3.92,22.75,49.54
5,BP 110/02 (717221),ZSK 70.8,22010315,18:00,73.15,4.97,23.9,53.92
6,BP 110/02 (717221),ZSK 70.8,22010315,23:15,73.18,4.92,23.26,52.75
7,BP 110/02 (717221),ZSK 70.8,22010316,6:00,72.39,5.18,23.06,53.06
8,BP 110/02 (717221),ZSK 70.4,22010374,6:00,75.83,3.8,22.64,49.31
9,BP 110/02 (717221),ZSK 70.5,22010374,6:00,76.33,3.58,21.57,47.02
10,BP 110/02 (717221),ZSK 70.9,22010374,6:00,75.91,3.7,21.98,48.04
11,BP 110/02 (717221),ZSK 70.8,22010349,6:00,72.64,5.01,22.83,52.36
12,BP 110/02 (717221),ZSK 70.4,22010376,6:00,75.91,3.74,22.49,48.95
13,BP 110/02 (717221),ZSK 70.5,22010376,6:00,75.42,4,22.68,49.76
14,BP 110/02 (717221),ZSK 70.9,22010376,6:00,76.25,3.33,21.37,46.47
15,BP 110/02 (717221),ZSK 70.4,22010376,6:00,75.83,3.87,22.64,49.38
16,BP 110/02 (717221),ZSK 70.5,22010378,6:00,76.03,3.86,21.72,47.68
17,BP 110/02 (717221),ZSK 70.4,22010377,18:00,75.61,3.99,23.27,50.67
18,BP 110/02 (717221),ZSK 70.5,22010377,18:00,75.92,3.83,23.07,50.02
19,BP 110/02 (717221),ZSK 70.9,22010377,18:00,76.31,3.5,21.99,47.69
20,BP 110/02 (717221),ZSK 70.8,22010350,18:00,73.4,4.82,22.99,52.07
21,BP 110/02 (717221),ZSK 70.8,22010350,6:00,71.77,5.5,22.88,53.38
22,BP 110/02 (717221),ZSK 70.4,22010387,6:00,74.05,4.88,24.2,53.88
23,BP 110/02 (717221),ZSK 70.5,22010387,6:00,76.28,3.9,22.49,48.93
24,BP 110/02 (717221),ZSK 70.4,22010386,18:00,75.95,4.12,22.66,49.59
25,BP 110/02 (717221),ZSK 70.5,22010386,18:00,76.62,3.65,22.42,48.43
26,BP 110/02 (717221),ZSK 70.9,22010386,18:00,77.16,3.51,22.23,47.73
27,BP 110/02 (717221),ZSK 70.8,22010354,18:00,71.96,5.39,24.01,55.15
28,BP 110/02 (717221),ZSK 70.8,22010354,6:00,72.7,5.31,23.64,54.03
29,BP 110/02 (717221),ZSK 70.4,22010388,6:00,75.24,3.99,22.46,49.47
30,BP 110/02 (717221),ZSK 70.9,22010388,6:00,77.61,2.73,20.63,44.04
31,BP 110/02 (717221),ZSK 70.8,22010355,18:00,72.02,5.43,23.98,55.1
32,BP 110/02 (717221),ZSK 70.8,22010355,18:00,71.39,5.72,24.27,56.23
33,BP 110/02 (717221),ZSK 70.8,22010355,2:09,71.95,5.43,23.61,54.5
34,BP 110/02 (717221),ZSK 70.8,22010356,6:00,71.35,5.61,23.63,55.04
35,BP 110/02 (717221),ZSK 70.4,22010390,6:00,74.96,4.49,23.86,52.46
36,BP 110/02 (717221),ZSK 70.5,22010390,6:00,75.15,4.11,23.98,52.21
37,BP 110/02 (717221),ZSK 70.5,22010390,6:00,77.71,2.99,21.18,45.2
38,BP 110/02 (717221),ZSK 70.8,22010357,6:00,72.81,4.88,22.88,52.24
39,BP 110/02 (717221),ZSK 70.8,22010357,6:00,72.82,5.02,22.98,52.54
40,BP 110/02 (717221),ZSK 70.8,22010356,18:00,72.38,5.19,23.32,53.52
41,BP 110/02 (717221),ZSK 70.8,22010356,18:00,71.66,5.54,24.11,55.64
42,BP 110/02 (717221),ZSK 70.9,22010389,18:00,78.33,2.84,20.57,43.74
43,BP 110/02 (717221),ZSK 70.5,22010389,18:00,76.14,3.68,22.76,49.25
44,BP 110/02 (717221),ZSK 70.4,22010394,10:00,74.6,4.49,24.08,53.02
45,BP 110/02 (717221),ZSK 70.8,22010358,10:00,72.02,5.44,23.83,54.86
46,BP 110/02 (717221),ZSK 70.5,22010394,10:00,76.05,3.58,22.23,48.28
47,BP 110/02 (717221),ZSK 70.9,22010394,10:00,77.91,2.99,21,44.81
48,BP 110/02 (717221),ZSK 70.4,22010395,6:00,74.73,4.38,23.54,51.93
49,BP 110/02 (717221),ZSK 70.5,22010395,6:00,76.21,3.76,22.6,49.03
50,BP 110/02 (717221),ZSK 70.9,22010395,6:00,77.45,3.02,21.7,46.24
51,BP 110/02 (717221),ZSK 70.8,22010358,18:00,72.12,5.43,23.76,54.67
52,BP 110/02 (717221),ZSK 70.8,22010359,18:00,72.62,5.2,24.03,54.64
53,BP 110/02 (717221),ZSK 70.8,22010359,6:00,71.83,5.52,23.84,55.05
54,BP 110/02 (717221),ZSK 70.8,22010361,8:00,72.38,5.09,23.59,53.91
55,BP 110/02 (717221),ZSK 70.8,22010362,6:00,73.92,4.36,22.93,51.25
56,BP 110/02 (717221),ZSK 70.8,22010362,6:00,74.1,4.49,23.21,51.77
57,BP 110/02 (717221),ZSK 70.4,22010395,6:00,75.96,3.74,22.91,49.65
58,BP 110/02 (717221),ZSK 70.5,22010395,6:00,76.18,3.74,22.55,48.93
59,BP 110/02 (717221),ZSK 70.9,22010395,6:00,76.71,3.4,22.02,47.46
60,BP 110/02 (717221),ZSK 70.8,22010361,18:00,72.44,5.19,24,54.68
61,BP 110/02 (717221),ZSK 70.8,22010362,18:00,74.33,4.27,23.13,51.32
62,BP 110/02 (717221),ZSK 70.8,22010362,18:00,74.82,4.16,22.63,50.11
63,BP 110/02 (717221),ZSK 70.8,22010362,18:28,74.91,4.15,22.74,50.25
64,BP 110/02 (717221),ZSK 70.8,99220320,6:00,72.83,4.84,23.63,53.48
65,BP 110/02 (717221),ZSK 70.8,99220320,6:00,73.3,4.87,23.53,53.11
66,BP 110/02 (717221),ZSK 70.4,22010401,6:00,75.82,3.73,22.27,48.61
67,BP 110/02 (717221),ZSK 70.5,22010401,6:00,75.74,3.68,21.86,47.88
68,BP 110/02 (717221),ZSK 70.9,22010401,6:00,76.49,3.66,22,47.77
69,BP 110/02 (717221),ZSK 70.9,22010400,18:00,76.62,3.59,21.45,46.69
70,BP 110/02 (717221),ZSK 70.4,22010400,18:00,76.27,3.72,22.6,48.95
71,BP 110/02 (717221),ZSK 70.5,22010400,18:00,75.66,3.88,22.86,49.85
72,BP 110/02 (717221),ZSK 70.8,99220320,18:00,73.32,4.78,23.47,52.9
73,BP 110/02 (717221),ZSK 70.8,99220320,18:00,73.65,4.69,23.44,52.59
74,BP 110/02 (717221),ZSK 70.8,22010363,6:00,75.17,4.22,22.43,49.66
75,BP 110/02 (717221),ZSK 70.4,22010403,18:00,76.61,3.6,22.47,48.47
76,BP 110/02 (717221),ZSK 70.9,22010403,18:00,77.18,3.52,21.75,46.91
77,BP 110/02 (717221),ZSK 70.5,22010403,18:00,76.26,3.77,22.13,48.19
78,BP 110/02 (717221),ZSK 70.9,22010403,18:00,76.32,3.82,22.84,49.45
79,BP 110/02 (717221),ZSK 70.8,22010363,6:00,74.33,4.33,22.34,50.01
80,BP 110/02 (717221),ZSK 70.4,22010404,6:00,75.76,3.7,22.72,49.38
81,BP 110/02 (717221),ZSK 70.9,22010404,6:00,77.18,3.25,22.1,47.24
82,BP 110/02 (717221),ZSK 70.8,22010363,18:00,75.49,3.87,22.69,49.61
83,BP 110/02 (717221),ZSK 70.5,22010406,8:00,76,3.82,23.9,51.38
84,BP 110/02 (717221),ZSK 70.4,22010406,8:00,74.71,4.19,23.49,51.67
85,BP 110/02 (717221),ZSK 70.8,22010364,9:00,75.26,4.12,22.35,49.37
86,BP 110/02 (717221),ZSK 70.8,22010364,9:10,75.07,4.41,23.1,51.03
87,BP 110/02 (717221),ZSK 70.8,22010364,10:00,75.42,4,22.02,48.61
88,BP 110/02 (717221),ZSK 70.4,22010408,6:00,75.16,4.07,23.63,51.57
89,BP 110/02 (717221),ZSK 70.5,22010408,6:00,76.09,3.65,23.27,50.11
90,BP 110/02 (717221),ZSK 70.9,22010408,6:00,76.53,3.8,22.84,49.33
91,BP 110/02 (717221),ZSK 70.8,22010365,6:00,73.43,4.88,23.19,52.47
92,BP 110/02 (717221),ZSK 70.8,22010364,18:00,74.83,4.33,22.43,49.93
93,BP 110/02 (717221),ZSK 70.8,22010366,6:00,74.08,4.66,22.43,50.61
94,BP 110/02 (717221),ZSK 70.4,22010409,6:00,76.2,3.15,21.18,45.99
95,BP 110/02 (717221),ZSK 70.5,22010409,6:00,76.33,3.77,22.37,48.59
96,BP 110/02 (717221),ZSK 70.8,22010366,11:40,73.98,4.82,23.12,52.01
97,BP 110/02 (717221),ZSK 70.8,22010366,13:14,74.01,4.78,23.35,52.34
98,BP 110/02 (717221),ZSK 70.8,22010366,18:00,74.97,4.33,22.52,50.02
99,BP 110/02 (717221),ZSK 70.4,22010410,18:00,78.49,2.31,20.43,42.94
100,BP 110/02 (717221),ZSK 70.5,22010410,18:00,77.37,3.28,21.88,46.81
101,BP 110/02 (717221),ZSK 70.9,22010410,18:00,77.54,3.06,22.12,46.95
102,BP 110/02 (717221),ZSK 70.8,22010367,8:20,73.29,4.8,22.86,51.88
103,BP 110/02 (717221),ZSK 70.8,22010367,18:00,73.38,4.91,22.86,51.94
104,BP 110/02 (717221),ZSK 70.4,22010411,8:30,77.51,3.01,21.02,45.02
105,BP 110/02 (717221),ZSK 70.5,22010411,8:30,76.28,3.86,22.67,49.2
106,BP 110/02 (717221),ZSK 70.9,22010411,8:20,76.63,3.86,21.23,46.58
107,BP 110/02 (717221),ZSK 70.8,22010368,6:00,73.29,4.84,23.02,52.2
108,BP 110/02 (717221),ZSK 70.8,22010368,6:00,72.87,5.01,23.28,53.03
109,BP 110/02 (717221),ZSK 70.4,22010413,6:00,77.85,2.77,20.25,43.32
110,BP 110/02 (717221),ZSK 70.5,22010413,6:00,76.36,3.68,22.51,48.73
111,BP 110/02 (717221),ZSK 70.9,22010413,6:00,76.79,3.61,22.65,48.72
112,BP 110/02 (717221),ZSK 70.4,22010412,18:00,76.92,3.22,21.48,46.27
113,BP 110/02 (717221),ZSK 70.5,22010412,18:00,75.86,3.89,22.66,49.41
114,BP 110/02 (717221),ZSK 70.9,22010412,18:00,76.49,3.75,22.18,48.17
115,BP 110/02 (717221),ZSK 70.8,22010367,18:00,72.46,5.09,22.85,52.57
116,BP 110/02 (717221),ZSK 70.8,22010367,18:00,73.04,5.17,23.36,53.23
117,BP 110/02 (717221),ZSK 70.8,22010368,11:50,73.51,4.9,23.21,52.47
118,BP 110/02 (717221),ZSK 70.8,22010368,11:15,74,4.61,22.86,51.33
119,BP 110/02 (717221),ZSK 70.8,22010368,13:00,73.83,4.87,23.12,52.13
120,BP 110/02 (717221),ZSK 70.8,22010368,15:20,73.15,5.27,23.42,53.4
121,BP 110/02 (717221),ZSK 70.8,22010368,18:00,73.95,4.69,22.95,51.6
122,BP 110/02 (717221),ZSK 70.8,22010368,23:35,73.91,4.69,23.13,51.93
123,BP 110/02 (717221),ZSK 70.8,22010368,18:00,74.4,4.5,22.98,51.24
124,BP 110/02 (717221),ZSK 70.8,22010368,15:55,74.02,4.56,22.77,51.13
125,BP 110/02 (717221),ZSK 70.8,22010369,6:00,73.73,4.81,23.49,52.76
126,BP 110/02 (717221),ZSK 70.8,22010369,6:00,74.14,4.51,22.51,50.56
127,BP 110/02 (717221),ZSK 70.9,22010436,6:00,76.42,3.66,21.7,47.29
128,BP 110/02 (717221),ZSK 70.9,22010436,7:40,76.87,3.82,21.88,47.54
129,BP 110/02 (717221),ZSK 70.4,22010436,6:00,77.56,2.68,21.37,45.31
130,BP 110/02 (717221),ZSK 70.5,22010436,6:00,66.99,2.49,15.19,37.86
131,BP 110/02 (717221),ZSK 70.11,99220369,0:16,77.78,3.1,20.03,43.27
132,BP 110/02 (717221),ZSK 70.4,22010435,18:00,78.27,2.9,20.52,43.73
133,BP 110/02 (717221),ZSK 70.5,22010435,18:00,76.59,3.82,22.07,47.99
134,BP 110/02 (717221),ZSK 70.9,22010435,18:00,76.39,4.21,21.63,47.71
135,BP 110/02 (717221),ZSK 70.8,22010369,18:00,74.34,4.52,22.96,51.26
136,BP 110/02 (717221),ZSK 70.4,22010438,6:00,77.4,3,21.26,45.47
137,BP 110/02 (717221),ZSK 70.5,22010438,6:00,76.85,3.4,21.26,46.09
138,BP 110/02 (717221),ZSK 70.9,22010438,6:00,76.63,3.73,22.22,48.16
139,BP 110/02 (717221),ZSK 70.4,22010437,18:00,78.81,2.63,19.94,42.26
140,BP 110/02 (717221),ZSK 70.5,22010437,18:00,76.85,3.66,21.45,46.65
141,BP 110/02 (717221),ZSK 70.8,22010371,6:00,74.41,4.53,22.57,50.55
142,BP 110/02 (717221),ZSK 70.5,22010439,18:00,77.08,3.48,21.95,47.25
143,BP 110/02 (717221),ZSK 70.9,22010439,18:00,77.62,3.67,20.82,45.25
144,BP 110/02 (717221),ZSK 70.4,22010439,18:00,77.27,3.12,21.95,46.84
145,BP 110/02 (717221),ZSK 70.5,22010441,7:15,75.97,3.85,22.37,48.83
146,BP 110/02 (717221),ZSK 70.4,22010441,6:00,78.11,2.93,20.74,44.21
147,BP 110/02 (717221),ZSK 70.5,22010441,6:00,77.03,3.37,21.35,46.13
148,BP 110/02 (717221),ZSK 70.9,22010441,6:00,77.41,3.6,20.96,45.52
149,BP 110/02 (717221),ZSK 70.8,22010370,18:00,74.56,4.42,22.83,50.83
150,BP 110/02 (717221),ZSK 70.4,22010443,18:00,77.81,3.15,20.7,44.47
151,BP 110/02 (717221),ZSK 70.5,22010443,18:00,76.94,3.55,22.04,47.53
152,BP 110/02 (717221),ZSK 70.9,22010443,18:00,77.62,3.65,21.54,46.48
153,BP 110/02 (717221),ZSK 70.8,22010371,18:00,73.86,4.68,23.41,52.43
154,BP 110/02 (717221),ZSK 70.8,22010371,18:00,74.83,4.11,22.26,49.41
155,BP 110/02 (717221),ZSK 70.8,22010371,18:00,74.4,4.36,22.75,50.71
156,BP 110/02 (717221),ZSK 70.9,22010442,9:15,70.01,6.23,22.02,53.52
157,BP 110/02 (717221),ZSK 70.5,22010442,9:15,68.28,6.9,22.73,56.48
158,BP 110/02 (717221),ZSK 70.8,22010372,10,74.27,4.49,22.35,50.2
159,BP 110/02 (717221),ZSK 70.8,22010372,11:00,74.34,4.43,22.02,49.55
160,BP 110/02 (717221),ZSK 70.8,22010372,13:15,74.43,4.38,21.84,49.12
161,BP 110/02 (717221),ZSK 70.8,22010372,14:26,73.81,4.68,22.31,50.55
162,BP 110/02 (717221),ZSK 70.8,22010486,6:00,73.24,4.84,22.17,50.73
163,BP 110/02 (717221),ZSK 70.8,22010486,6:00,73.7,4.62,22.16,50.27
164,BP 110/02 (717221),ZSK 70.4,22010446,6:00,77.86,2.76,21.48,45.43
165,BP 110/02 (717221),ZSK 70.5,22010446,6:00,76.23,3.73,22.9,49.5
166,BP 110/02 (717221),ZSK 70.9,22010446,6:00,77.08,3.61,21.01,45.75
167,BP 110/02 (717221),ZSK 70.8,22010372,18:00,73.82,4.69,22.33,50.58
168,BP 110/02 (717221),ZSK 70.8,22010372,18:00,73.85,4.64,22.39,50.63
169,BP 110/02 (717221),ZSK 70.8,22010487,6:00,75.23,4.04,22.01,48.72
170,BP 110/02 (717221),ZSK 70.8,22010487,6:00,75.47,3.97,22.5,49.4
171,BP 110/02 (717221),ZSK 70.8,22010487,18:00,74.72,4.37,22.81,50.67
172,BP 110/02 (717221),ZSK 70.8,22010487,19:00,74.5,4.45,22.86,50.94
173,BP 110/02 (717221),ZSK 70.8,22010487,14:00,74.41,4.48,22.73,50.79
174,BP 110/02 (717221),ZSK 70.8,22010488,18:00,75.27,4.04,22.43,49.43
175,BP 110/02 (717221),ZSK 70.8,22010488,18:00,74.79,4.51,23.19,51.42
176,BP 110/02 (717221),ZSK 70.8,22010488,6:00,74.46,4.45,22.94,51.1
177,BP 110/02 (717221),ZSK 70.8,22010488,6:00,75.43,3.98,21.82,48.23
178,BP 110/02 (717221),ZSK 70.8,22010488,9:30,0,0,0,------
179,BP 110/02 (717221),ZSK 70.8,22010488,9:30,74.34,4.48,22.72,50.8
180,BP 110/02 (717221),ZSK 70.4,22010450,6:00,77.43,3.24,21.17,45.52
181,BP 110/02 (717221),ZSK 70.5,22010450,6:00,76.37,3.83,22.52,48.88
182,BP 110/02 (717221),ZSK 70.9,22010450,6:00,75.95,4.2,22.25,48.96
183,BP 110/02 (717221),ZSK 70.4,22010449,18:00,77.45,3.19,21.65,46.31
184,BP 110/02 (717221),ZSK 70.5,22010449,18:00,76.6,3.88,21.68,47.38
185,BP 110/02 (717221),ZSK 70.9,22010449,18:00,74.98,4.7,23.79,52.54
186,BP 110/02 (717221),ZSK 70.8,22010488,12:00,74.76,4.39,22.61,50.32
187,BP 110/02 (717221),ZSK 70.8,22010488,13:00,74.59,4.31,22.72,50.53
188,BP 110/02 (717221),ZSK 70.8,22010488,18:00,75.82,3.96,22.49,49.21
189,BP 110/02 (717221),ZSK 70.8,22010488,18:00,74.8,4.46,23,51.04
190,BP 110/02 (717221),ZSK 70.4,22010452,18:00,0.01,-0.01,0.02,92.18
191,BP 110/02 (717221),ZSK 70.4,22010452,18:00,78.2,2.86,21.08,44.7
192,BP 110/02 (717221),ZSK 70.5,22010452,18:00,77.07,3.39,21.31,46.08
193,BP 110/02 (717221),ZSK 70.9,22010452,18:00,75.78,4.33,22.78,50.08
194,BP 110/02 (717221),70.8,22010489,10:15,75.4,4.15,22.31,49.27
195,BP 110/02 (717221),ZSK 70.8,22010421,6:00,75.21,4.3,22.41,49.67
196,BP 110/02 (717221),ZSK 70.8,22010490,14:00,75.69,4.17,22.72,49.87
197,BP 110/02 (717221),ZSK 70.8,22010490,18:00,75.52,4.17,22.71,49.93
198,BP 110/02 (717221),ZSK 70.8,22010422,8:30,75.95,4,21.55,47.56
199,BP 110/02 (717221),ZSK 70.4,22010457,20:05,75.61,3.85,23.01,50.1
200,BP 110/02 (717221),ZSK 70.8,22010421,18:00,75.14,4.03,22.8,50.12
201,BP 110/02 (717221),ZSK 70.9,22010459,8:30,74.5,4.26,24.43,53.43
202,BP 110/02 (717221),ZSK 70.8,22010423,6:00,74.06,4.56,22.69,50.97
203,BP 110/02 (717221),ZSK 70.8,22010423,6:00,75.12,4.38,22.78,50.43
204,BP 110/02 (717221),ZSK 70.8,22010422,18:00,74.93,4.55,22.81,50.75
205,BP 110/02 (717221),ZSK 70.8,22010422,18:00,75.91,4.03,22.38,49.04
206,BP 110/02 (717221),ZSK 70.8,22010424,6:00,73.22,4.9,23.03,52.3
207,BP 110/02 (717221),ZSK 70.8,22010423,18:00,73.1,4.79,23.27,52.68
208,BP 110/02 (717221),ZSK 70.8,22010423,18:00,73.58,4.52,23.16,51.99
209,BP 110/02 (717221),ZSK 70.8,22010425,6:00,72.51,5.37,23.5,53.96
210,BP 110/02 (717221),ZSK 70.8,22010425,6:00,72,5.32,23.41,54.01
211,BP 110/02 (717221),ZSK 70.4,22010465,6:00,74.89,4.77,23.8,52.67
212,BP 110/02 (717221),ZSK 70.5,22010465,6:00,73.4,5.4,24.12,54.59
213,BP 110/02 (717221),ZSK 70.9,22010465,6:00,73.69,5.26,24.97,55.74
214,BP 110/02 (717221),ZSK 70.8,22010425,18:00,72.78,5.19,23.82,54.19
215,BP 110/02 (717221),ZSK 70.4,22010467,18:00,76.27,3.83,22.71,49.25
216,BP 110/02 (717221),ZSK 70.5,22010467,18:00,0,0,0,------
217,BP 110/02 (717221),ZSK 70.5,22010467,18:00,75.18,4.47,22.77,50.48
218,BP 110/02 (717221),ZSK 70.9,22010467,18:00,74.16,5.12,24.51,54.58
219,BP 110/02 (717221),ZSK 70.4,22010468,8:30,77.19,3.09,21.94,46.82
220,BP 110/02 (717221),ZSK 70.5,22010468,8:30,75.37,3.97,22.11,48.77
221,BP 110/02 (717221),ZSK 70.8,22010425,8:30,74.46,4.5,22.82,50.94
222,BP 110/02 (717221),ZSK 70.9,22010468,10:15,73.89,5.2,24.09,54.09
223,BP 110/02 (717221),ZSK 70.9,22010468,10:15,73.95,5.18,24,53.88
224,BP 110/02 (717221),ZSK 70.4,22010470,6:00,76.72,3.54,21.83,47.27
225,BP 110/02 (717221),ZSK 70.9,22010470,6:00,75.45,4.39,24.07,52.48
226,BP 110/02 (717221),ZSK 70.5,22010470,6:00,0,0,0,------
227,BP 110/02 (717221),ZSK 70.5,22010470,6:00,75.58,4.26,23.58,51.48
228,BP 110/02 (717221),ZSK 70.8,22010427,6:00,73.13,4.95,23.61,53.41
229,BP 110/02 (717221),ZSK 70.8,22010427,18:00,74.01,4.48,23.4,52.14
230,BP 110/02 (717221),ZSK 70.8,22010427,6:00,73.32,4.94,23.36,52.87
231,BP 110/02 (717221),ZSK 70.4,22010468,18:00,77.22,3.39,21.43,46.21
232,BP 110/02 (717221),ZSK 70.5,22010468,18:00,74.83,4.27,22.98,50.82
233,BP 110/02 (717221),ZSK 70.9,22010468,18:00,76.38,3.97,23.07,49.95
234,BP 110/02 (717221),ZSK 70.11,22160128,6:00,75.1,4.4,20.14,45.83
235,BP 110/02 (717221),ZSK 70.8,22010428,6:00,74.36,4.61,23.44,52.16
236,BP 110/02 (717221),ZSK 70.8,22010428,6:00,74.4,4.65,23.33,51.99
237,BP 110/02 (717221),ZSK 70.8,22010428,18:00,75.08,4.5,23.63,52.02
238,BP 110/02 (717221),ZSK 70.4,22010472,6:00,76.51,3.63,22.15,48
239,BP 110/02 (717221),ZSK 70.9,22010472,6:00,75.15,4.51,23.33,51.5
240,BP 110/02 (717221),ZSK 70.5,22010474,6:00,76.54,3.28,22.35,48
241,BP 110/02 (717221),ZSK 70.4,22010474,6:00,77.39,2.93,21.03,45.01
242,BP 110/02 (717221),ZSK 70.9,22010474,6:00,75.63,3.93,23.46,50.93
243,BP 110/02 (717221),ZSK 70.11,22160129,6:00,1.69,-0.04,-0.65,-28.09
244,BP 110/02 (717221),ZSK 70.9,22010473,18:00,75.01,4.53,24.45,53.47
245,BP 110/02 (717221),ZSK 70.4,22010476,18:00,77.87,2.92,21.07,44.87
246,BP 110/02 (717221),ZSK 70.5,22010476,18:00,76.45,3.69,23.24,49.95
247,BP 110/02 (717221),ZSK 70.9,22010476,18:00,76.26,3.92,23.22,50.21
248,BP 110/02 (717221),ZSK 70.4,22010477,6:00,76.46,3.5,22.28,48.13
249,BP 110/02 (717221),ZSK 70.5,22010477,6:00,75.17,4.41,23.19,51.14
250,BP 110/02 (717221),ZSK 70.9,22010477,6:00,74.43,4.9,24.19,53.69
251,BP 110/02 (717221),ZSK 70.8,22010429,18:00,75.47,4.47,23.77,52.05
252,BP 110/02 (717221),ZSK 70.8,22010429,6:00,72.44,5.6,23.59,54.38
253,BP 110/02 (717221),ZSK 70.12,99220415,11:45,74.82,4.8,22.05,49.72
254,BP 110/02 (717221),ZSK 70.12,99220414,12:05,65.79,7.91,24.5,62.28
255,BP 110/02 (717221),ZSK 70.12,99220416,12:24,75.62,4.44,20.8,46.81
256,BP 110/02 (717221),ZSK 70.8,22010429,18:00,74.31,4.94,24.14,53.7
257,BP 110/02 (717221),ZSK 70.8,22010429,18:00,74.19,4.86,24,53.45
258,BP 110/02 (717221),ZSK 70.4,22010478,18:00,76.04,3.76,22.46,48.86
259,BP 110/02 (717221),ZSK 70.5,22010478,18:00,75.49,4.32,23.13,50.81
260,BP 110/02 (717221),ZSK 70.9,22010478,18:00,75.46,4.4,23.49,51.51
261,BP 110/02 (717221),ZSK 70.8,22010430,10:00,73.36,5.34,24.4,55.02
262,BP 110/02 (717221),ZSK 70.8,22010430,18:00,74.15,5.15,23.58,53.03
263,BP 110/02 (717221),ZSK 70.8,22010504,6:00,75.03,4.69,22.99,51.14
264,BP 110/02 (717221),ZSK 70.8,22010504,6:00,74.63,4.88,23.23,51.94
265,BP 110/02 (717221),ZSK 70.8,22010505,6:00,74.6,4.99,23.92,53.22
266,BP 110/02 (717221),ZSK 70.8,22010504,6:00,73.87,5.26,24.33,54.57
267,BP 110/02 (717221),ZSK 70.8,22010505,10:26,74.28,5.14,23.85,53.42
268,BP 110/02 (717221),ZSK 70.8,22010505,6:00,75.75,4.18,23.15,50.58
269,BP 110/02 (717221),ZSK 70.8,22010506,6:00,75.5,4.47,22.95,50.63
270,BP 110/02 (717221),ZSK 70.8,22010507,18:00,75.87,4.24,23.55,51.25
271,BP 110/02 (717221),ZSK 70.4,22010520,9:15,76.86,3.39,21.91,47.2
272,BP 110/02 (717221),ZSK 70.5,22010520,9:15,76.28,3.94,22.02,48.17
273,BP 110/02 (717221),ZSK 70.9,22010520,10:15,74.95,4.39,23.19,51.23
274,BP 110/02 (717221),ZSK 70.8,22010507,10:15,78.07,3.38,21.77,46.42
275,BP 110/02 (717221),ZSK 70.8,22010507,13:00,74.69,4.52,23.72,52.39
276,BP 110/02 (717221),ZSK 70.8,22010508,18:00,74.46,4.69,24.1,53.31
277,BP 110/02 (717221),ZSK 70.8,22010508,6:00,75.66,4.2,23.28,50.86
278,BP 110/02 (717221),ZSK 70.9,22010526,6:00,74.94,4.66,23.73,52.42
279,BP 110/02 (717221),ZSK 70.8,22010510,10:45,73.31,5.3,23.84,54.05
280,BP 110/02 (717221),ZSK 70.8,22010509,18:00,73.38,5.37,24.38,55.01
281,BP 110/02 (717221),ZSK 70.8,22010510,12:30,72.85,5.65,24.66,56.04
282,BP 110/02 (717221),ZSK 70.8,22010511,6:00,73.2,5.59,24.83,56.09
283,BP 110/02 (717221),ZSK 70.8,22010510,18:00,73.34,5.63,25.15,56.6
284,BP 110/02 (717221),ZSK 70.8,22010511,18:00,73.14,5.67,24.83,56.2
285,BP 110/02 (717221),ZSK 70.8,22010512,8:30,72.79,5.31,24.41,55.31
286,BP 110/02 (717221),ZSK 70.8,22010512,18:00,73.89,4.92,24.74,54.91
287,BP 110/02 (717221),ZSK 70.8,22010513,6:00,72.4,5.66,24.92,56.74
288,BP 110/02 (717221),ZSK 70.4,22010531,18:00,75.81,4.05,23.74,51.42
289,BP 110/02 (717221),ZSK 70.5,22010531,18:00,75.43,4.28,23.3,51.08
290,BP 110/02 (717221),ZSK 70.9,22010531,18:00,74.87,4.51,24.46,53.55
291,BP 110/02 (717221),ZSK 70.5,22010532,6:00,73.9,4.92,23.9,53.49
292,BP 110/02 (717221),ZSK 70.4,22010532,6:00,75.79,3.92,23.45,50.82
293,BP 110/02 (717221),ZSK 70.9,22010532,6:00,74.57,4.62,23.53,52.22
294,BP 110/02 (717221),ZSK 70.8,22010514,6:00,72.48,5.58,24.92,56.62
295,BP 110/02 (717221),ZSK 70.4,22010534,6:00,76.37,3.78,23.17,49.95
296,BP 110/02 (717221),ZSK 70.5,22010534,6:00,74.98,4.44,23.58,51.94
297,BP 110/02 (717221),ZSK 70.9,22010534,6:00,75.23,4.32,23.26,51.14
298,BP 110/02 (717221),ZSK 70.4,22010533,18:00,74.91,4.58,24.14,53.05
299,BP 110/02 (717221),ZSK 70.5,22010533,18:00,74.46,4.88,23.97,53.27
300,BP 110/02 (717221),ZSK 70.9,22010533,18:00,74.38,4.58,23.79,52.73
301,BP 110/02 (717221),ZSK 70.8,22010515,6:00,72.67,5.57,24.85,56.39
302,BP 110/02 (717221),ZSK 70.4,22010537,6:00,75.5,4.38,24.41,53.03
303,BP 110/02 (717221),ZSK 70.5,22010537,6:00,74.71,4.83,23.93,53.04
304,BP 110/02 (717221),ZSK 70.9,22010537,6:00,74.78,4.52,23.66,52.24
305,BP 110/02 (717221),ZSK 70.4,22010536,18:00,77.59,3.49,22.22,47.5
306,BP 110/02 (717221),ZSK 70.5,22010536,18:00,76.25,4.01,22.55,49.16
307,BP 110/02 (717221),ZSK 70.9,22010536,18:00,75.68,4.2,23.01,50.4
308,BP 110/02 (717221),ZSK 70.8,22010514,18:00,73.29,5.28,24.89,55.83
309,BP 110/02 (717221),ZSK 70.8,22010515,18:00,72.29,5.67,24.92,56.8
310,BP 110/02 (717221),ZSK 70.8,22010515,6:00,70.88,6.26,25.62,59.39
311,BP 110/02 (717221),ZSK 70.8,22010515,6:00,71.93,5.73,25.29,57.7
312,BP 110/02 (717221),ZSK 70.4,22010539,6:00,77.87,2.57,20.38,43.36
313,BP 110/02 (717221),ZSK 70.5,22010539,6:00,74.75,4.2,24,52.53
314,BP 110/02 (717221),ZSK 70.9,22010539,6:00,74.79,4.4,24.06,52.8
315,BP 110/02 (717221),ZSK 70.4,22010538,18:00,78.65,2.55,20.62,43.43
316,BP 110/02 (717221),ZSK 70.5,22010538,18:00,75.23,4.42,22.93,50.68
317,BP 110/02 (717221),ZSK 70.4,22010540,18:00,78.94,2.08,20.84,43.26
318,BP 110/02 (717221),ZSK 70.5,22010540,18:00,75.92,3.8,23.61,50.92
319,BP 110/02 (717221),ZSK 70.9,22010540,18:00,76,3.7,23.7,50.93
320,BP 110/02 (717221),ZSK 70.8,22010516,18:00,72.53,5.4,25.32,57.08
321,BP 110/02 (717221),ZSK 70.8,22010516,9:30,72.36,5.83,25.55,58.01
322,BP 110/02 (717221),ZSK 70.4,22010542,9:30,76.42,3.59,23.7,50.64
323,BP 110/02 (717221),ZSK 70.5,22010542,9:30,75.7,3.98,23.52,51.03
324,BP 110/02 (717221),ZSK 70.9,22010542,9:30,75.12,4.32,23.72,51.98
325,BP 110/02 (717221),ZSK 70.4,22010542,18:00,76.66,3.47,22.28,48
326,BP 110/02 (717221),ZSK 70.9,22010542,18:00,73.92,5.06,24.87,55.26
327,BP 110/02 (717221),ZSK 70.8,22010517,18:00,74.12,4.83,24.11,53.65
328,BP 110/02 (717221),ZSK 70.8,22010517,6:00,74.34,4.74,23.44,52.29
329,BP 110/02 (717221),ZSK 70.8,22010518,18:00,73.72,5.22,23.94,53.94
330,BP 110/02 (717221),ZSK 70.8,22010518,6:00,72.09,5.96,25.14,57.58
331,BP 110/02 (717221),ZSK 70.8,22010518,10:00,72.39,5.69,25.23,57.31
332,BP 110/02 (717221),ZSK 70.8,22010519,6:00,72.62,5.61,24.9,56.53
333,BP 110/02 (717221),ZSK 70.8,22010518,18:00,71.4,6.22,25.57,58.97
334,BP 110/02 (717221),ZSK 70.8,22010622,6:00,71.96,5.78,24.92,57.1
335,BP 110/02 (717221),ZSK 70.8,22010519,18:00,73.33,5.26,24.86,55.75
336,BP 110/02 (717221),ZSK 70.8,22010295,18:00,73.08,5.02,23.13,52.67
337,BP 110/02 (717221),ZSK 70.8,22010295,10:00,73.74,4.78,22.62,51.21
338,BP 110/02 (717221),ZSK 70.8,22010295,6:00,73.58,4.69,22.38,50.78
339,BP 110/02 (717221),ZSK 70.8,22010297,6:00,73.78,4.59,22.53,50.86
340,BP 110/02 (717221),ZSK 70.8,22010296,18:00,73.9,4.71,22.99,51.72
341,BP 110/02 (717221),ZSK 70.8,22010298,6:00,73.84,4.55,22.76,51.19
342,BP 110/02 (717221),ZSK 70.8,22010297,18:00,74.17,4.67,23,51.56
343,BP 110/02 (717221),ZSK 70.8,22010298,10:00,74.5,4.34,22.5,50.21
344,BP 110/02 (717221),ZSK 70.8,22010299,18:00,73.13,4.84,23.01,52.27
345,BP 110/02 (717221),ZSK 70.8,22010299,6:00,73.19,4.87,22.88,52.03
346,BP 110/02 (717221),ZSK 70.5,22010297,10:15,74.16,4.5,24.09,53.27
347,BP 110/02 (717221),ZSK 70.8,22010300,10:15,73.3,4.75,23.01,52.08
348,BP 110/02 (717221),ZSK 70.8,22010300,18:00,74.04,4.15,22.27,49.85
349,BP 110/02 (717221),ZSK 70.8,22010300,8:30,73.56,4.73,23.39,52.6
350,BP 110/02 (717221),ZSK 70.8,22010300,18:00,73.6,4.48,23.11,51.84
351,BP 110/02 (717221),ZSK 70.8,22010300,10:15,73,4.8,23.23,52.67
352,BP 110/02 (717221),ZSK 70.7,22010301,18:00,74.17,4.57,23.07,51.58
353,BP 110/02 (717221),ZSK 70.8,22010301,6:00,73.89,4.86,23.54,52.82
354,BP 110/02 (717221),ZSK 70.8,22010301,6:00,73.83,4.63,22.92,51.54
355,BP 110/02 (717221),ZSK 70.8,22010303,6:00,74.05,4.67,22.45,50.67
356,BP 110/02 (717221),ZSK 70.8,22010302,18:00,73.29,5.07,23.41,53.09
357,BP 110/02 (717221),ZSK 70.8,22010303,18:00,74.36,4.59,23.4,52.08
358,BP 110/02 (717221),ZSK 70.8,22010304,6:00,74.2,4.48,22.34,50.21
359,BP 110/02 (717221),ZSK 70.8,22010304,18:00,74.28,3.99,22.89,50.66
360,BP 110/02 (717221),ZSK 70.5,22010322,8:30,75.44,3.79,22.63,49.46
361,BP 110/02 (717221),ZSK 70.8,22010305,8:30,72.67,4.91,22.69,52
362,BP 110/02 (717221),ZSK 70.8,22010305,18:00,72.34,5.24,23.35,53.66
363,BP 110/02 (717221),ZSK 70.8,22010305,18:00,72.96,4.94,22.98,52.39
364,BP 110/02 (717221),ZSK 70.8,22010306,6:00,72.87,4.85,22.84,52.1
365,BP 110/02 (717221),ZSK 70.8,22010306,6:00,72.63,5.05,22.97,52.65
366,BP 110/02 (717221),ZSK 70.8,22010306,18:00,74.74,3.92,21.66,48.23
367,BP 110/02 (717221),ZSK 70.8,22010306,18:00,73.65,4.73,22.67,51.31
368,BP 110/02 (717221),ZSK 70.8,22010307,6:00,73.31,4.82,22.38,51.05
369,BP 110/02 (717221),ZSK 70.8,22010307,6:00,73.25,4.83,22.57,51.42
370,BP 110/02 (717221),ZSK 70.8,22010308,6:00,71.88,5.33,23.4,54.07
371,BP 110/02 (717221),ZSK 70.8,22010308,6:00,72.69,5.08,22.91,52.55
372,BP 110/02 (717221),ZSK 70.8,22010307,18:00,72.73,5.03,23.15,52.89
373,BP 110/02 (717221),ZSK 70.8,22010307,19:30,72.59,5.07,23.3,53.28
374,BP 110/02 (717221),ZSK 70.8,22010308,18:00,73.88,4.69,23.03,51.77
375,BP 110/02 (717221),ZSK 70.8,22010309,9:00,72.58,5.16,23.06,52.94
376,BP 110/02 (717221),ZSK 70.8,22010309,11:30,72.43,5.27,23.36,53.66
377,BP 110/02 (717221),ZSK 70.8,22010309,14:15,72.75,5.09,23.05,52.77
378,BP 110/02 (717221),ZSK 70.8,22010309,18:00,72.68,5.31,23.89,54.47
379,BP 110/02 (717221),ZSK 70.8,22010309,21:30,72.97,5.05,23.61,53.58
380,BP 110/02 (717221),ZSK 70.8,22010309,2:00,73.23,5.04,23.57,53.37
381,BP 110/02 (717221),ZSK 70.8,22010310,6:00,72.67,5.27,23.43,53.65
382,BP 110/02 (717221),ZSK 70.8,22010310,6:30,72.9,5.26,23.55,53.72
383,BP 110/02 (717221),ZSK 70.8,22010310,11:30,72.74,5.03,23.05,52.71
384,BP 110/02 (717221),ZSK 70.8,22010311,18:00,73.81,4.86,23.16,52.19
385,BP 110/02 (717221),ZSK 70.8,22010311,6:00,73.6,4.97,23.15,52.38
386,BP 110/02 (717221),ZSK 70.8,22010312,18:00,73.18,5.06,22.96,52.37
387,BP 110/02 (717221),ZSK 70.8,22010314,6:00,72.61,5.1,23.29,53.26
388,BP 110/02 (717221),ZSK 70.8,22010313,18:00,72.79,5.1,23.43,53.42
389,BP 110/02 (717231),ZSK 70.8,22010577,13:15,71.27,6.12,25.3,58.49
390,BP 110/02 (717231),ZSK 70.8,22010577,6:00,71.53,6.12,25.51,58.68
391,BP 110/02 (717231),ZSK 70.8,22010578,18:00,71.7,6.03,25.49,58.48
392,BP 110/02 (717231),ZSK 70.8,22010578,18:00,71.9,5.98,24.8,57.14
393,BP 110/02 (717231),ZSK 70.8,22010578,6:00,72.92,5.54,24.54,55.7
394,BP 110/02 (717231),ZSK 70.8,22010578,6:00,71.87,6.03,25.02,57.57
395,BP 110/02 (717231),ZSK 70.8,22010579,18:00,73.14,5.42,24.94,56.14
396,BP 110/02 (717231),ZSK 70.8,22010579,6:00,72.85,5.52,24.92,56.36
397,BP 110/02 (717231),ZSK 70.4,22010600,6:00,76.67,3.49,21.73,47.07
398,BP 110/02 (717231),ZSK 70.5,22010600,6:00,76.33,3.5,22.73,48.95
399,BP 110/02 (717231),ZSK 70.9,22010600,6:00,77.18,3.48,21.51,46.45
400,BP 110/02 (717221),ZSK 70.8,22010580,18:00,72.18,6.09,25.44,58.17
401,BP 110/02 (717221),ZSK 70.8,22010580,6:00,72.37,5.79,24.48,56.14
402,BP 110/02 (717231),ZSK 70.8,22010581,18:00,73.14,5.47,24.45,55.36
403,BP 110/02 (717231),ZSK 70.8,22010581,10:30,71.78,5.76,24.72,56.83
404,BP 110/02 (712331),ZSK 70.5,22010603,10:30,76.86,3.64,21.45,46.63
405,BP 110/02 (712331)),ZSK 70.4,22010603,10:30,77.09,3.24,21.86,46.87
406,BP 110/02 (717221),ZSK 70.4,22010604,6:00,74.69,4.44,23.02,51.13
407,BP 110/02 (717221),ZSK 70.5,22010604,6:00,74.14,4.84,23.93,53.33
408,BP 110/02 (717221),ZSK 70.9,22010604,6:00,74.4,4.7,23.64,52.57
409,BP 110/02 (717231),ZSK 70.8,22010581,18:00,72.67,5.65,25.05,56.8
410,BP 110/02 (717221),ZSK 70.5,22010605,9:00,75.52,4.2,22.79,50.09
411,BP 110/02 (717221),ZSK 70.4,22010605,18:00,76.02,3.65,23.17,49.98
412,BP 110/02 (717221),ZSK 70.9,22010605,9:00,74.01,4.71,24.4,54.07
413,BP 110/02 (717221),ZSK 70.5,22010605,9:45,74.86,4.6,22.96,51.08
414,BP 110/02 (717231),ZSK 70.8,22010583,6:00,73.53,5.26,24.23,54.58
415,BP 110/02 (717221),ZSK 70.4,22010607,6:00,75.42,4.25,23.03,50.6
416,BP 110/02 (717221),ZSK 70.5,22010607,6:00,75.35,4.29,23.43,51.36
417,BP 110/02 (717221),ZSK 70.9,22010607,6:00,74.84,4.78,23.6,52.36
418,BP 110/02 (717231),ZSK 70.8,22010582,18:00,72.17,5.61,24.89,56.77
419,BP 110/02 (717221),ZSK 70.4,22010605,18:00,75.63,4.18,23.41,51.07
420,BP 110/02 (717221),ZSK 70.5,22010605,18:00,74.37,4.89,23.04,51.75
421,BP 110/02 (717221),ZSK 70.9,22010605,18:00,74.54,4.74,24.29,53.65
422,BP 110/02 (717231),ZSK 70.8,22010584,6:00,72.68,5.48,24.36,55.46
423,BP 110/02 (717221),ZSK 70.4,22010609,6:00,75.24,4.14,23.51,51.4
424,BP 110/02 (717221),ZSK 70.5,22010609,6:00,73.75,4.96,23.84,53.5
425,BP 110/02 (717221),ZSK 70.9,22010609,6:00,74.21,4.66,23.44,52.28
426,BP 110/02 (717231),ZSK 70.8,22010583,18:00,72.66,5.69,25.07,56.89
427,BP 110/02 (717221),ZSK 70.4,22010608,18:00,76.1,3.85,22.7,49.34
428,BP 110/02 (717221),ZSK 70.5,22010608,18:00,74.85,4.62,23.7,52.38
429,BP 110/02 (717221),ZSK 70.9,22010608,18:00,75.32,4.37,23.2,51.05
430,BP 110/02 (717231),ZSK 70.8,22010586,18:00,71.16,6.27,25.33,58.73
431,BP 110/02 (717231),ZSK 70.6,22010586,6:00,70.98,6.21,25.06,58.32
432,BP 110/02 (717221),ZSK 70.4,22010611,6:00,74.94,4.26,23.39,51.46
433,BP 110/02 (717221),ZSK 70.5,22010611,6:00,74.3,4.81,23.35,52.23
434,BP 110/02 (717221),ZSK 70.9,22010611,6:00,74.14,4.7,23.36,52.22
435,BP 110/02 (717221),ZSK 70.9,22010610,18:00,73.72,5.21,24.9,55.56
436,BP 110/02 (717221),ZSK 70.5,22010610,18:00,73.69,5.2,24.24,54.45
437,BP 110/02 (717221),ZSK 70.4,22010612,18:00,74.83,4.58,24.19,53.18
438,BP 110/02 (717221),ZSK 70.5,22010612,18:00,75.08,4.3,23.55,51.71
439,BP 110/02 (717221),ZSK 70.9,22010612,18:00,74.09,4.97,24.11,53.79
440,BP 110/02 (717231),ZSK 70.8,22010587,8:45,72.29,5.62,24.41,55.9
441,BP 110/02 (717221),ZSK 70.8,22010586,18:00,72.05,5.79,24.67,56.64
442,BP 110/02 (717221),ZSK 70.8,22010586,18:00,72.33,5.72,24.1,55.43
443,BP 110/02 (717231),ZSK 70.4,22010585,12:30,75.72,4.21,22.7,49.85
444,BP 110/02 (717221),ZSK 70.8,22010585,12:30,72.57,5.69,24.72,56.33
445,BP 110/02 (717231),ZSK 70.4,22010585,18:00,75.67,4.11,22.97,50.24
446,BP 110/02 (717231),ZSK 70.8,22010585,18:00,72.07,6.07,25.41,58.16
447,BP 110/02 (717221),ZSK 70.4,22010585,18:00,75.25,4.19,23.02,50.61
448,BP 110/02 (717231),ZSK 70.8,22010588,6:00,71.45,5.9,24.8,57.3
449,BP 110/02 (717231),ZSK 70.8,22010587,18:00,72.32,5.68,24.72,56.46
450,BP 110/02 (717231),ZSK 70.8,22010588,10:00,72.02,5.73,24.75,56.74
451,BP 110/02 (717231),ZSK 70.8,22010588,18:00,72.17,5.91,25.18,57.56
452,BP 110/02 (717231),ZSK 70.8,22010588,6:00,72.15,5.69,24.68,56.49
453,BP 110/02 (717221),ZSK 70.8,22010588,6:00,72.01,5.89,24.91,57.17
454,BP 110/02 (717231),ZSK 70.8,22010589,18:00,72.29,5.7,24.98,56.94
455,BP 110/02 (717231),ZSK 70.8,22010589,6:00,72.45,5.68,24.81,56.55
456,BP 110/02 (717231),ZSK 70.8,22010590,18:00,71.54,6.2,25.07,58.03
457,BP 110/02 (717231),ZSK 70.8,22010590,6:00,71.65,5.96,24.86,57.35
458,BP 110/02 (717231),ZSK 70.8,22010590,6:00,71.93,5.75,24.7,56.72
459,BP 110/02 (717231),ZSK 70.8,22010590,18:00,71.76,6.01,25.11,57.76
460,BP 110/02 (717221),ZSK 70.4,22010661,8:30,74.43,4.58,23.09,51.49
461,BP 110/02 (717221),ZSK 70.4,22010661,8:30,72.93,5.15,24.9,55.91
462,BP 110/02 (717221),ZSK 70.5,22010661,12:30,70.86,5.79,24.99,57.85
463,BP 110/02 (717231),ZSK 70.8,22010638,15:00,72.33,5.74,24.95,56.91
464,BP 110/02 (717221),ZSK 70.4,22010661,18:00,75.1,4.66,22.53,50.29
465,BP 110/02 (717221),ZSK 70.5,22010661,18:00,72.84,5.53,24.64,55.9
466,BP 110/02 (717231),ZSK 70.8,22010638,18:00,72.06,5.78,24.78,56.81
467,BP 110/02 (717231),ZSK 70.8,22010638,6:00,72.43,5.65,24.66,56.28
468,BP 110/02 (717221),ZSK 70.4,22010662,6:00,72.73,5.42,25.52,57.34
469,BP 110/02 (717221),ZSK 70.5,22010662,6:00,73.88,4.73,24.06,53.59
470,BP 110/02 (717221),ZSK 70.4,22010663,6:00,76.01,3.68,23.11,49.92
471,BP 110/02 (717221),ZSK 70.5,22010663,6:00,75.11,4.27,23.03,50.77
472,BP 110/02 (717231),ZSK 70.8,22010639,6:00,72.75,5.49,24.46,55.6
473,BP 110/02 (717231),ZSK 70.8,22010639,6:00,72.13,5.75,24.53,56.31
474,BP 110/02 (717231),ZSK 70.8,22010639,13:00,72.2,5.54,24.55,56.1
475,BP 110/02 (717231),ZSK 70.8,22010639,15:27,71.92,5.79,24.84,56.99
476,BP 110/02 (717221),ZSK 70.4,22010665,6:00,75.7,3.81,23.27,50.46
477,BP 110/02 (717221),ZSK 70.5,22010665,6:00,74.76,4.42,23.23,51.43
478,BP 110/02 (717231),ZSK 70.8,22010640,18:00,72.39,5.59,24.5,55.97
479,BP 110/02 (717231),ZSK 70.8,22010640,18:00,71.26,6.17,24.82,57.71
480,BP 110/02 (717231),ZSK 70.8,22010640,6:00,72.81,5.6,24.56,55.85
481,BP 110/02 (717231),ZSK 70.8,22010640,6:00,72.83,5.51,24.34,55.37
482,BP 110/02 (717231),ZSK 70.8,22010640,8:15,72.75,5.34,24.19,54.98
483,BP 110/02 (717221),ZSK 70.4,22010664,18:00,75.3,4.09,22.29,49.23
484,BP 110/02 (717221),ZSK 70.5,22010664,18:00,75.41,4.11,22.89,50.23
485,BP 110/02 (717221),ZSK 70.4,22010667,6:00,76.05,3.78,22.63,49.16
486,BP 110/02 (717221),ZSK 70.5,22010667,6:00,75.67,4.02,22.76,49.8
487,BP 110/02 (717231),ZSK 70.8,22010641,7:20,71.68,5.5,23.71,54.89
488,BP 110/02 (717231),ZSK 70.8,22010641,6:00,71.93,5.51,23.99,55.25
489,BP 110/02 (717231),ZSK 70.8,22010641,10:00,71.99,5.46,23.91,55.02
490,BP 110/02 (717231),ZSK 70.8,22010641,18:00,72.22,5.68,24.58,56.28
491,BP 110/02 (717231),ZSK 70.8,22010641,18:00,71.55,6.04,24.68,57.19
492,BP 110/02 (717231),ZSK 70.8,22010641,6:00,72.52,5.58,24.57,56
493,BP 110/02 (717221),ZSK 70.4,22010666,18:00,75.29,4.28,24.17,52.63
494,BP 110/02 (717221),ZSK 70.5,22010666,18:00,74.7,4.56,23.44,51.94
495,BP 110/02 (717221),ZSK 70.5,22010667,18:00,75.17,4.21,22.39,49.57
496,BP 110/02 (717221),ZSK 70.4,22010667,18:00,76.63,3.43,21.09,45.92
497,BP 110/02 (717221),ZSK 70.4,22010668,9:15,76.28,3.45,22.19,48
498,BP 110/02 (717221),ZSK 70.8,22010642,11:15,70.21,6.2,25.05,58.73
499,BP 110/02 (717221),ZSK 70.4,22010669,6:00,75.45,3.99,22.96,50.22
500,BP 110/02 (717221),ZSK 70.5,22010669,6:00,74.19,4.64,22.79,51.16
501,BP 110/02 (717221),ZSK 70.4,22010668,18:00,74.96,3.87,21.66,48.08
502,BP 110/02 (717221),ZSK 70.5,22010668,18:00,74.89,4.44,23.64,52.09
503,BP 110/02 (717231),ZSK 70.6,22010642,6:00,71.29,5.88,24.83,57.42
504,BP 110/02 (717231),ZSK 70.8,22010642,6:00,71.98,5.61,24.44,56.11
505,BP 110/02 (717231),ZSK 70.8,22010642,18:00,70.37,6.34,24.75,58.28
506,BP 110/02 (717231),ZSK 70.8,22010642,18:00,70.46,6.12,24.66,57.84
507,BP 110/02 (717231),ZSK 70.8,22010642,10:15,71.31,5.92,24.78,57.35
508,BP 110/02 (717221),ZSK 70.4,22010671,6:00,75.7,4.11,23.09,50.43
509,BP 110/02 (717221),ZSK 70.5,22010671,6:00,74.94,4.23,23.1,50.92
510,BP 110/02 (717231),ZSK 70.8,22010643,18:00,72.77,5.5,24.27,55.27
511,BP 110/02 (717231),ZSK 70.8,22010643,18:00,71.19,6.15,24.98,58
512,BP 110/02 (717231),ZSK 70.8,22010643,6:00,72.17,5.67,24.28,55.77
513,BP 110/02 (717231),ZSK 70.8,22010643,6:00,72.09,5.78,24.3,55.98
514,BP 110/02 (717221),ZSK 70.4,22010670,18:00,76,3.74,22.37,48.7
515,BP 110/02 (717221),ZSK 70.5,22010670,18:00,75.4,4.14,22.88,50.25
516,BP 110/02 (717221),ZSK 70.4,22010672,6:00,74.93,4.4,23.43,51.66
517,BP 110/02 (717221),ZSK 70.5,22010672,6:00,74.27,4.56,23.49,52.24
518,BP 110/02 (717231),ZSK 70.8,22010644,18:00,73.26,5.32,24.33,54.94
519,BP 110/02 (717231),ZSK 70.6,22010644,6:00,72.17,5.7,24.6,56.36
520,BP 110/02 (717221),ZSK 70.8,22010644,6:00,71.96,5.75,24.58,56.49
521,BP 110/02 (717221),ZSK 70.4,22010671,18:00,76.58,3.52,22.2,47.94
522,BP 110/02 (717221),ZSK 70.5,22010671,18:00,75.06,4.11,22.97,50.53
523,BP 110/02 (717221),ZSK 70.4,22010674,6:00,76.45,3.14,21.65,46.7
524,BP 110/02 (717221),ZSK 70.5,22010674,6:00,74.75,4.17,23.5,51.65
525,BP 110/02 (717231),ZSK 70.8,22010645,6:00,71.42,5.9,24.99,57.64
526,BP 110/02 (717231),ZSK 70.8,22010645,18:00,70.21,6.23,24.76,58.26
527,BP 110/02 (717231),ZSK 70.8,22010645,18:00,72.09,5.68,24.47,56.15
528,BP 110/02 (717231),ZSK 70.8,22010644,18:00,70.57,6.34,25.3,59.1
529,BP 110/02 (717221),ZSK 70.4,22010673,18:00,75.28,4.2,23.26,51
530,BP 110/02 (717221),ZSK 70.5,22010673,18:00,73.88,4.66,23.01,51.71
531,BP 110/02 (717231),ZSK 70.8,22010645,18:00,71.58,6.01,24.42,56.68
532,BP 110/02 (717231),ZSK 70.8,22010646,9:15,71.13,6,24.47,57
533,BP 110/02 (717221),ZSK 70.4,22010675,9:00,75.17,4.05,23,50.48
534,BP 110/02 (717221),ZSK 70.5,22010675,9:00,73.31,4.67,22.66,51.4
535,BP 110/02 (717221),ZSK 70.5,22010675,9:45,73.81,4.93,23.58,53
536,BP 110/02 (717221),ZSK 70.5,22010675,10:45,74.18,4.72,23.98,53.28
537,BP 110/02 (717231),ZSK 70.8,22010646,6:00,75.14,4.37,23.27,51.25
538,BP 110/02 (717231),ZSK 70.8,22010646,18:00,74.19,4.56,22.94,51.34
539,BP 110/02 (717221),ZSK 70.4,22010675,18:00,76.5,3.63,22.43,48.48
540,BP 110/02 (717221),ZSK 70.5,22010675,18:00,75.61,4.3,22.31,49.31
541,BP 110/02 (717221),ZSK 70.4,22010676,6:00,76.64,3.4,20.64,45.1
542,BP 110/02 (717221),ZSK 70.5,22010676,6:00,75.4,4.28,22.8,50.23
543,BP 110/02 (717221),ZSK 70.4,22010695,18:00,76.24,3.53,21.61,47.1
544,BP 110/02 (717221),ZSK 70.5,22010695,18:00,76.61,3.48,22.1,47.72
545,BP 110/02 (717221),ZSK 70.4,22010695,6:00,77,3.01,20.57,44.45
546,BP 110/02 (717221),ZSK 70.5,22010695,6:00,75.86,3.89,22.29,48.77
547,BP 110/02 (717231),ZSK 70.8,22010647,6:00,74.71,4.44,23.23,51.48
548,BP 110/02 (717231),ZSK 70.8,22010647,9:35,74.47,4.7,23.38,52.09
549,BP 110/02 (717231),ZSK 70.8,22010647,18:00,75.19,4.3,22.8,50.36
550,BP 110/02 (717221),ZSK 70.4,22010696,6:00,77.09,3.25,21.53,46.3
551,BP 110/02 (717221),ZSK 70.5,22010696,6:00,74.17,5,23.8,53.24
552,BP 110/02 (717231),ZSK 70.8,22010648,18:00,73.12,5.16,24.14,54.52
553,BP 110/02 (717231),ZSK 70.8,22010648,6:00,73.96,4.74,23.73,52.99
554,BP 110/02 (717221),ZSK 70.4,22010698,6:45,76.85,3.32,21.23,45.96
555,BP 110/02 (717221),ZSK 70.5,22010698,6:45,75.73,4.21,22.59,49.66
556,BP 110/02 (717231),ZSK 70.8,22010649,18:00,72.87,5.08,23.83,54.05
557,BP 110/02 (717231),ZSK 70.8,22010649,6:45,73.31,5.19,23.77,53.82
558,BP 110/02 (717221),ZSK 70.4,22010697,18:00,76.73,3.35,21.54,46.58
559,BP 110/02 (717231),ZSK 70.8,22010650,8:00,73.25,5.09,23.31,52.97
560,BP 110/02 (717231),ZSK 70.8,22010650,8:00,72.94,5.23,24.04,54.52
561,BP 110/02 (717231),ZSK 70.8,22010650,6:00,73.31,5.05,23.36,52.98
562,BP 110/02 (717231),ZSK 70.8,22010650,6:00,72.93,5.36,24.07,54.7
563,BP 110/02 (717231),ZSK 70.8,22010651,6:00,73.65,4.91,23.36,52.67
564,BP 110/02 (717231),ZSK 70.8,22010652,18:00,73.64,4.86,22.88,51.8
565,BP 110/02 (717231),ZSK 70.8,22010652,6:00,72.8,5.06,23.68,53.81
566,BP 110/02 (717231),ZSK 70.8,22010652,6:00,72.19,5.45,23.51,54.22
567,BP 110/02 (717231),ZSK 70.8,22010702,11:30,73.93,4.71,22.78,51.33
568,BP 110/02 (717231),ZSK 70.8,22010702,18:30,74.67,4.71,22.72,50.87
569,BP 110/02 (717231),ZSK 70.8,22010702,6:00,74.13,5.01,23.1,52.07
570,BP 110/02 (717231),ZSK 70.8,22010702,6:00,74.06,4.77,22.63,51.07
571,BP 110/02 (717231),ZSK 70.8,22010702,9:10,74.24,4.63,22.38,50.41
572,BP 110/02 (717221),ZSK 70.8,22010704,6:00,75.02,4.32,22.27,49.54
573,BP 110/02 (717221),ZSK 70.8,22010704,6:00,73.03,5.37,24.04,54.6
574,BP 110/02 (717231),ZSK 70.8,22010705,10:45,75.07,4.27,22.36,49.62
575,BP 110/02 (717231),ZSK 70.8,22010705,11:05,74.6,4.58,22.74,50.82
576,BP 110/02 (717231),ZSK 70.8,22010705,18:00,74.61,4.47,22.48,50.25
577,BP 110/02 (717231),ZSK 70.8,22010705,6:15,74.74,4.55,22.63,50.52
578,BP 110/02 (717231),ZSK 70.8,22010705,6:00,75.19,4.34,22.41,49.72
579,BP 110/02 (717231),ZSK 70.9,22010748,18:00,73.55,5.09,24.3,54.51
580,BP 110/02 (717231),ZSK 70.9,22010748,6:15,73.82,5.1,23.73,53.41
581,BP 110/02 (717231),ZSK 70.4,22010750,6:00,76.36,3.64,22.97,49.48
582,BP 110/02 (7172231),ZSK 70.5,22010750,6:00,74.83,4.64,23.62,52.26
583,BP 110/02 (717231),ZSK 70.4,22010749,18:00,76.79,3.37,22.09,47.52
584,BP 110/02 (717231),ZSK 70.9,22010749,18:00,75.01,4.58,23.36,51.68
585,BP 110/02 (717231),ZSK 70.8,22010707,18:00,75.88,4.15,22.34,49.09
586,BP 110/02 (717231),ZSK 70.8,22010707,6:00,75.82,4.18,22.28,49.06
587,BP 110/02 (717231),ZSK 70.8,22010707,9:00,75.38,4.38,22.33,49.54
588,BP 110/02 (717231),ZSK 70.4,22010751,6:00,77.23,3.21,22.13,47.24
589,BP 110/02 (717231),ZSK 70.9,22010751,6:00,75.88,4.12,22.53,49.39
590,BP 110/02 (717231),ZSK 70.4,22010750,18:00,76.74,3.43,21.56,46.69
591,BP 110/02 (717231),ZSK 70.9,22010750,18:00,75.11,4.26,23,50.71
592,BP 110/02 (717231),ZSK 70.4,22010754,18:00,76.83,3.33,21.19,45.91
593,BP 110/02 (717231),ZSK 70.9,22010754,18:00,75.71,4,22.92,50.04
594,BP 110/02 (717231),ZSK 70.8,22010708,7:30,74.05,4.88,23.06,51.93
595,BP 110/02 (717231),ZSK 70.8,22010708,6:00,73.46,5.18,23.87,53.91
596,BP 110/02 (717221),ZSK 70.8,22010709,18:00,73.42,5.14,23.75,53.7
597,BP 110/02 (717221),ZSK 70.8,22010710,18:00,74,4.96,23.23,52.32
598,BP 110/02 (717221),ZSK 70.8,22010710,6:00,73.9,4.97,22.87,51.76
599,BP 110/02 (717221),ZSK 70.8,22010711,13:00,73.32,5.06,23.67,53.53
600,BP 110/02 (717221),ZSK 70.8,22010712,6:20,74.54,4.74,23.11,51.63
601,BP 110/02 (717221),ZSK 70.8,22010712,6:50,74.53,4.75,23.21,51.81
602,BP 110/02 (717221),ZSK 70.8,22010711,18:00,75.13,4.46,22.98,50.86
603,BP 110/02 (717221),ZSK 70.8,22010712,9:44,74.73,4.6,23.05,51.31
604,BP 110/02 (717221),ZSK 70.8,22010713,6:51,75.9,4.2,22.12,48.77
605,BP 110/02 (717221),ZSK 70.8,22010713,10:03,76,4.03,21.76,47.93
606,BP 110/02 (717221),ZSK 70.8,22010712,18:15,75.11,4.57,23.29,51.51
607,BP 110/02 (717221),ZSK 70.8,22010713,18:15,73.37,5.31,23.88,54.11
608,BP 110/02 (717221),ZSK 70.8,22010714,8:20,74.39,5,23.02,51.82
609,BP 110/02 (717221),ZSK 70.8,22010714,9:30,75.01,4.3,21.76,48.65
610,BP 110/02 (717221),ZSK 70.8,22010714,18:21,75.93,4.16,22.27,48.97
611,BP 110/02 (717221),ZSK 70.8,22010714,6:00,75.3,4.5,22.37,49.77
612,BP 110/02 (717221),ZSK 70.8,22010716,7:45,75.95,3.9,21.16,46.78
613,BP 110/02 (717221),ZSK 70.8,22010766,19:19,76.03,4.07,21.88,48.15
614,BP 110/02 (717221),ZSK 70.8,22010766,6:00,76.41,3.74,21.52,47.06
615,BP 110/02 (717221),ZSK 70.8,22010766,18:00,77.07,3.59,20.71,45.22
616,BP 110/02 (717231),ZSK 70.8,22010765,12:18,75.36,4.25,22.08,48.98
617,BP 110/02 (717221),ZSK 70.8,22010767,6:05,76.81,3.61,20.84,45.56
618,BP 110/02 (717231),ZSK 70.8,22010767,10:00,76.24,3.85,21.67,47.49
619,BP 110/02 (717231),ZSK 70.8,22010765,18:00,75.8,4.32,22.13,48.93
620,BP 110/02 (717231),ZSK 70.8,22010765,4:24,75.76,4.24,22.07,48.76
621,BP 110/02 (717231),ZSK 70.8,22010767,18:00,76.07,3.89,21.85,47.91
622,BP 110/02 (717231),ZSK 70.8,22010771,7:00,75.74,4,21.76,48.02
623,BP 110/02 (717231),ZSK 70.8,22010771,9:33,75.24,4.22,22.23,49.27
624,BP 110/02 (717231),ZSK 70.8,22010771,18:00,75.44,4.29,22.42,49.57
625,BP 110/02 (717221),ZSK 70.8,22010772,6:00,75.05,4.41,22.27,49.62
626,BP 110/02 (717221),ZSK 70.8,22010772,18:00,75.09,4.55,22.89,50.8
627,BP 110/02 (717221),ZSK 70.8,22010772,10:10,75.56,4.15,22.26,49.11
628,BP 110/02 (717231),ZSK 70.8,22010773,18:33,75.8,4.05,22.03,48.51
629,BP 110/02 (717231),ZSK 70.8,22010773,9:48,75.67,4.16,22.1,48.8
630,BP 110/02 (717221),ZSK 70.5,22010797,9:48,77.15,2.45,19.27,41.57
631,BP 110/02 (717221),ZSK 70.4,22010797,10:24,76.67,2.41,19.32,41.81
632,BP 110/02 (717221),ZSK 70.9,22010797,11:10,76.06,3.79,22.01,48.1
633,BP 110/02 (717221),ZSK 70.8,22010774,7:13,75.29,4.32,22.62,50.02
634,BP 110/02 (717221),ZSK 70.8,22010774,11:01,74.53,4.6,22.98,51.28
635,BP 110/02 (717221),ZSK 70.8,22010773,18:00,75.72,4.08,22.13,48.75
636,BP 110/02 (717221),ZSK 70.4,22010797,18:00,78.11,2.23,17.99,38.7
637,BP 110/02 (717221),ZSK 70.5,22010797,18:00,77.43,2.32,19.48,41.7
638,BP 110/02 (717221),ZSK 70.9,22010797,18:00,75.96,3.86,22.88,49.71
639,BP 110/02 (717221),ZSK 70.8,22010775,6:53,76.12,3.9,21.57,47.41
640,BP 110/02 (717221),ZSK 70.8,22010774,18:00,75.31,4.25,22.55,49.82
641,BP 110/02 (717221),ZSK 70.4,22010803,6:26,78.12,2.79,20.14,43.03
642,BP 110/02 (717221),ZSK 70.5,22010803,6:26,77.05,3.32,21.69,46.67
643,BP 110/02 (717221),ZSK 70.9,22010803,6:27,76.66,3.75,21.48,46.88
644,BP 110/02 (717231),ZSK 70.8,22010775,6:24,76.13,3.87,21.44,47.16
645,BP 110/02 (717231),ZSK 70.8,22010775,6:00,75.4,4.27,22.38,49.51
646,BP 110/02 (717231),ZSK 70.8,22010775,18:00,76.89,3.62,21.42,46.55
647,BP 110/02 (717231),ZSK 70.8,22010776,9:57,75.15,4.36,22.28,49.54
648,BP 110/02 (717231),ZSK 70.8,22010776,9:51,75.07,4.49,22.17,49.5
649,BP 110/02 (717221),ZSK 70.8,22010777,18:00,75.35,4.23,22.02,48.87
650,BP 110/02 (717221),ZSK 70.4,22010806,18:00,77.98,2.66,20.07,42.85
651,BP 110/02 (717221),ZSK 70.5,22010806,18:00,77.18,3.19,20.96,45.22
652,BP 110/02 (717221),ZSK 70.9,22010806,18:00,77.44,3.29,21.12,45.49
653,BP 110/02 (717231),ZSK 70.8,22010780,6:00,74.24,4.62,22.03,49.79
654,BP 110/02 (717231),ZSK 70.8,22010780,6:00,74.78,4.4,21.48,48.36
655,BP 110/02 (717221),ZSK 70.8,22010777,18:00,75.39,4.34,22.02,48.95
656,BP 110/02 (717221),ZSK 70.8,22010781,6:00,75.43,4.36,21.89,48.74
657,BP 110/02 (717221),ZSK 70.8,22010780,18:00,75.32,4.41,22.25,49.45
658,BP 110/02 (717221),ZSK 70.8,22010824,6:00,75.15,4.29,22.11,49.18
659,BP 110/02 (717221),ZSK 70.8,22010824,8:40,75.05,4.31,21.83,48.75
660,BP 110/02 (717221),ZSK 70.8,22010781,18:00,75.31,4.26,21.68,48.32
661,BP 110/02 (717221),ZSK 70.8,22010824,18:00,75.55,4.23,21.66,48.16
662,BP 110/02 (717221),ZSK 70.8,22010825,7:30,75.41,4.09,21.21,47.3
663,BP 110/02 (717221),ZSK 70.8,22010825,18:00,74.67,4.16,21.52,48.24
664,BP 110/02 (717221),ZSK 70.8,22010826,10:52,75.4,4.15,21.91,48.57
665,BP 110/02 (717221),ZSK 70.8,22010826,18:03,75.2,4.39,22.55,50.01
666,BP 110/02 (717221),ZSK 70.8,22010826,6:20,75.23,4.1,21.67,48.19
667,BP 110/02 (717221),ZSK 70.8,22010827,18:11,75.16,4.44,22.61,50.17
668,BP 110/02 (717221),ZSK 70.8,22010827,18:00,74.93,4.67,22.98,51.16
669,BP 110/02 (717221),ZSK 70.8,22010827,6:00,75.33,4.38,22.58,49.99
670,BP 110/02 (717221),ZSK 70.8,22010827,6:02,75.57,4.32,22.25,49.26
671,BP 110/02 (717221),ZSK 70.8,22010828,18:00,74.93,4.57,22.73,50.61
672,BP 110/02 (717221),ZSK 70.8,22010828,18:17,75.46,4.22,22.11,48.97
673,BP 110/02 (717221),ZSK 70.8,22010828,6:00,74.98,4.46,22.26,49.69
674,BP 110/02 (717221),ZSK 70.8,22010828,6:17,74.59,4.45,22.49,50.26
675,BP 110/02 (717221),ZSK 70.8,22010829,18:00,74.99,4.29,22.52,49.96
676,BP 110/02 (717221),ZSK 70.8,22010829,6:00,75.07,4.34,22.15,49.33
677,BP 110/02 (717221),ZSK 70.8,22010829,6:00,74.33,4.47,22.52,50.45
678,BP 110/02 (717221),ZSK 70.8,22010830,18:00,74.99,4.54,22.58,50.31
679,BP 110/02 (717221),ZSK 70.8,22010830,18:27,74.94,4.47,22.72,50.5
680,BP 110/02 (717221),ZSK 70.4,22010841,10:10,78.09,2.77,18.52,40.16
681,BP 110/02 (717221),ZSK 70.5,22010841,9:40,77.27,2.96,20.72,44.56
682,BP 110/02 (717221),ZSK 70.5,22010841,10:39,77.89,2.73,20.28,43.32
683,BP 110/02 (717221),ZSK 70.8,22010830,9:40,74.71,4.37,22.58,50.27
684,BP 110/02 (717221),ZSK 70.9,22010841,12:39,78.36,2.89,19.29,41.52
685,BP 110/02 (717221),ZSK 70.8,22010830,14:15,74.7,4.47,22.54,50.3
686,BP 110/02 (717221),ZSK 70.8,22010831,7:00,75.1,4.26,22.05,49.06
687,BP 110/02 (717221),ZSK 70.4,22010843,7:02,77.16,3.41,19.31,42.54
688,BP 110/02 (717221),ZSK 70.5,22010843,7:03,76.41,3.71,20.79,45.76
689,BP 110/02 (717221),ZSK 70.4,22010841,18:00,77.91,2.73,19.02,41.1
690,BP 110/02 (717221),ZSK 70.5,22010841,18:00,76.63,3.37,21.26,46.15
691,BP 110/02 (717221),ZSK 70.9,22010841,18:00,77.37,3.4,21.54,46.35
692,BP 110/02 (717221),ZSK 70.9,22010843,11:19,77.76,3.13,20.5,44.12
693,BP 110/02 (717221),ZSK 70.8,22010831,18:00,74.43,4.51,22.35,50.14
694,BP 110/02 (717221),ZSK 70.8,22010831,8:14,74.77,4.29,22.13,49.38
695,BP 110/02 (717221),ZSK 70.4,22010844,18:00,77.34,3.17,19.83,43.16
696,BP 110/02 (717221),ZSK 70.5,22010844,18:00,76.42,3.61,21.54,46.96
697,BP 110/02 (717221),ZSK 70.9,22010844,18:00,73.61,4.75,23.35,52.52
698,BP 110/02 (717221),ZSK 70.4,22010845,6:43,77.12,3.15,19.62,42.85
699,BP 110/02 (717221),ZSK 70.5,22010845,6:43,75.89,3.52,21.09,46.31
700,BP 110/02 (717221),ZSK 70.9,22010845,6:44,75.29,4.16,22.58,49.8
701,BP 110/02 (717221),ZSK 70.5,22010846,18:00,76.14,3.68,21.16,46.49
702,BP 110/02 (717221),ZSK 70.9,22010846,18:00,75.86,3.98,22.94,49.98
703,BP 110/02 (717221),ZSK 70.8,22010832,6:54,75.3,4.15,22.2,49.12
704,BP 110/02 (717221),ZSK 70.4,22010847,6:56,77.57,3.03,20.18,43.56
705,BP 110/02 (717221),ZSK 70.5,22010847,6:56,76.92,3.34,20.99,45.53
706,BP 110/02 (717221),ZSK 70.9,22010847,6:57,75.6,4.11,22.98,50.29
707,BP 110/02 (717221),ZSK 70.8,22010831,18:00,76.38,3.69,21.4,46.8
708,BP 110/02 (717221),ZSK 70.4,23100005,10:10,76.42,3.81,20.4,45.16
709,BP 110/02 (717221),ZSK 70.5,23100005,10:10,76.11,3.48,20.63,45.38
710,BP 110/02 (717221),ZSK 70.9,23100005,10:33,76.6,3.43,20.78,45.39
711,BP 110/02 (717221),ZSK 70.4,23010005,18:00,77.28,3.12,19.29,42.17
712,BP 110/02 (717221),ZSK 70.5,23010005,18:00,76.28,3.48,21.33,46.54
713,BP 110/02 (717221),ZSK 70.9,23010005,18:00,74.62,4.1,22,49.05
714,BP 110/02 (717221),ZSK 70.4,23010007,6:43,76.35,3.45,20.05,44.22
715,BP 110/02 (717221),ZSK 70.5,23010007,6:43,75.83,3.59,21.52,47.18
716,BP 110/02 (717221),ZSK 70.9,23010007,6:44,76.91,3.28,21.4,46.19
717,BP 110/02 (717221),ZSK 70.4,23010008,18:00,76.8,3.15,19.74,43.2
718,BP 110/02 (717221),ZSK 70.5,23010008,18:00,74.6,3.86,21.39,47.75
719,BP 110/02 (717221),ZSK 70.9,23010008,18:00,77.48,3.06,21.38,45.7
720,BP 110/02 (717221),ZSK 70.4,23010009,7:09,75.08,3.56,21.49,47.43
721,BP 110/02 (717221),ZSK 70.5,23010009,7:11,74.51,3.95,22.39,49.64
722,BP 110/02 (717221),ZSK 70.9,23010009,7:11,77.41,3.18,21.69,46.38
723,BP 110/02 (717221),ZSK 70.8,23010000,6:00,74.71,4.49,22.49,50.24
724,BP 110/02 (717221),ZSK 70.8,23010000,7:11,75.24,4.06,21.65,48.12
725,BP 110/02 (717221),ZSK 70.9,23010010,18:00,77.82,3.13,20.56,44.2
726,BP 110/02 (717221),ZSK 70.5,23010010,18:00,73.84,4.26,22.3,50.1
727,BP 110/02 (717221),ZSK 70.4,23010010,18:00,75.89,3.53,21.19,46.51
728,BP 110/02 (717221),ZSK 70.8,23010000,20:23,74.82,4.24,22.26,49.55
729,BP 110/02 (717221),ZSK 70.8,23010000,18:00,74.76,4.33,22.01,49.23
730,BP 110/02 (717221),ZSK 70.8,23010000,18:00,74.83,4.14,21.92,48.85
731,BP 110/02 (717221),ZSK 70.8,23010001,6:00,74.72,4.41,22.34,49.9
732,BP 110/02 (717221),ZSK 70.5,23010011,6:14,75.87,3.45,20.3,44.87
733,BP 110/02 (717221),ZSK 70.9,23010011,6:14,77.92,3.24,20.56,44.26
734,BP 110/02 (717221),ZSK 70.4,23010012,18:00,77.44,3.06,19.99,43.3
735,BP 110/02 (717221),ZSK 70.5,23010012,18:00,75.87,3.55,22.77,49.28
736,BP 110/02 (717221),ZSK 70.9,23010012,18:00,78.02,2.84,21.2,44.96
737,BP 110/02 (717221),ZSK 70.8,23010001,18:00,75.87,3.67,21.23,46.72
738,BP 110/02 (717221),ZSK 70.8,23010001,18:00,74.69,4.41,22.29,49.83
739,BP 110/02 (717221),ZSK 70.8,23010002,6:00,74.22,4.6,22.84,51.19
740,BP 110/02 (717221),ZSK 70.8,23010002,6:13,73.83,4.37,21.91,49.52
741,BP 110/02 (717221),ZSK 70.5,23010013,6:14,76.17,3.5,22.05,47.85
742,BP 110/02 (717221),ZSK 70.4,23010013,6:13,77.15,3.26,19.67,43.03
743,BP 110/02 (717221),ZSK 70.9,23010013,6:14,77.38,3.56,21.46,46.34
744,BP 110/02 (717221),ZSK 70.4,23010015,18:00,78.37,2.22,17.02,36.83
745,BP 110/02 (717221),ZSK 70.5,23010015,18:00,76.91,2.54,19.19,41.6
746,BP 110/02 (717221),ZSK 70.9,23010015,18:00,78.85,2.82,20.17,42.83
747,BP 110/02 (717221),ZSK 70.8,23010002,18:00,75.38,4.07,21.78,48.28
748,BP 110/02 (717221),ZSK 70.8,23010002,1:14,75.18,4.21,21.86,48.65
749,BP 110/02 (717221),ZSK 70.8,23010003,15:00,73.79,4.75,22.66,51.24
750,BP 110/02 (717221),ZSK 70.8,23010003,19:45,75.1,4.13,22.28,49.33
751,BP 110/02 (717221),ZSK 70.8,23010003,6:00,73.13,4.93,23.13,52.55
752,BP 110/02 (717221),ZSK 70.8,23010003,8:40,75.22,4.07,21.53,47.91
753,BP 110/02 (717221),ZSK 70.8,23010003,18:00,74.76,4.24,22.34,49.72
754,BP 110/02 (717221),ZSK 70.8,23010004,6:00,72.03,5.42,23.74,54.68
755,BP 110/02 (717221),ZSK 70.8,23010004,11:00,74.13,4.61,22.57,50.79
756,BP 110/02 (717221),ZSK 70.8,23010004,18:05,74.76,4.33,22.62,50.28
757,BP 110/02 (717221),ZSK 70.8,23010004,6:00,74.28,4.64,22.8,51.12
758,BP 110/02 (717231),ZSK 70.8,23010004,6:00,74.61,4.49,22.37,50.07
759,BP 110/02 (717221),ZSK 70.8,23010016,18:00,75.9,3.77,21.34,47
760,BP 110/02 (717221),ZSK 70.8,23010016,15:29,75.93,4.04,21.94,48.28
761,BP 110/02 (717221),ZSK 70.8,23010017,18:12,76.61,3.68,21.28,46.48
762,BP 110/02 (717221),ZSK 70.8,23010017,12:19,74.56,4.45,22.5,50.29
763,BP 110/02 (717221),ZSK 70.8,23010017,18:15,74.56,4.49,22.54,50.4
764,BP 110/02 (717221),ZSK 70.8,23010018,6:05,74.24,4.62,23.1,51.64
765,BP 110/02 (717221),ZSK 70.8,23010018,18:10,76.21,3.87,21.96,48.03
766,BP 110/02 (717221),ZSK 70.8,23010019,6:17,75.12,4.14,21.93,48.74
767,BP 110/02 (717221),ZSK 70.8,23010019,10:20,73.89,4.77,22.89,51.6
768,BP 110/02 (717221),ZSK 70.8,23010019,17:45,74.03,4.68,22.63,51
769,BP 110/02 (717221),ZSK 70.8,23010020,6:00,72.96,5.25,23.33,53.3
770,BP 110/02 (717221),ZSK 70.8,23010020,6:05,73.35,4.93,22.95,52.12
771,BP 110/02 (717221),ZSK 70.8,23010020,12:11,73.5,4.71,22.64,51.3
772,BP 110/02 (717221),ZSK 70.8,23010021,6:08,74.83,4.33,22.24,49.59
773,BP 110/02 (717221),ZSK 70.8,23010021,6:00,74.01,4.61,22.19,50.17
774,BP 110/02 (717221),ZSK 70.8,23010021,18:05,74.21,4.44,21.79,49.2
775,BP 110/02 (717221),ZSK 70.4,23010025,8:58,75.56,4.05,20.74,46.37
776,BP 110/02 (717221),ZSK 70.5,23010025,8:57,75.17,4.14,22.4,49.53
777,BP 110/02 (717221),ZSK 70.9,23010025,8:56,74.05,4.78,23.74,53
778,BP 110/02 (717221),ZSK 70.8,23010022,9:36,74.98,4.32,22.01,49.11
779,BP 110/02 (717221),ZSK 70.4,23010027,6:37,76.68,3.61,19.93,44.03
780,BP 110/02 (717221),ZSK 70.5,23010027,6:37,75.39,3.89,21.7,47.97
781,BP 110/02 (717221),ZSK 70.9,23010027,6:39,73.81,4.96,23.84,53.46
782,BP 110/02 (717221),ZSK 70.8,23010022,18:00,74.57,4.6,22.76,50.87
783,BP 110/02 (717221),ZSK 70.8,23010022,6:38,75.52,3.87,21.09,46.82
784,BP 110/02 (717221),ZSK 70.4,23010025,18:00,76.77,3.51,19.37,42.9
785,BP 110/02 (717221),ZSK 70.5,23010025,18:00,75.14,4.13,22.12,49.05
786,BP 110/02 (717221),ZSK 70.9,23010025,18:00,74.14,4.92,23.41,52.52
787,BP 110/02 (717231),ZSK 70.8,23010023,18:00,74.12,4.64,22.77,51.16
788,BP 110/02 (717231),ZSK 70.8,23010023,6:56,74.45,4.42,21.38,48.36
789,BP 110/02 (717221),ZSK 70.5,23010028,18:00,75.88,3.95,21.47,47.4
790,BP 110/02 (717221),ZSK 70.9,23010028,18:00,74.56,4.73,22.84,51.14
791,BP 110/02 (717221),ZSK 70.8,23010024,18:17,73.56,4.93,23.14,52.36
792,BP 110/02 (717221),ZSK 70.8,23010024,6:40,74.18,4.56,21.61,49.02
793,BP 110/02 (717221),ZSK 70.8,23010024,7:28,74.76,4.42,22.15,49.56
794,BP 110/02 (717221),ZSK 70.8,23010024,18:00,72.79,5.19,22.58,52.03
795,BP 110/02 (717221),ZSK 70.8,23010051,6:56,75.37,4.12,21.38,47.65
796,BP 110/02 (717221),ZSK 70.8,23010051,18:00,75.79,3.95,21.32,47.19
797,BP 110/02 (717231),ZSK 70.8,23010052,12:15,73.15,5.14,23.08,52.67
798,BP 110/02 (717221),ZSK 70.8,23010052,12:45,73.59,4.76,22.29,50.69
799,BP 110/02 (717221),ZSK 70.8,23010052,6:00,74.32,4.61,22.07,49.8
800,BP 110/02 (717221),ZSK 70.8,23010052,18:00,74.66,4.55,22.2,49.81
801,BP 110/02 (717221),ZSK 70.8,23010053,18:00,75.2,4.08,21.31,47.55
802,BP 110/02 (717221),ZSK 70.8,23010053,6:00,75.37,4.11,21.89,48.52
803,BP 110/02 (717221),ZSK 70.8,23010053,6:00,74.66,4.63,22.06,49.64
804,BP 110/02 (717221),ZSK 70.8,23010055,18:00,74.12,4.74,22.56,50.89
805,BP 110/02 (717221),ZSK 70.8,23010055,6:00,74.29,4.46,21.82,49.23
806,BP 110/02 (717221),ZSK 70.8,23010055,9:43,73.81,4.76,22.27,50.56
807,BP 110/02 (717231),ZSK 70.8,23010056,18:00,75.15,4.44,22.28,49.62
808,BP 110/02 (717231),ZSK 70.8,23010056,6:00,73.81,4.84,22.39,50.84
809,BP 110/02 (717231),ZSK 70.8,23010056,6:00,74,4.65,21.77,49.47
810,BP 110/02 (717221),ZSK 70.8,23010075,18:04,72.97,5.13,22.76,52.18
811,BP 110/02 (717221),ZSK 70.8,23010075,11:05,75.86,4.01,21.52,47.56
812,BP 110/02 (717221),ZSK 70.8,23010076,6:15,73.21,5.03,22.4,51.34
813,BP 110/02 (717221),ZSK 70.8,23010075,18:16,73.31,4.95,22.02,50.53
814,BP 110/02 (717221),ZSK 70.8,23010077,6:30,72.85,5.11,22.21,51.26
815,BP 110/02 (717221),ZSK 70.8,23010078,6:05,73.14,5.14,22.91,52.37
816,BP 110/02 (717221),ZSK 70.8,23010077,19:15,72.62,5.56,23.33,53.78
817,BP 110/02 (717221),ZSK 70.8,23010079,7:30,72.74,5.61,23.47,54.01
818,BP 110/02 (717221),ZSK 70.8,23010079,7:40,72.78,5.1,22.4,51.62
819,BP 110/02 (717221),ZSK 70.8,23010078,19:34,72.67,5.62,23.45,54.03
820,BP 110/02 (717221),ZSK 70.8,23010079,18:30,72.67,5.4,23.2,53.38
821,BP 110/02 (717221),ZSK 70.8,23010079,10:03,70.48,6.13,23.79,56.33
822,BP 110/02 (717221),ZSK 70.8,23010080,20:18,72.04,5.56,23.39,54.19
823,BP 110/02 (717221),ZSK 70.8,23010080,6:23,71.76,5.94,23.78,55.41
824,BP 110/02 (717221),ZSK 70.8,23010081,18:00,72.79,5.48,23.99,54.77
825,BP 110/02 (717221),ZSK 70.8,23010081,6:07,75.68,4.12,21.75,48.14
826,BP 110/02 (717221),ZSK 70.8,23010081,6:30,75.48,4.26,22.26,49.26
827,BP 110/02 (717221),ZSK 70.8,23010082,6:21,76.77,3.64,20.9,45.72
828,BP 110/02 (717221),ZSK 70.8,23010081,18:00,76.44,3.68,21.52,46.99
829,BP 110/02 (717221),ZSK 70.8,23010081,18:00,76.16,3.96,21.64,47.58
830,BP 110/02 (717221),ZSK 70.8,23010081,19:55,76.25,3.76,21,46.24
831,BP 110/02 (717221),ZSK 70.8,23010082,18:00,76.83,3.64,21.35,46.48
832,BP 110/02 (717221),ZSK 70.8,23010082,18:00,76.64,3.84,21.35,46.75
833,BP 110/02 (717221),ZSK 70.8,23010083,11:52,74.71,4.6,22.79,50.86
834,BP 110/02 (717221),ZSK 70.8,23010084,10:00,76.03,4.05,21.58,47.62
835,BP 110/02 (717221),ZSK 70.8,23010084,10:15,74.1,4.86,22.02,50.08
836,BP 110/02 (717221),ZSK 70.5,99230059,-,75.39,3.9,22.75,49.8
837,BP 110/02 (717231),ZSK 70.8,23010084,6:00,76.08,3.9,21.38,47.11
838,BP 110/02 (717231),ZSK 70.8,23010085,18:02,75.84,4.06,22.07,48.57
839,BP 110/02 (717231),ZSK 70.8,23010085,6:00,76.12,3.8,21.21,46.7
840,BP 110/02 (717221),ZSK 70.8,23010086,6:00,76.55,3.63,20.95,45.88
841,BP 110/02 (717221),ZSK 70.8,23010086,18:00,75.88,3.98,21.79,47.98
842,BP 110/02 (717221),ZSK 70.8,23010087,18:00,74.95,4.49,22.71,50.51
843,BP 110/02 (717221),ZSK 70.8,23010087,6:00,75.7,4.17,22.33,49.19
844,BP 110/02 (717221),ZSK 70.8,23010087,9:45,75.16,4.17,22.52,49.76
845,BP 110/02 (717231),ZSK 70.8,23010087,18:00,76.52,3.45,21.34,46.42
846,BP 110/02 (717231),ZSK 70.8,23010089,8:30,75.76,3.74,21.15,46.7
847,BP 110/02 (717231),ZSK 70.5,23010089,11:40,73.7,4.84,24.08,53.82
848,BP 110/02 (717231),ZSK 70.5,23010089,17:50,75.38,4.13,23.39,51.12
849,BP 110/02 (7172231),ZSK 70.8,23010089,20:17,74.05,4.66,22.5,50.74
850,BP 110/02 (717231),ZSK 70.8,23010089,17:51,75.78,3.96,21.81,48.05
851,BP 110/02 (717231),ZSK 70.5,23010090,6:20,74.48,4.48,24.2,53.27
852,BP 110/02 (717231),ZSK 70.8,23010090,6:20,74.23,4.68,23.13,51.77
853,BP 110/02 (717221),ZSK 70.5,23010092,6:30,73.77,4.86,25.09,55.51
854,BP 110/02 (717221),ZSK 70.8,23010092,6:30,72.65,5.39,23.51,53.91
855,BP 110/02 (717221),ZSK 70.5,23010091,18:12,74.18,4.91,24.88,54.98
856,BP 110/02 (717221),ZSK 70.8,23010091,18:14,72.23,5.44,23.5,54.16
857,BP 110/02 (717221),ZSK 70.5,23010092,11:00,71.69,5.6,25.84,58.63
858,BP 110/02 (717221),ZSK 70.9,99230076,13:58,77.57,3.31,22.59,47.97
859,BP 110/02 (717221),ZSK 70.5,23010092,14:13,71.96,5.69,25.98,58.8
860,BP 110/02 (717231),ZSK 70.8,23010092,18:00,73.59,4.88,22.99,52.04
861,BP 110/02 (717231),ZSK 70.5,23010092,18:00,73.07,4.96,24.43,54.85
862,BP 110/02 (717231),ZSK 70.5,23010160,6:00,73.66,4.78,24.57,54.62
863,BP 110/02 (717231),ZSK 70.8,23010160,12:00,74.28,3.94,21.25,47.73
864,BP 110/02 (717231),ZSK 70.8,23010160,13:10,74.24,4.08,21.97,49.17
865,BP 110/02 (717221),ZSK 70.5,23010161,6:00,73.81,4.87,24.76,54.94
866,BP 110/02 (717221),ZSK 70.5,23010160,18:33,74.57,4.46,24.24,53.27
867,BP 110/02 (717221),ZSK 70.8,23010160,18:33,75.51,3.91,21.58,47.73
868,BP 110/02 (717221),ZSK 70.8,23010161,6:00,76.13,3.73,21.7,47.47
869,BP 110/02 (717321),ZSK 70.5,23010162,18:35,74.41,4.64,24.09,53.27
870,BP 110/02 (717321),ZSK 70.8,23010162,18:36,76.05,3.9,21.62,47.54
871,BP 110/02 (717231),ZSK 70.8,23010163,9:37,74.9,4.17,21.94,48.88
872,BP 110/02 (717231),ZSK 70.5,23010163,9:38,73.61,4.91,24.48,54.61
873,BP 110/02 (717221),ZSK 70.8,23010164,6:22,76.02,3.88,21.4,47.16
874,BP 110/02 (717221),ZSK 70.5,23010164,6:21,74.3,4.42,24.01,52.98
875,BP 110/02 (717221),ZSK 70.5,23010163,18:00,74.16,4.62,24.9,54.76
876,BP 110/02 (717221),ZSK 70.8,23010163,18:00,75.64,3.95,21.82,48.12
877,BP 110/02 (717221),ZSK 70.5,23010166,7:03,71.23,5.83,25.67,58.82
878,BP 110/02 (717221),ZSK 70.8,23010166,9:14,73.41,5.11,23.35,52.96
879,BP 110/02 (717221),ZSK 70.5,23010165,18:00,74.37,4.44,23.48,52.06
880,BP 110/02 (717221),ZSK 70.8,23010165,18:00,74.05,4.54,22.54,50.69
881,BP 110/02 (717221),ZSK 70.5,23010168,6:24,70.78,6.05,25.77,59.5
882,BP 110/02 (717221),ZSK 70.8,23010168,6:24,75.03,4.41,22.14,49.4
883,BP 110/02 (717221),ZSK 70.5,23010167,18:00,71.65,5.91,26.12,59.43
884,BP 110/02 (717221),ZSK 70.8,23010167,18:00,74.79,4.49,22.84,50.79
885,BP 110/02 (717221),ZSK 70.5,23010169,6:19,70.27,6.28,25.64,59.79
886,BP 110/02 (717221),ZSK 70.8,23010169,6:19,75.79,3.99,21.58,47.68
887,BP 110/02 (717221),ZSK 70.5,23010168,18:00,71.09,5.76,25.33,58.25
888,BP 110/02 (717221),ZSK 70.8,23010178,18:00,74.44,4.61,22.82,51.06
889,BP 110/02 (717221),ZSK 70.9,23010178,18:00,74.04,5.12,25.32,56.01
890,BP 110/02 (717221),ZSK 70.9,23010178,23:57,74.89,4.74,24.5,53.83
