"qs_merkmal_id","wertnum","bemerkg","csnr"
"197","11.995","70.7 06:00","22800027"
"197","11.496","70.10 06:00","22800027"
"197","9.9385","70.7+10  18:00 AA","22800027"
"197","10.573","70.7+10 06:00 AA","22800027"
"197","12.23","70.7 06:00","22800027"
"197","10.458","70.7 13:45","22800027"
"197","10.386","MP AA","22800027"
"197",NULL,NULL,"22800027"
"198","1.411","70.7 06:00","22800027"
"198","1.414","70.10 06:00","22800027"
"198","1.413","70.7+10 18:00 AA","22800027"
"198","1.415","70.7+10  06:00 AA","22800027"
"198","1.394","70.7 06:00 23.02.2022","22800027"
"198","1.409","70.7 13:45","22800027"
"198","1.411","MP AA","22800027"
"198",NULL,NULL,"22800027"
"100","0.1","70.7 06:00","22800027"
"100","0.16","70.10 06:00","22800027"
"100","0.08","70.7+10 18:00 AA","22800027"
"100","0.1","70.7+10 06:00 AA","22800027"
"100","0.16","70.7 06:00 23.02.2022","22800027"
"100","0.06","70.10 13:45","22800027"
"100","0.021","MP AA","22800027"
"100",NULL,NULL,"22800027"
"188","0.0",NULL,"22800027"
"188","1.0",NULL,"22800027"
"203","0.106","70.7 06:00","22800027"
"203","0.041","70.10 06:00","22800027"
"203","0.18","70.7+10 18:00 AA","22800027"
"203","0.017","70.7+10 06:00 AA 23.0.","22800027"
"203","0.106","70.7 06:00 23.02.2022","22800027"
"203","0.042","70.10 13:45","22800027"
"203","0.021","MP AA","22800027"
"203",NULL,NULL,"22800027"
"235","19.02","MP AA","22800027"
"235",NULL,NULL,"22800027"
"235",NULL,NULL,"22800027"
"235",NULL,NULL,"22800027"
"235",NULL,NULL,"22800027"
"236","72.11","MP AA","22800027"
"236",NULL,NULL,"22800027"
"236",NULL,NULL,"22800027"
"236",NULL,NULL,"22800027"
"236",NULL,NULL,"22800027"
"237","0.59","MP AA","22800027"
"237",NULL,NULL,"22800027"
"237",NULL,NULL,"22800027"
"237",NULL,NULL,"22800027"
"237",NULL,NULL,"22800027"
"238","7.98","MP AA","22800027"
"238",NULL,NULL,"22800027"
"238",NULL,NULL,"22800027"
"238",NULL,NULL,"22800027"
"238",NULL,NULL,"22800027"
"197","10.17","AA 18.00","22800029"
"197","9.8655","MP","22800029"
"197","12.62","7 06.00","22800029"
"197","9.9176","10 18.00","22800029"
"197",NULL,NULL,"22800029"
"198","1.427","AA 18.00","22800029"
"198","1.413","MP","22800029"
"198","1.419","7 06.00","22800029"
"198","1.407","10 18.00","22800029"
"198",NULL,NULL,"22800029"
"100","0.24","7 06.00","22800029"
"100","0.14","10 18.00","22800029"
"100","0.13","AA 18.00","22800029"
"100","0.13","MP","22800029"
"100",NULL,NULL,"22800029"
"188","0.0",NULL,"22800029"
"188","1.0",NULL,"22800029"
"203","0.043","AA 18.00","22800029"
"203","0.025","MP","22800029"
"203","0.16","7 06.00","22800029"
"203","0.086","10 18.00","22800029"
"203",NULL,NULL,"22800029"
"235","19.88","MP","22800029"
"235",NULL,NULL,"22800029"
"235",NULL,NULL,"22800029"
"235",NULL,NULL,"22800029"
"235",NULL,NULL,"22800029"
"236","72.34","MP","22800029"
"236",NULL,NULL,"22800029"
"236",NULL,NULL,"22800029"
"236",NULL,NULL,"22800029"
"236",NULL,NULL,"22800029"
"237",NULL,NULL,"22800029"
"237","0.52","MP","22800029"
"237",NULL,NULL,"22800029"
"237",NULL,NULL,"22800029"
"237",NULL,NULL,"22800029"
"238","7.89","MP","22800029"
"238",NULL,NULL,"22800029"
"238",NULL,NULL,"22800029"
"238",NULL,NULL,"22800029"
"238",NULL,NULL,"22800029"
"197","11.331","AA 18.00","22800028"
"197","10.835","MP","22800028"
"197","10.964","7 06.00","22800028"
"197","12.801","10 06.00","22800028"
"197","10.353","AA 18.00","22800028"
"198","1.41","AA 18.00","22800028"
"198","1.409","MP","22800028"
"198","1.397","7 06.00","22800028"
"198","1.406","10 06.00","22800028"
"198",NULL,NULL,"22800028"
"100","0.17","7 06.00","22800028"
"100","0.1","10 06.00","22800028"
"100","0.11","AA 18.00","22800028"
"100","0.1","MP","22800028"
"100",NULL,NULL,"22800028"
"188","0.0",NULL,"22800028"
"188","1.0",NULL,"22800028"
"203","0.016","AA 18.00","22800028"
"203","0.016","MP","22800028"
"203",NULL,NULL,"22800028"
"203",NULL,NULL,"22800028"
"203",NULL,NULL,"22800028"
"235","20.61","MP","22800028"
"235",NULL,NULL,"22800028"
"235",NULL,NULL,"22800028"
"235",NULL,NULL,"22800028"
"235",NULL,NULL,"22800028"
"236","71.66","MP","22800028"
"236",NULL,NULL,"22800028"
"236",NULL,NULL,"22800028"
"236",NULL,NULL,"22800028"
"236",NULL,NULL,"22800028"
"237","0.76","MP","22800028"
"237",NULL,NULL,"22800028"
"237",NULL,NULL,"22800028"
"237",NULL,NULL,"22800028"
"237",NULL,NULL,"22800028"
"238","8.56","MP","22800028"
"238",NULL,NULL,"22800028"
"238",NULL,NULL,"22800028"
"238",NULL,NULL,"22800028"
"238",NULL,NULL,"22800028"
"197","10.191","AA 18.00","22800030"
"197","10.273","AA 06.00","22800030"
"197","10.543","MP","22800030"
"197","9.8702","AA 09.05","22800030"
"197","12.265","7 10.00","22800030"
"197","10.602","10 10.00","22800030"
"198","1.413","AA 18.00","22800030"
"198","1.412","AA 06.00","22800030"
"198","1.412","MP","22800030"
"198","1.414","AA 09.05","22800030"
"198","1.403","7 10.00","22800030"
"198","1.406","10 10.00","22800030"
"100","0.1","AA 18.00","22800030"
"100","0.13","AA 06.00","22800030"
"100","0.07","MP","22800030"
"100","0.11","AA 09.05","22800030"
"100","0.19","7 10.00","22800030"
"100","0.14","10 10.00","22800030"
"188","0.0",NULL,"22800030"
"188","1.0",NULL,"22800030"
"203","0.018","AA 18.00","22800030"
"203","0.033","AA 06.00","22800030"
"203","0.048","MP","22800030"
"203","0.047","AA 09.05","22800030"
"203","0.139","7 10.00","22800030"
"203","0.097","10 10.00","22800030"
"235","19.4","MP","22800030"
"235",NULL,NULL,"22800030"
"235",NULL,NULL,"22800030"
"235",NULL,NULL,"22800030"
"235",NULL,NULL,"22800030"
"235",NULL,NULL,"22800030"
"236","71.59","MP","22800030"
"236",NULL,NULL,"22800030"
"236",NULL,NULL,"22800030"
"236",NULL,NULL,"22800030"
"236",NULL,NULL,"22800030"
"236",NULL,NULL,"22800030"
"237","0.48","MP","22800030"
"237",NULL,NULL,"22800030"
"237",NULL,NULL,"22800030"
"237",NULL,NULL,"22800030"
"237",NULL,NULL,"22800030"
"237",NULL,NULL,"22800030"
"238","8.16","MP","22800030"
"238",NULL,NULL,"22800030"
"238",NULL,NULL,"22800030"
"238",NULL,NULL,"22800030"
"238",NULL,NULL,"22800030"
"238",NULL,NULL,"22800030"
"197","13.698","7 06.00","22800031"
"197","10.187","10 06.00","22800031"
"197","10.933","MP","22800031"
"197","12.902","7 18.00","22800031"
"197","10.026","AA 18.00","22800031"
"197","13.351","AA 06.00","22800031"
"197","10.656","10 06.00","22800031"
"197","12.444","7 06.00","22800031"
"197","10.011","10 18.00","22800031"
"198","1.405","7 06.00","22800031"
"198","1.41","10 06.00","22800031"
"198","1.413","MP","22800031"
"198","1.418","7 18.00","22800031"
"198","1.41","AA 18.00","22800031"
"198","1.41","AA 06.00","22800031"
"198","1.407","10 06.00","22800031"
"198","1.405","7 06.00","22800031"
"198","1.409","10 18.00","22800031"
"100","0.16","7 06.00","22800031"
"100","0.12","10 06.00","22800031"
"100","0.11","MP","22800031"
"100","0.23","7 18.00","22800031"
"100","0.11","AA 18.00","22800031"
"100","0.18","AA 06.00","22800031"
"100","0.13","10 06.00","22800031"
"100","0.19","7 06.00","22800031"
"100","0.13","10 18.00","22800031"
"188","0.0",NULL,"22800031"
"188","1.0",NULL,"22800031"
"203","0.116","7 06.00","22800031"
"203","0.147","10 06.00","22800031"
"203","0.03","MP","22800031"
"203","0.283","10 06.00","22800031"
"203","0.089","7 06.00","22800031"
"203","0.078","10 18.00","22800031"
"203","0.08","7 18.00","22800031"
"203","0.155","AA 18.00","22800031"
"203","0.139","AA 06.00","22800031"
"209",NULL,NULL,"22800031"
"235","20.57","MP","22800031"
"235",NULL,NULL,"22800031"
"235",NULL,NULL,"22800031"
"235",NULL,NULL,"22800031"
"235",NULL,NULL,"22800031"
"235",NULL,NULL,"22800031"
"235",NULL,NULL,"22800031"
"235",NULL,NULL,"22800031"
"235",NULL,NULL,"22800031"
"236","71.67","MP","22800031"
"236",NULL,NULL,"22800031"
"236",NULL,NULL,"22800031"
"236",NULL,NULL,"22800031"
"236",NULL,NULL,"22800031"
"236",NULL,NULL,"22800031"
"236",NULL,NULL,"22800031"
"236",NULL,NULL,"22800031"
"236",NULL,NULL,"22800031"
"237","0.62","MP","22800031"
"237",NULL,NULL,"22800031"
"237",NULL,NULL,"22800031"
"237",NULL,NULL,"22800031"
"237",NULL,NULL,"22800031"
"237",NULL,NULL,"22800031"
"237",NULL,NULL,"22800031"
"237",NULL,NULL,"22800031"
"237",NULL,NULL,"22800031"
"238","8.64","MP","22800031"
"238",NULL,NULL,"22800031"
"238",NULL,NULL,"22800031"
"238",NULL,NULL,"22800031"
"238",NULL,NULL,"22800031"
"238",NULL,NULL,"22800031"
"238",NULL,NULL,"22800031"
"238",NULL,NULL,"22800031"
"238",NULL,NULL,"22800031"
"209","38.41","Muffeloven","22800029"
"209","38.85","Muffeloven","22800027"
"209","37.64","Muffeloven","22800028"
"209","38.85","Muffelofen","22800027"
"209","38.32","Muffeloven","22800030"
"209","38.39","Muffeloven","22800031"
"197","8.9391","MP","22800063"
"197",NULL,NULL,"22800063"
"197",NULL,NULL,"22800063"
"197",NULL,NULL,"22800063"
"197",NULL,NULL,"22800063"
"198","1.411","MP","22800063"
"198",NULL,NULL,"22800063"
"198",NULL,NULL,"22800063"
"198",NULL,NULL,"22800063"
"198",NULL,NULL,"22800063"
"100","0.1","MP","22800063"
"100",NULL,NULL,"22800063"
"100",NULL,NULL,"22800063"
"100",NULL,NULL,"22800063"
"100",NULL,NULL,"22800063"
"188","0.0",NULL,"22800063"
"188","1.0",NULL,"22800063"
"203","0.019","MP","22800063"
"235","16.57","MP","22800063"
"235",NULL,NULL,"22800063"
"235",NULL,NULL,"22800063"
"235",NULL,NULL,"22800063"
"235",NULL,NULL,"22800063"
"236","72.92","MP","22800063"
"236",NULL,NULL,"22800063"
"236",NULL,NULL,"22800063"
"236",NULL,NULL,"22800063"
"236",NULL,NULL,"22800063"
"237","0.34","MP","22800063"
"237",NULL,NULL,"22800063"
"237",NULL,NULL,"22800063"
"237",NULL,NULL,"22800063"
"237",NULL,NULL,"22800063"
"238","7.04","MP","22800063"
"238",NULL,NULL,"22800063"
"238",NULL,NULL,"22800063"
"238",NULL,NULL,"22800063"
"238",NULL,NULL,"22800063"
"197","11.353","6 06.00","22800062"
"197","9.3741","MP","22800062"
"197","7.7503","6 10.30","22800062"
"197","8.9808","6 11.45","22800062"
"197","9.1475","6 18.00","22800062"
"198","1.404","6 06.00","22800062"
"198","1.413","MP","22800062"
"198","1.409","6 10.30","22800062"
"198","1.429","6 11.45","22800062"
"198","1.412","6 18.00","22800062"
"100","0.13","6 06.00","22800062"
"100","0.09","MP","22800062"
"100","0.18","6 10.30","22800062"
"100","0.08","6 11.45","22800062"
"100","0.09","6 18.00","22800062"
"188","0.0",NULL,"22800062"
"188","1.0",NULL,"22800062"
"203","0.074","6 06.00","22800062"
"203","0.035","MP","22800062"
"203","0.09","6 10.30","22800062"
"203","0.065","6 11.45","22800062"
"203","0.026","6 18.00","22800062"
"235","19.08","MP","22800062"
"235",NULL,NULL,"22800062"
"235",NULL,NULL,"22800062"
"235",NULL,NULL,"22800062"
"235",NULL,NULL,"22800062"
"236","71.54","MP","22800062"
"236",NULL,NULL,"22800062"
"236",NULL,NULL,"22800062"
"236",NULL,NULL,"22800062"
"236",NULL,NULL,"22800062"
"237","0.7","MP","22800062"
"237",NULL,NULL,"22800062"
"237",NULL,NULL,"22800062"
"237",NULL,NULL,"22800062"
"237",NULL,NULL,"22800062"
"238","7.91","MP","22800062"
"238",NULL,NULL,"22800062"
"238",NULL,NULL,"22800062"
"238",NULL,NULL,"22800062"
"238",NULL,NULL,"22800062"
"197","9.7546","AA 18.00","22800046"
"197","9.9455","MP","22800046"
"197",NULL,NULL,"22800046"
"197",NULL,NULL,"22800046"
"197",NULL,NULL,"22800046"
"198","1.414","AA 18.00","22800046"
"198","1.409","MP","22800046"
"198",NULL,NULL,"22800046"
"198",NULL,NULL,"22800046"
"198",NULL,NULL,"22800046"
"100","0.12","AA 18.00","22800046"
"100","0.1","MP","22800046"
"100",NULL,NULL,"22800046"
"100",NULL,NULL,"22800046"
"100",NULL,NULL,"22800046"
"188","0.0",NULL,"22800046"
"188","1.0",NULL,"22800046"
"203","0.014","MP","22800046"
"235","18.24","MP","22800046"
"235",NULL,NULL,"22800046"
"235",NULL,NULL,"22800046"
"235",NULL,NULL,"22800046"
"235",NULL,NULL,"22800046"
"236","71.26","MP","22800046"
"236",NULL,NULL,"22800046"
"236",NULL,NULL,"22800046"
"236",NULL,NULL,"22800046"
"236",NULL,NULL,"22800046"
"237","0.35","MP","22800046"
"237",NULL,NULL,"22800046"
"237",NULL,NULL,"22800046"
"237",NULL,NULL,"22800046"
"237",NULL,NULL,"22800046"
"238","7.66","MP","22800046"
"238",NULL,NULL,"22800046"
"238",NULL,NULL,"22800046"
"238",NULL,NULL,"22800046"
"238",NULL,NULL,"22800046"
"197","10.614","AA 06.00","22800032"
"197","12.819","7 06.00","22800032"
"197","10.925","10 06.00","22800032"
"197","10.411","MP","22800032"
"197","10.262","AA 18.00","22800032"
"198","1.414","AA 06.00","22800032"
"198","1.403","7 06.00","22800032"
"198","1.408","10 06.00","22800032"
"198","1.413","MP","22800032"
"198","1.415","AA 18.00","22800032"
"100","0.12","AA 06.00","22800032"
"100","0.25","7 06.00","22800032"
"100","0.15","10 06.00","22800032"
"100","0.08","MP","22800032"
"100","0.08","AA 18.00","22800032"
"188","0.0",NULL,"22800032"
"188","1.0",NULL,"22800032"
"203","0.033","AA 06.00","22800032"
"203","0.14","7 06.00","22800032"
"203","0.085","10 06.00","22800032"
"203","0.03","MP","22800032"
"203","0.08","AA 18.00","22800032"
"235","19.17","MP","22800032"
"235",NULL,NULL,"22800032"
"235",NULL,NULL,"22800032"
"235",NULL,NULL,"22800032"
"235",NULL,NULL,"22800032"
"236","71.94","MP","22800032"
"236",NULL,NULL,"22800032"
"236",NULL,NULL,"22800032"
"236",NULL,NULL,"22800032"
"236",NULL,NULL,"22800032"
"237","0.44","MP","22800032"
"237",NULL,NULL,"22800032"
"237",NULL,NULL,"22800032"
"237",NULL,NULL,"22800032"
"237",NULL,NULL,"22800032"
"238","8.1","MP","22800032"
"238",NULL,NULL,"22800032"
"238",NULL,NULL,"22800032"
"238",NULL,NULL,"22800032"
"238",NULL,NULL,"22800032"
"197","11.591","7 06.00","22800033"
"197","10.919","10 06.00","22800033"
"197","10.174","MP","22800033"
"197","10.882","AA 18.00","22800033"
"197",NULL,NULL,"22800033"
"198","1.411","7 06.00","22800033"
"198","1.407","10 06.00","22800033"
"198","1.412","MP","22800033"
"198","1.411","AA 18.00","22800033"
"198",NULL,NULL,"22800033"
"100","0.15","7 06.00","22800033"
"100","0.17","10 06.00","22800033"
"100","0.11","MP","22800033"
"100","0.08","AA 18.00","22800033"
"100",NULL,NULL,"22800033"
"188","0.0",NULL,"22800033"
"188","1.0",NULL,"22800033"
"203","0.023","AA 18.00","22800033"
"203","0.097","7 06.00","22800033"
"203","0.101","10 06.00","22800033"
"203","0.017","MP","22800033"
"203",NULL,NULL,"22800033"
"235","18.79","MP","22800033"
"235",NULL,NULL,"22800033"
"235",NULL,NULL,"22800033"
"235",NULL,NULL,"22800033"
"235",NULL,NULL,"22800033"
"236","71.56","MP","22800033"
"236",NULL,NULL,"22800033"
"236",NULL,NULL,"22800033"
"236",NULL,NULL,"22800033"
"236",NULL,NULL,"22800033"
"237","0.47","MP","22800033"
"237",NULL,NULL,"22800033"
"237",NULL,NULL,"22800033"
"237",NULL,NULL,"22800033"
"237",NULL,NULL,"22800033"
"238","7.88","MP","22800033"
"238",NULL,NULL,"22800033"
"238",NULL,NULL,"22800033"
"238",NULL,NULL,"22800033"
"238",NULL,NULL,"22800033"
"209","37.59","TGA","22800063"
"209","39.4","TGA ","22800033"
"209","38.6","TGA","22800046"
"209","37.74","TGA","22800062"
"209","39.99","TGA","22800032"
"197","10.163","06:00 AA","22800048"
"197","9.4216","11:45","22800048"
"197","12.211","13:15","22800048"
"197","9.3441","18:00 AA","22800048"
"197","12.09","7 06:00","22800048"
"197","10.497","10 06:00","22800048"
"197","10.098","Mp","22800048"
"198","1.412","06:00 AA","22800048"
"198","1.407","11:45","22800048"
"198","1.397","13:15","22800048"
"198","1.411","18:00 AA","22800048"
"198","1.397","7 06:00","22800048"
"198","1.409","10  06:00","22800048"
"198","1.41","MP","22800048"
"100","0.11","06:00 AA","22800048"
"100","0.13","11:45","22800048"
"100","0.14","13:15","22800048"
"100","0.09","18:00 AA","22800048"
"100","0.17","7 06:00","22800048"
"100","0.13","10 06:00","22800048"
"100","0.11","MP","22800048"
"188","0.0",NULL,"22800048"
"188","1.0",NULL,"22800048"
"203","0.11","06:00 AA","22800048"
"203","0.13","11:45","22800048"
"203","0.14","13:15","22800048"
"203","0.09","18:00 AA","22800048"
"203","0.119","7 06:00","22800048"
"203","0.102","10 06:00","22800048"
"203","0.03","MP","22800048"
"209",NULL,NULL,"22800048"
"235","18.5",NULL,"22800048"
"236","71.12",NULL,"22800048"
"237","0.37",NULL,"22800048"
"238","7.75",NULL,"22800048"
"197","10.166","70.7+10 18:00 AA","22800049"
"197","9.9646","70.7+10 06:00 AA","22800049"
"197","11.497","70.7 06:00 ","22800049"
"197","10.253","70.7 10 06:00 ","22800049"
"197","10.088","MP AA","22800049"
"198","1.412",NULL,"22800049"
"198","1.41",NULL,"22800049"
"198","1.423",NULL,"22800049"
"198","1.406",NULL,"22800049"
"198",NULL,NULL,"22800049"
"197","10.088","MP AA","22800049"
"197",NULL,NULL,"22800049"
"197",NULL,NULL,"22800049"
"197",NULL,NULL,"22800049"
"197",NULL,NULL,"22800049"
"197",NULL,NULL,"22800049"
"197",NULL,NULL,"22800049"
"197",NULL,NULL,"22800049"
"198","1.411","MP AA","22800049"
"198",NULL,NULL,"22800049"
"198",NULL,NULL,"22800049"
"198",NULL,NULL,"22800049"
"198",NULL,NULL,"22800049"
"198",NULL,NULL,"22800049"
"198",NULL,NULL,"22800049"
"198",NULL,NULL,"22800049"
"100","0.11","70.7+10 06:00 AA","22800049"
"100","0.2","70.7 06:00 ","22800049"
"100","0.147","70.10 06:00 ","22800049"
"100","0.11","MP AA","22800049"
"100",NULL,NULL,"22800049"
"100",NULL,NULL,"22800049"
"100",NULL,NULL,"22800049"
"100",NULL,NULL,"22800049"
"188","0.0",NULL,"22800049"
"188","1.0",NULL,"22800049"
"203","0.029","MP AA","22800049"
"203",NULL,NULL,"22800049"
"203",NULL,NULL,"22800049"
"203",NULL,NULL,"22800049"
"203",NULL,NULL,"22800049"
"203",NULL,NULL,"22800049"
"203",NULL,NULL,"22800049"
"203",NULL,NULL,"22800049"
"235","18.44","MP AA","22800049"
"235",NULL,NULL,"22800049"
"235",NULL,NULL,"22800049"
"235",NULL,NULL,"22800049"
"235",NULL,NULL,"22800049"
"235",NULL,NULL,"22800049"
"235",NULL,NULL,"22800049"
"235",NULL,NULL,"22800049"
"236","77.72","MP AA","22800049"
"236",NULL,NULL,"22800049"
"236",NULL,NULL,"22800049"
"236",NULL,NULL,"22800049"
"236",NULL,NULL,"22800049"
"236",NULL,NULL,"22800049"
"236",NULL,NULL,"22800049"
"236",NULL,NULL,"22800049"
"237","0.38","MP AA","22800049"
"237",NULL,NULL,"22800049"
"237",NULL,NULL,"22800049"
"237",NULL,NULL,"22800049"
"237",NULL,NULL,"22800049"
"237",NULL,NULL,"22800049"
"237",NULL,NULL,"22800049"
"237",NULL,NULL,"22800049"
"238","7.78","MP AA","22800049"
"238",NULL,NULL,"22800049"
"238",NULL,NULL,"22800049"
"238",NULL,NULL,"22800049"
"238",NULL,NULL,"22800049"
"238",NULL,NULL,"22800049"
"238",NULL,NULL,"22800049"
"238",NULL,NULL,"22800049"
"197","10.174","AA 18.00","22800051"
"197","10.146","AA 18.00","22800051"
"197","10.012","MP","22800051"
"197","11.197","7 06.00","22800051"
"197","10.759","10 06.00","22800051"
"197","10.146","AA 06.00","22800051"
"198","1.414","AA 18.00","22800051"
"198","1.412","AA 18.00","22800051"
"198","1.413","MP","22800051"
"198","1.414","7 06.00","22800051"
"198","1.407","10 06.00","22800051"
"198","1.415","AA 06.00","22800051"
"100","0.07","AA 18.00","22800051"
"100","0.18","AA 18.00","22800051"
"100","0.13","MP","22800051"
"100","0.17","7 06.00","22800051"
"100","0.15","10 06.00","22800051"
"100","0.07","AA 06.00","22800051"
"188","0.0",NULL,"22800051"
"188","1.0",NULL,"22800051"
"203","0.017","AA 18.00","22800051"
"203","0.01","A 18.00","22800051"
"203","0.014","MP","22800051"
"203","0.126","7 06.00","22800051"
"203","0.095","10 06.00","22800051"
"203","0.023","AA 06.00","22800051"
"235","18.54","MP","22800051"
"235",NULL,NULL,"22800051"
"235",NULL,NULL,"22800051"
"235",NULL,NULL,"22800051"
"235",NULL,NULL,"22800051"
"236","72.65","MP","22800051"
"236",NULL,NULL,"22800051"
"236",NULL,NULL,"22800051"
"236",NULL,NULL,"22800051"
"236",NULL,NULL,"22800051"
"237","0.4","MP","22800051"
"237",NULL,NULL,"22800051"
"237",NULL,NULL,"22800051"
"237",NULL,NULL,"22800051"
"237",NULL,NULL,"22800051"
"238","7.9","MP","22800051"
"238",NULL,NULL,"22800051"
"238",NULL,NULL,"22800051"
"238",NULL,NULL,"22800051"
"238",NULL,NULL,"22800051"
"209","38.41","Muffelofen","22800051"
"209","38.32","Muffelofen","22800049"
"197","12.198","7 18.00","22800052"
"197","10.656","10 18.00","22800052"
"197","10.175","MP","22800052"
"197","11.473","7 18.00","22800052"
"197","10.47","10 18.00","22800052"
"197","10.228","AA 18.00","22800052"
"197","12.174","7 09.00","22800052"
"197","10.84","10 09.30","22800052"
"197","10.347","AA 10.00","22800052"
"198","1.407","7 18.00","22800052"
"198","1.404","10 18.00","22800052"
"198","1.413","MP","22800052"
"198","1.428","7 18.00","22800052"
"198","1.4077","10 18.00","22800052"
"198","1.412","AA 18.00","22800052"
"198","1.409","7 09.00","22800052"
"198","1.406","10 09.30","22800052"
"198","1.411","AA 10.00","22800052"
"100","0.24","7 18.00","22800052"
"100","0.18","10 18.00","22800052"
"100","0.13","MP","22800052"
"100","0.19","7 18.00","22800052"
"100","0.15","10 18.00","22800052"
"100","0.11","AA 18.00","22800052"
"100","0.18","7 09.00","22800052"
"100","0.11","10 09.30","22800052"
"100","0.17","AA 10.00","22800052"
"188","0.0",NULL,"22800052"
"188","1.0",NULL,"22800052"
"203","0.14","7 18.00","22800052"
"203","0.127","10 18.00","22800052"
"203","0.01","AA 18.00","22800052"
"203","0.14","7 18.00","22800052"
"203","0.082","10 18.00","22800052"
"203","0.02","MP","22800052"
"203","0.158","7 09.00","22800052"
"203","0.088","10 09.30","22800052"
"203","0.03","AA 10.00","22800052"
"235","20.51","MP","22800052"
"235",NULL,NULL,"22800052"
"235",NULL,NULL,"22800052"
"235",NULL,NULL,"22800052"
"235",NULL,NULL,"22800052"
"235",NULL,NULL,"22800052"
"235",NULL,NULL,"22800052"
"235",NULL,NULL,"22800052"
"235",NULL,NULL,"22800052"
"236","71.76","MP","22800052"
"236",NULL,NULL,"22800052"
"236",NULL,NULL,"22800052"
"236",NULL,NULL,"22800052"
"236",NULL,NULL,"22800052"
"236",NULL,NULL,"22800052"
"236",NULL,NULL,"22800052"
"236",NULL,NULL,"22800052"
"236",NULL,NULL,"22800052"
"237","0.8","MP","22800052"
"237",NULL,NULL,"22800052"
"237",NULL,NULL,"22800052"
"237",NULL,NULL,"22800052"
"237",NULL,NULL,"22800052"
"237",NULL,NULL,"22800052"
"237",NULL,NULL,"22800052"
"237",NULL,NULL,"22800052"
"237",NULL,NULL,"22800052"
"238","8.54","MP","22800052"
"238",NULL,NULL,"22800052"
"238",NULL,NULL,"22800052"
"238",NULL,NULL,"22800052"
"238",NULL,NULL,"22800052"
"238",NULL,NULL,"22800052"
"238",NULL,NULL,"22800052"
"238",NULL,NULL,"22800052"
"238",NULL,NULL,"22800052"
"209","38.64","TGA","22800052"
"197","12.582","7 06.00","22800053"
"197","10.916","7 06.00","22800053"
"197","10.183","AA 18.00","22800053"
"197","10.184","MP","22800053"
"197","10.013","AA 06.00","22800053"
"198","1.412","7 06.00","22800053"
"198","1.406","10 06.00","22800053"
"198","1.413","AA 18.00","22800053"
"198","1.42","MP","22800053"
"198","1.413","AA 06.00","22800053"
"100","0.12","AA 06.00","22800053"
"100","0.13","AA 18.00","22800053"
"100","0.09","MP","22800053"
"100","0.23","7 06.00","22800053"
"100","0.16","10 06.00","22800053"
"188","0.0",NULL,"22800053"
"188","1.0",NULL,"22800053"
"203","0.024","AA 18.00","22800053"
"203","0.038","MP","22800053"
"203","0.126","7 06.00","22800053"
"203","0.095","10 06.00","22800053"
"203","0.095","AA 06.00","22800053"
"235","20.0","MP","22800053"
"235",NULL,NULL,"22800053"
"235",NULL,NULL,"22800053"
"235",NULL,NULL,"22800053"
"235",NULL,NULL,"22800053"
"236","72.29","MP","22800053"
"236",NULL,NULL,"22800053"
"236",NULL,NULL,"22800053"
"236",NULL,NULL,"22800053"
"236",NULL,NULL,"22800053"
"237","0.69","MP","22800053"
"237",NULL,NULL,"22800053"
"237",NULL,NULL,"22800053"
"237",NULL,NULL,"22800053"
"237",NULL,NULL,"22800053"
"238","8.41","MP","22800053"
"238",NULL,NULL,"22800053"
"238",NULL,NULL,"22800053"
"238",NULL,NULL,"22800053"
"238",NULL,NULL,"22800053"
"209","38.0","TGA","22800053"
"197","11.137","70.7 06:00 and. Schnitt","22800054"
"197","10.068","70.10 06:00","22800054"
"197","9.61","70.10+7  06:00 AA","22800054"
"197","11.838","70.7 08:00 Trocknerpr√º ","22800054"
"197","9.86","70.7+10 18:00 AA","22800054"
"197","9.9287","MP AA","22800054"
"197",NULL,NULL,"22800054"
"198","1.407","70.7 06:00 and. Schnitt","22800054"
"198","1.409","70.10 06:00","22800054"
"198","1.412","70.10+7 06:00 AA","22800054"
"198","1.402","70.10 08:00 Trocknerpr","22800054"
"198","1.417","70.10+7 18:00 AA","22800054"
"198","1.414","MP AA","22800054"
"198",NULL,NULL,"22800054"
"100","0.24","70.10 06:00 and.Schnit","22800054"
"100","0.19","70.10 06:00","22800054"
"100","0.14","70.10+7 06:00AA","22800054"
"100","0.13","70.10 08:00 Trocknerpr","22800054"
"100","0.11","70.10+7 18:00 AA","22800054"
"100","0.22","MP AA","22800054"
"100",NULL,NULL,"22800054"
"182",NULL,NULL,"22800054"
"182",NULL,NULL,"22800054"
"182",NULL,NULL,"22800054"
"182",NULL,NULL,"22800054"
"182",NULL,NULL,"22800054"
"182",NULL,NULL,"22800054"
"182",NULL,NULL,"22800054"
"188","0.0",NULL,"22800054"
"188","1.0",NULL,"22800054"
"203","0.15","70.10 06:00 and.Schnit","22800054"
"203","0.085","70.10 06:00","22800054"
"203","0.018","70.10+7 06:00 AA","22800054"
"203","0.177","70.10 08:00Trocknerpr","22800054"
"203","0.013","70.10 18:00 AA","22800054"
"203","0.017","MP AA","22800054"
"203",NULL,NULL,"22800054"
"209",NULL,NULL,"22800054"
"235","19.08","MP AA","22800054"
"235",NULL,NULL,"22800054"
"235",NULL,NULL,"22800054"
"235",NULL,NULL,"22800054"
"235",NULL,NULL,"22800054"
"235",NULL,NULL,"22800054"
"235",NULL,NULL,"22800054"
"236","72.44","MP AA","22800054"
"236",NULL,NULL,"22800054"
"236",NULL,NULL,"22800054"
"236",NULL,NULL,"22800054"
"236",NULL,NULL,"22800054"
"236",NULL,NULL,"22800054"
"236",NULL,NULL,"22800054"
"237","0.55","MP AA","22800054"
"237",NULL,NULL,"22800054"
"237",NULL,NULL,"22800054"
"237",NULL,NULL,"22800054"
"237",NULL,NULL,"22800054"
"237",NULL,NULL,"22800054"
"237",NULL,NULL,"22800054"
"238","8.06","MP AA","22800054"
"238",NULL,NULL,"22800054"
"238",NULL,NULL,"22800054"
"238",NULL,NULL,"22800054"
"238",NULL,NULL,"22800054"
"238",NULL,NULL,"22800054"
"238",NULL,NULL,"22800054"
"197","12.369","7 06.00","22800055"
"197","10.404","10 06.00","22800055"
"197","10.043","7+10 06.00 AA","22800055"
"197","10.137","7+10 18.00 AA","22800055"
"197","9.9006","MP","22800055"
"198","1.403","7 06.00","22800055"
"198","1.407","10 06.00","22800055"
"198","1.414","7+10 06.00 AA","22800055"
"198","1.414","7+10 18.00 AA","22800055"
"198","1.411","MP","22800055"
"100","0.24","7 06.00","22800055"
"100","0.16","10 06.00","22800055"
"100","0.07","7+10 06.00 AA","22800055"
"100","0.11","7+10 18.00 AA","22800055"
"100","0.11","MP","22800055"
"188","0.0",NULL,"22800055"
"188","1.0",NULL,"22800055"
"203","0.019","MP","22800055"
"235","19.4","MP","22800055"
"235",NULL,NULL,"22800055"
"235",NULL,NULL,"22800055"
"235",NULL,NULL,"22800055"
"235",NULL,NULL,"22800055"
"236","72.6","MP ","22800055"
"236",NULL,NULL,"22800055"
"236",NULL,NULL,"22800055"
"236",NULL,NULL,"22800055"
"236",NULL,NULL,"22800055"
"237","0.54","MP","22800055"
"237",NULL,NULL,"22800055"
"237",NULL,NULL,"22800055"
"237",NULL,NULL,"22800055"
"237",NULL,NULL,"22800055"
"238","8.23","MP","22800055"
"238",NULL,NULL,"22800055"
"238",NULL,NULL,"22800055"
"238",NULL,NULL,"22800055"
"238",NULL,NULL,"22800055"
"203","0.132","7 06.00","22800055"
"203","0.104","10 6.00","22800055"
"203","0.016","7+10 06.00 AA","22800055"
"203","0.023","7+10 18.00 AA","22800055"
"197","11.687","06:00 7","22800056"
"197","11.032","06:00 10","22800056"
"197","10.36","06:00 AA","22800056"
"197","10.117","MP","22800056"
"198","1.408","7 06:00","22800056"
"198","1.412","10 06:00","22800056"
"198","1.413","LMAA 06:00","22800056"
"198","1.414","MP","22800056"
"100","0.26","7 06:00","22800056"
"100","0.17","10 06:00","22800056"
"100","0.13","LMAA 06:00","22800056"
"100","0.13","MP","22800056"
"188","0.0",NULL,"22800056"
"188","1.0",NULL,"22800056"
"203","0.151","7 06:00","22800056"
"203","0.107","10 06:00","22800056"
"203","0.021","LMAA 06:00","22800056"
"203","0.022","MP","22800056"
"235","19.15",NULL,"22800056"
"236","73.34",NULL,"22800056"
"237","0.43",NULL,"22800056"
"238","8.23",NULL,"22800056"
"197","15.8","18:00","22800057"
"197","12.739","18:00","22800057"
"197","14.705","12:00","22800057"
"197","12.532","12:00","22800057"
"197","12.282","18:00","22800057"
"197","11.902","MP","22800057"
"198","1.402","18:00","22800057"
"198","1.405","18:00","22800057"
"198","1.408","12:00","22800057"
"198","1.406","12:00","22800057"
"198","1.413","18:00","22800057"
"198","1.412","MP","22800057"
"100","0.24","18:00","22800057"
"100","0.16","18:00","22800057"
"100","0.18","12:00","22800057"
"100","0.2","12:00","22800057"
"100","0.1","18:00","22800057"
"100","0.1","MP","22800057"
"188","0.0",NULL,"22800057"
"188","1.0",NULL,"22800057"
"203","0.192","18:00","22800057"
"203","0.138","18:00","22800057"
"203","0.178","12:00","22800057"
"203","0.113","12:00","22800057"
"203","0.033","18:00","22800057"
"203","0.036","MP","22800057"
"235","19.1",NULL,"22800057"
"236","72.31",NULL,"22800057"
"236",NULL,NULL,"22800057"
"236",NULL,NULL,"22800057"
"236",NULL,NULL,"22800057"
"236",NULL,NULL,"22800057"
"237","0.42",NULL,"22800057"
"238","8.11",NULL,"22800057"
"238",NULL,NULL,"22800057"
"238",NULL,NULL,"22800057"
"238",NULL,NULL,"22800057"
"238",NULL,NULL,"22800057"
"238",NULL,NULL,"22800057"
"238",NULL,NULL,"22800057"
"238",NULL,NULL,"22800057"
"238",NULL,NULL,"22800057"
"238",NULL,NULL,"22800057"
"238",NULL,NULL,"22800057"
"197","12.213","18:00 AA","22800058"
"197","14.26","7 06:00","22800058"
"197","13.1003","10 7 06:00","22800058"
"197","11.697","AA 06:00","22800058"
"197","11.961","AA 06:00","22800058"
"197","12.141","MP","22800058"
"198","1.411","18:00 AA","22800058"
"198","1.429","7 06:00","22800058"
"198","1.406","10 06:00","22800058"
"198","1.411","AA 06:00","22800058"
"198","1.412","AA 06:00","22800058"
"198","1.412","MP","22800058"
"100","0.13","18:00 AA","22800058"
"100","0.22","7 06:00","22800058"
"100","0.18","10 06:00","22800058"
"100","0.09","AA 06:00","22800058"
"100","0.1","AA 06:00","22800058"
"100","0.12","MP","22800058"
"188","0.0",NULL,"22800058"
"188","1.0",NULL,"22800058"
"203","0.026","18:00 AA","22800058"
"203","0.155","7 06:00","22800058"
"203","0.123","10 06:00","22800058"
"203","0.021","AA 06:00","22800058"
"203","0.021","AA 06:00","22800058"
"203","0.032","MP","22800058"
"235","18.73",NULL,"22800058"
"236","72.44",NULL,"22800058"
"237","0.38",NULL,"22800058"
"238","7.97",NULL,"22800058"
"209","38.27","TGA. AK","22800054"
"209","38.29","MP","22800055"
"209","38.38","MP","22800056"
"197","11.932","AA 06.00","22800059"
"197","11.84","MP","22800059"
"197","15.198","7 06.00","22800059"
"197","12.559","10 06.00","22800059"
"197","12.089","MP","22800059"
"198","1.41","AA 06.00","22800059"
"198","1.413","MP","22800059"
"198","1.41","7 06.00","22800059"
"198","1.408","10 06.00","22800059"
"198","1.412","AA 18.00","22800059"
"100","0.13","AA 06.00","22800059"
"100","0.13","MP","22800059"
"100","0.25","7 06.00","22800059"
"100","0.17","10 06.00","22800059"
"100","0.12","AA 18.00","22800059"
"188","0.0",NULL,"22800059"
"188","1.0",NULL,"22800059"
"203","0.2","7 06.00","22800059"
"203","0.094","10 06.00","22800059"
"203","0.021","AA 18.00","22800059"
"203","0.018","AA 06.00","22800059"
"203","0.019","MP","22800059"
"209",NULL,NULL,"22800059"
"235","19.07","MP","22800059"
"235",NULL,NULL,"22800059"
"235",NULL,NULL,"22800059"
"235",NULL,NULL,"22800059"
"235",NULL,NULL,"22800059"
"236","71.91","MP","22800059"
"236",NULL,NULL,"22800059"
"236",NULL,NULL,"22800059"
"236",NULL,NULL,"22800059"
"236",NULL,NULL,"22800059"
"237","0.41","MP","22800059"
"237",NULL,NULL,"22800059"
"237",NULL,NULL,"22800059"
"237",NULL,NULL,"22800059"
"237",NULL,NULL,"22800059"
"238","8.06","MP","22800059"
"238",NULL,NULL,"22800059"
"238",NULL,NULL,"22800059"
"238",NULL,NULL,"22800059"
"238",NULL,NULL,"22800059"
"197","15.923","70.7 06:00","22800060"
"197","12.752","70.10 06:00","22800060"
"197","11.971","70.7 06:00 01.04.2022","22800060"
"197","12.112","70.10 06:00 01.04.2022","22800060"
"197","11.902","MP AA","22800060"
"197","11.971","70.7.10 18:00 AA","22800060"
"197",NULL," ","22800060"
"198","1.406","70.7 06:00","22800060"
"198","1.409","70.10 06:00","22800060"
"198","1.403","70.7 06:00 01.04.2022","22800060"
"198","1.409","70.10 06:00 01.04.2022","22800060"
"198","1.409","MP AA","22800060"
"198","1.411","70.7+10 18:00 AA","22800060"
"198",NULL,NULL,"22800060"
"100","0.26","70.7 06:00","22800060"
"100","0.17","70.10 06:00","22800060"
"100","0.29"," 70.7 06:00  01.04.2022","22800060"
"100","0.19","70.10 06:00  01.04.2022","22800060"
"100","0.07","MP AA","22800060"
"100","0.11","70.7+10 18:00 AA","22800060"
"100",NULL,NULL,"22800060"
"182",NULL,NULL,"22800060"
"182",NULL,NULL,"22800060"
"182",NULL,NULL,"22800060"
"182",NULL,NULL,"22800060"
"182",NULL,NULL,"22800060"
"182",NULL,NULL,"22800060"
"182",NULL,NULL,"22800060"
"188","0.0",NULL,"22800060"
"188","1.0",NULL,"22800060"
"203","0.204","70.7 06:00","22800060"
"203","0.098","70.10 06:00","22800060"
"203","0.207","70.7 06:00  01.04.2022","22800060"
"203","0.12","70.10 06:00  01.04.2022","22800060"
"203","0.028","MP AA","22800060"
"203","0.034","70.7+10 18:00 A","22800060"
"203",NULL,NULL,"22800060"
"235","19.29","MP AA","22800060"
"235",NULL,NULL,"22800060"
"235",NULL,NULL,"22800060"
"235",NULL,NULL,"22800060"
"235",NULL,NULL,"22800060"
"235",NULL,NULL,"22800060"
"235",NULL,NULL,"22800060"
"236","71.9","MP AA","22800060"
"236",NULL,NULL,"22800060"
"236",NULL,NULL,"22800060"
"236",NULL,NULL,"22800060"
"236",NULL,NULL,"22800060"
"236",NULL,NULL,"22800060"
"236",NULL,NULL,"22800060"
"237","0.41","MP AA","22800060"
"237",NULL,NULL,"22800060"
"237",NULL,NULL,"22800060"
"237",NULL,NULL,"22800060"
"237",NULL,NULL,"22800060"
"237",NULL,NULL,"22800060"
"237",NULL,NULL,"22800060"
"238","8.17","MP AA","22800060"
"238",NULL,NULL,"22800060"
"238",NULL,NULL,"22800060"
"238",NULL,NULL,"22800060"
"238",NULL,NULL,"22800060"
"238",NULL,NULL,"22800060"
"238",NULL,NULL,"22800060"
"238",NULL,NULL,"22800060"
"238",NULL,NULL,"22800060"
"238",NULL,NULL,"22800060"
"238",NULL,NULL,"22800060"
"238",NULL,NULL,"22800060"
"238",NULL,NULL,"22800060"
"238",NULL,NULL,"22800060"
"238",NULL,NULL,"22800060"
"238",NULL,NULL,"22800060"
"238",NULL,NULL,"22800060"
"238",NULL,NULL,"22800060"
"238",NULL,NULL,"22800060"
"238",NULL,NULL,"22800060"
"238",NULL,NULL,"22800060"
"238",NULL,NULL,"22800060"
"238",NULL,NULL,"22800060"
"238",NULL,NULL,"22800060"
"238",NULL,NULL,"22800060"
"238",NULL,NULL,"22800060"
"238",NULL,NULL,"22800060"
"238",NULL,NULL,"22800060"
"238",NULL,NULL,"22800060"
"238",NULL,NULL,"22800060"
"238",NULL,NULL,"22800060"
"238",NULL,NULL,"22800060"
"238",NULL,NULL,"22800060"
"238",NULL,NULL,"22800060"
"238",NULL,NULL,"22800060"
"238",NULL,NULL,"22800060"
"238",NULL,NULL,"22800060"
"238",NULL,NULL,"22800060"
"238",NULL,NULL,"22800060"
"238",NULL,NULL,"22800060"
"238",NULL,NULL,"22800060"
"238",NULL,NULL,"22800060"
"238",NULL,NULL,"22800060"
"238",NULL,NULL,"22800060"
"238",NULL,NULL,"22800060"
"238",NULL,NULL,"22800060"
"238",NULL,NULL,"22800060"
"238",NULL,NULL,"22800060"
"238",NULL,NULL,"22800060"
"238",NULL,NULL,"22800060"
"238",NULL,NULL,"22800060"
"238",NULL,NULL,"22800060"
"238",NULL,NULL,"22800060"
"238",NULL,NULL,"22800060"
"238",NULL,NULL,"22800060"
"238",NULL,NULL,"22800060"
"238",NULL,NULL,"22800060"
"238",NULL,NULL,"22800060"
"238",NULL,NULL,"22800060"
"238",NULL,NULL,"22800060"
"238",NULL,NULL,"22800060"
"238",NULL,NULL,"22800060"
"238",NULL,NULL,"22800060"
"238",NULL,NULL,"22800060"
"238",NULL,NULL,"22800060"
"238",NULL,NULL,"22800060"
"238",NULL,NULL,"22800060"
"238",NULL,NULL,"22800060"
"238",NULL,NULL,"22800060"
"238",NULL,NULL,"22800060"
"238",NULL,NULL,"22800060"
"238",NULL,NULL,"22800060"
"238",NULL,NULL,"22800060"
"238",NULL,NULL,"22800060"
"238",NULL,NULL,"22800060"
"238",NULL,NULL,"22800060"
"238",NULL,NULL,"22800060"
"197","16.048","70.7 06:00","22800061"
"197","12.777","70.10 06:00","22800061"
"197","11.908","70.7+10 18:00 AA","22800061"
"197","12.115","MP AA","22800061"
"197",NULL,NULL,"22800061"
"198","1.403","70.7 06:00","22800061"
"198","1.412","70.10 06:00","22800061"
"198","1.438","70.7+10 18:00","22800061"
"198","1.413","MP AA","22800061"
"198",NULL,NULL,"22800061"
"100","0.22","70.7 06:00","22800061"
"100","0.22","70.10 06:00","22800061"
"100","0.15","70.7+10 18:00","22800061"
"100","0.08","MP AA","22800061"
"100",NULL,NULL,"22800061"
"188","0.0",NULL,"22800061"
"188","1.0",NULL,"22800061"
"203","0.1","70.7 06:00","22800061"
"203","0.179","70.10 06:00","22800061"
"203","0.05","70.7+10 18:00","22800061"
"203","0.05","MP AA","22800061"
"235","18.41","MP AA","22800061"
"235",NULL,NULL,"22800061"
"235",NULL,NULL,"22800061"
"235",NULL,NULL,"22800061"
"235",NULL,NULL,"22800061"
"236","73.32","MP AA","22800061"
"236",NULL,NULL,"22800061"
"236",NULL,NULL,"22800061"
"236",NULL,NULL,"22800061"
"236",NULL,NULL,"22800061"
"237","0.31","MP AA","22800061"
"237",NULL,NULL,"22800061"
"237",NULL,NULL,"22800061"
"237",NULL,NULL,"22800061"
"237",NULL,NULL,"22800061"
"238","7.94","MP AA","22800061"
"238",NULL,NULL,"22800061"
"238",NULL,NULL,"22800061"
"238",NULL,NULL,"22800061"
"238",NULL,NULL,"22800061"
"197","15.49","7 06.00","22800064"
"197","12.708","10 06.00","22800064"
"197","11.782","MP","22800064"
"197","11.86","AA 18.00","22800064"
"197","13.158","10 10.00","22800064"
"197","13.893","7 18.00","22800064"
"197",NULL,NULL,"22800064"
"197",NULL,NULL,"22800064"
"198","1.4097","7 06.00","22800064"
"198","1.407","10 06.00","22800064"
"198","1.412","MP","22800064"
"198","1.415","AA 18.00","22800064"
"198","1.412","10 10.00","22800064"
"198","1.411","7 18.00","22800064"
"198",NULL,NULL,"22800064"
"198",NULL,NULL,"22800064"
"100","0.23","7 06.00","22800064"
"100","0.18","10 06.00","22800064"
"100","0.16","MP","22800064"
"100","0.22","7 18.00","22800064"
"100","0.17","10 18.00","22800064"
"100","0.11","AA 18.00","22800064"
"100","0.18","10 06.00","22800064"
"100","0.22","7 18.00","22800064"
"188","0.0",NULL,"22800064"
"188","1.0",NULL,"22800064"
"203","0.165","7 06.00","22800064"
"203","0.116","10 06.00","22800064"
"203","0.039","MP","22800064"
"203","0.207","7 18.00","22800064"
"203","0.144","10 18.00","22800064"
"203","0.026","AA 18.00","22800064"
"203","0.115","10 10.00","22800064"
"203","0.161","7 18.00","22800064"
"235","19.19","MP","22800064"
"235",NULL,NULL,"22800064"
"235",NULL,NULL,"22800064"
"235",NULL,NULL,"22800064"
"235",NULL,NULL,"22800064"
"236","72.6","MP","22800064"
"236",NULL,NULL,"22800064"
"236",NULL,NULL,"22800064"
"236",NULL,NULL,"22800064"
"236",NULL,NULL,"22800064"
"237","0.4","MP","22800064"
"237",NULL,NULL,"22800064"
"237",NULL,NULL,"22800064"
"237",NULL,NULL,"22800064"
"237",NULL,NULL,"22800064"
"238","8.19","MP","22800064"
"238",NULL,NULL,"22800064"
"238",NULL,NULL,"22800064"
"238",NULL,NULL,"22800064"
"238",NULL,NULL,"22800064"
"197","11.861","AA 18.00","22800066"
"197","11.788","MP","22800066"
"197","12.808","10 06.00","22800066"
"197","13.962","7 06.00","22800066"
"197","12.374","10 18.00","22800066"
"197",NULL,NULL,"22800066"
"198","1.412","AA 18.00","22800066"
"198","1.412","MP","22800066"
"198","1.403","10 06.00","22800066"
"198","1.425","7 06.00","22800066"
"198","1.407","10 18.00","22800066"
"198",NULL,NULL,"22800066"
"100","0.11","AA 18.00","22800066"
"100","0.19","7 18.00","22800066"
"100","0.18","MP","22800066"
"100","0.16","10 06.00","22800066"
"100","0.23","7 06.00","22800066"
"100","0.15","10 18.00","22800066"
"188","0.0",NULL,"22800066"
"188","1.0",NULL,"22800066"
"203","0.008","AA 18.00","22800066"
"203","0.152","7 18.00","22800066"
"203","0.026","MP","22800066"
"203","0.12","10 06.00","22800066"
"203","0.089","7 06.00","22800066"
"203","0.055","10 18.00","22800066"
"235","19.79","MP","22800066"
"235",NULL,NULL,"22800066"
"235",NULL,NULL,"22800066"
"235",NULL,NULL,"22800066"
"235",NULL,NULL,"22800066"
"235",NULL,NULL,"22800066"
"236","72.45","MP","22800066"
"236",NULL,NULL,"22800066"
"236",NULL,NULL,"22800066"
"236",NULL,NULL,"22800066"
"236",NULL,NULL,"22800066"
"236",NULL,NULL,"22800066"
"237","0.5","MP","22800066"
"237",NULL,NULL,"22800066"
"237",NULL,NULL,"22800066"
"237",NULL,NULL,"22800066"
"237",NULL,NULL,"22800066"
"237",NULL,NULL,"22800066"
"238","8.39","MP","22800066"
"238",NULL,NULL,"22800066"
"238",NULL,NULL,"22800066"
"238",NULL,NULL,"22800066"
"238",NULL,NULL,"22800066"
"238",NULL,NULL,"22800066"
"197","15.079","7 06.00","22800065"
"197","12.411","10 06.00","22800065"
"197","11.775","MP","22800065"
"197","15.594","7 18.00","22800065"
"197","11.223","10 18.00","22800065"
"197","12.019","AA 18.00","22800065"
"198","1.409","7 18.00","22800065"
"198","1.375","10 18.00","22800065"
"198","1.412","AA 18.00","22800065"
"198","1.391","7 06.00","22800065"
"198","1.414","10 06.00","22800065"
"198","1.415","MP","22800065"
"100","0.22","7 06.00","22800065"
"100","0.17","10 06.00","22800065"
"100","0.2","MP","22800065"
"100","0.22","7 18.00","22800065"
"100","0.24","10 18.00","22800065"
"100","0.1","AA 18.00","22800065"
"188","0.0",NULL,"22800065"
"188","1.0",NULL,"22800065"
"203","0.165","7 06.00","22800065"
"203","0.135","10 06.00","22800065"
"203","0.026","MP","22800065"
"203","0.2","7 18.00","22800065"
"203","0.269","10 18.00","22800065"
"203","0.034","AA 18.00","22800065"
"235","18.92","MP","22800065"
"235",NULL,NULL,"22800065"
"235",NULL,NULL,"22800065"
"235",NULL,NULL,"22800065"
"235",NULL,NULL,"22800065"
"236","73.51","MP","22800065"
"236",NULL,NULL,"22800065"
"236",NULL,NULL,"22800065"
"236",NULL,NULL,"22800065"
"236",NULL,NULL,"22800065"
"237","0.45","MP","22800065"
"237",NULL,NULL,"22800065"
"237",NULL,NULL,"22800065"
"237",NULL,NULL,"22800065"
"237",NULL,NULL,"22800065"
"238","8.13","MP","22800065"
"238",NULL,NULL,"22800065"
"238",NULL,NULL,"22800065"
"238",NULL,NULL,"22800065"
"238",NULL,NULL,"22800065"
"209","38.41","MP","22800051"
"209","38.94","MP","22800061"
"209","40.16","MP","22800064"
"209","38.4","MP","22800058"
"209","40.16","MP","22800064"
"209","41.67","MP","22800065"
"197","14.453","7 18.00","22800067"
"197","11.676","10 18.00","22800067"
"197","11.718","MP","22800067"
"197","11.623","AA 09:14","22800067"
"197","14.514","7 10.15","22800067"
"197","11.854","10 10.15","22800067"
"197","14.611","7 18.00","22800067"
"197","11.7","10 18.00","22800067"
"197","11.296","AA 18.00","22800067"
"198","1.416","7 18.00","22800067"
"198","1.411","10 18.00","22800067"
"198","1.41","MP","22800067"
"198","1.412","AA 09.14","22800067"
"198","1.4","7 10.15","22800067"
"198","1.407","10 10.15","22800067"
"198","1.416","7 18.00","22800067"
"198","1.40694","10 18.00","22800067"
"198","1.412","AA 18.00","22800067"
"100","0.22","7 18.00","22800067"
"100","0.14","10 18.00","22800067"
"100","0.12","MP","22800067"
"100","0.11","AA 09.14","22800067"
"100","0.18","7 10.15","22800067"
"100","0.15","10 10.15","22800067"
"100","0.22","7 18.00","22800067"
"100","0.11","10 18.00","22800067"
"100","0.08","AA 18.00","22800067"
"188","0.0",NULL,"22800067"
"188","1.0",NULL,"22800067"
"203","0.144","7 18.00","22800067"
"203","0.063","18.00","22800067"
"203","0.038","MP","22800067"
"203","0.065","AA 09.14","22800067"
"203","0.027","7 10.15","22800067"
"203","0.133","10 10.15","22800067"
"203","0.184","7 18.00","22800067"
"203","0.107","10 18.00","22800067"
"203","0.037","AA 18.00","22800067"
"235","20.28","MP","22800067"
"235",NULL,NULL,"22800067"
"235",NULL,NULL,"22800067"
"235",NULL,NULL,"22800067"
"235",NULL,NULL,"22800067"
"236","73.63","MP","22800067"
"236",NULL,NULL,"22800067"
"236",NULL,NULL,"22800067"
"236",NULL,NULL,"22800067"
"236",NULL,NULL,"22800067"
"237","0.55","MP","22800067"
"237",NULL,NULL,"22800067"
"237",NULL,NULL,"22800067"
"237",NULL,NULL,"22800067"
"237",NULL,NULL,"22800067"
"238","8.73","MP","22800067"
"238",NULL,NULL,"22800067"
"238",NULL,NULL,"22800067"
"238",NULL,NULL,"22800067"
"238",NULL,NULL,"22800067"
"197","11.707","AA 18.00","22800068"
"197","11.919","MP","22800068"
"197","13.744","7 06.00","22800068"
"197","11.482","10 06.00","22800068"
"197","11.641","AA 06.00","22800068"
"198","1.413","AA 18.00","22800068"
"198","1.413","MP","22800068"
"198","1.427","7 06.00","22800068"
"198","1.409","10 06.00","22800068"
"198","1.411","AA 06.00","22800068"
"100","0.12","AA 18.00","22800068"
"100","0.13","MP","22800068"
"100","0.22","7 06.00","22800068"
"100","0.13","10 06.00","22800068"
"100","0.2","AA 06.00","22800068"
"188","0.0",NULL,"22800068"
"188","1.0",NULL,"22800068"
"203","0.036","AA 18.00","22800068"
"203","0.04","MP","22800068"
"203","0.147","7 06.00","22800068"
"203","0.069","10 06.00","22800068"
"203","0.034","AA 06.00","22800068"
"235","19.98","MP","22800068"
"235",NULL,NULL,"22800068"
"235",NULL,NULL,"22800068"
"235",NULL,NULL,"22800068"
"235",NULL,NULL,"22800068"
"236","73.55","MP","22800068"
"236",NULL,NULL,"22800068"
"236",NULL,NULL,"22800068"
"236",NULL,NULL,"22800068"
"236",NULL,NULL,"22800068"
"237","0.51","MP","22800068"
"237",NULL,NULL,"22800068"
"237",NULL,NULL,"22800068"
"237",NULL,NULL,"22800068"
"237",NULL,NULL,"22800068"
"238","8.6","MP","22800068"
"238",NULL,NULL,"22800068"
"238",NULL,NULL,"22800068"
"238",NULL,NULL,"22800068"
"238",NULL,NULL,"22800068"
"209","38.83","MP","22800068"
"197","11.847","MP","22800069"
"197","15.305","7 06.00","22800069"
"197","12.65","10 06.00","22800069"
"197","12.533","AA 18.00","22800069"
"197",NULL,NULL,"22800069"
"198","1.411","MP","22800069"
"198","1.419","7 06.00","22800069"
"198","1.411","10 06.00","22800069"
"198","1.416","AA 18.00","22800069"
"198",NULL,NULL,"22800069"
"100","0.13","MP","22800069"
"100","0.23","7 06.00","22800069"
"100","0.13","10 06.00","22800069"
"100","0.11","AA 18.00","22800069"
"100",NULL,NULL,"22800069"
"188","0.0",NULL,"22800069"
"188","1.0",NULL,"22800069"
"203","0.049","MP","22800069"
"203","0.214","7 06.00","22800069"
"203","0.09","10 06.00","22800069"
"203","0.046","AA 18.00","22800069"
"235","19.79","MP","22800069"
"235",NULL,NULL,"22800069"
"235",NULL,NULL,"22800069"
"235",NULL,NULL,"22800069"
"235",NULL,NULL,"22800069"
"236","73.99","MP","22800069"
"236",NULL,NULL,"22800069"
"236",NULL,NULL,"22800069"
"236",NULL,NULL,"22800069"
"236",NULL,NULL,"22800069"
"237","0.51","MP","22800069"
"237",NULL,NULL,"22800069"
"237",NULL,NULL,"22800069"
"237",NULL,NULL,"22800069"
"237",NULL,NULL,"22800069"
"238","8.55","MP","22800069"
"238",NULL,NULL,"22800069"
"238",NULL,NULL,"22800069"
"238",NULL,NULL,"22800069"
"238",NULL,NULL,"22800069"
"209","38.98",NULL,"22800069"
"209","36.63",NULL,"22800067"
"209","37.85",NULL,"22800066"
"197","12.837","10 18.00","22800070"
"197","12.5","AA 18.00","22800070"
"197","11.875","MP","22800070"
"197","14.649","7 06.00","22800070"
"197","12.873","10 06.00","22800070"
"197","15.349","7 18.00","22800070"
"198","1.409","10 18.00","22800070"
"198","1.413","AA 18.00","22800070"
"198","1.412","MP","22800070"
"198","1.433","7 06.00","22800070"
"198","1.408","10 06.00","22800070"
"198","1.423","7 18.00","22800070"
"100","0.18","10 18.00","22800070"
"100","0.14","AA 18.00","22800070"
"100","0.1","MP","22800070"
"100","0.2","7 06.00","22800070"
"100","0.17","10 06.00","22800070"
"100","0.21","7 18.00","22800070"
"188","0.0",NULL,"22800070"
"188","1.0",NULL,"22800070"
"203","0.058","10 18.00","22800070"
"203","0.038","AA 18.00","22800070"
"203","0.026","MP","22800070"
"203","0.188","7 06.00","22800070"
"203","0.102","10 06.00","22800070"
"203","0.209","7 18.00","22800070"
"235","21.1","MP","22800070"
"235",NULL,NULL,"22800070"
"235",NULL,NULL,"22800070"
"235",NULL,NULL,"22800070"
"235",NULL,NULL,"22800070"
"236","73.02","MP","22800070"
"236",NULL,NULL,"22800070"
"236",NULL,NULL,"22800070"
"236",NULL,NULL,"22800070"
"236",NULL,NULL,"22800070"
"237","0.74","MP","22800070"
"237",NULL,NULL,"22800070"
"237",NULL,NULL,"22800070"
"237",NULL,NULL,"22800070"
"237",NULL,NULL,"22800070"
"238","8.97","MP","22800070"
"238",NULL,NULL,"22800070"
"238",NULL,NULL,"22800070"
"238",NULL,NULL,"22800070"
"238",NULL,NULL,"22800070"
"209","38.25","Muffelofen","22800070"
"197","11.246","AA 18.00","22800078"
"197","11.336","MP","22800078"
"198","1.406","AA 18.00","22800078"
"198","1.407","MP","22800078"
"100","0.11","AA 18.00","22800078"
"100","0.1","MP","22800078"
"188","0.0",NULL,"22800078"
"188","1.0",NULL,"22800078"
"203","0.031","AA 18.00","22800078"
"203","0.032","MP","22800078"
"235","20.68","MP","22800078"
"236","72.74","MP","22800078"
"237","0.59","MP","22800078"
"238","8.81","MP","22800078"
"197","7.74209","AA 18.00","22800079"
"197","7.5247","MP","22800079"
"197","8.9673","6 10.00","22800079"
"197","7.7538","AA 11.40","22800079"
"197",NULL,NULL,"22800079"
"198","1.407","AA 18.00","22800079"
"198","1.406","MP","22800079"
"198","1.398","6 10.00","22800079"
"198","1.408","AA 11.40","22800079"
"198",NULL,NULL,"22800079"
"100","0.11","AA 18.00","22800079"
"100","0.15","MP","22800079"
"100","0.15","6 10.00","22800079"
"100","0.12","AA 11.40","22800079"
"100",NULL,NULL,"22800079"
"188","0.0",NULL,"22800079"
"188","1.0",NULL,"22800079"
"203","0.053","AA 18.00","22800079"
"203","0.054","MP","22800079"
"203","0.139","6 10.00","22800079"
"203","0.046","AA 11.40","22800079"
"203",NULL,NULL,"22800079"
"209",NULL,NULL,"22800079"
"235","16.56","MP","22800079"
"235",NULL,NULL,"22800079"
"235",NULL,NULL,"22800079"
"235",NULL,NULL,"22800079"
"235",NULL,NULL,"22800079"
"236","74.94","MP","22800079"
"236",NULL,NULL,"22800079"
"236",NULL,NULL,"22800079"
"236",NULL,NULL,"22800079"
"236",NULL,NULL,"22800079"
"237","0.05","MP","22800079"
"237",NULL,NULL,"22800079"
"237",NULL,NULL,"22800079"
"237",NULL,NULL,"22800079"
"237",NULL,NULL,"22800079"
"238","7.33","MP","22800079"
"238",NULL,NULL,"22800079"
"238",NULL,NULL,"22800079"
"238",NULL,NULL,"22800079"
"238",NULL,NULL,"22800079"
"197","13.284","Oktabin 16","22800031"
"197","12.695","Oktabin 18 ","22800031"
"197","12.876","Kanister Reklama 65 ","22800031"
"197",NULL,NULL,"22800031"
"197",NULL,NULL,"22800031"
"198","1.41","Oktabin 16","22800031"
"198","1.411","Oktabin 18","22800031"
"198","1.412","Kanister Reklama 65 ","22800031"
"198",NULL,NULL,"22800031"
"198",NULL,NULL,"22800031"
"100","0.13","Oktabin 16","22800031"
"100","0.11","Oktabin 18","22800031"
"100","0.1","Kanister Reklama 65 ","22800031"
"100",NULL,NULL,"22800031"
"100",NULL,NULL,"22800031"
"203","0.059","Oktabin 16","22800031"
"203","0.083","Oktabin 18","22800031"
"203","0.054","Kanister Reklama 65 ","22800031"
"209","38.0","TGA Oktabin 16","22800031"
"209","39.26","TGA Oktabin 18","22800031"
"209","38.75","Kanister Reklama 65 ","22800031"
"197","10.068","7+10 18.00 AA","22800050"
"197","10.724","10 06.00","22800050"
"197","12.38","7 06.00","22800050"
"197","10.224","7+10 06.00","22800050"
"197","10.123","MP","22800050"
"198","1.413","7+10 18.00 AA","22800050"
"198","1.406","10 06.00","22800050"
"198","1.413","7 06.00","22800050"
"198","1.415","7+10 06.00 AA","22800050"
"198","1.413","MP","22800050"
"100","0.13","7+10 18.00 AA","22800050"
"100","0.18","10 06.00","22800050"
"100","0.21","7 06.00","22800050"
"100","0.11","7+10 06.00 AA","22800050"
"100","0.11","MP ","22800050"
"188","0.0",NULL,"22800050"
"188","1.0",NULL,"22800050"
"203","0.016","7+10 18.00 AA","22800050"
"203","0.11","10 06.00","22800050"
"203","0.106","7 06.00","22800050"
"203","0.016","7+10 06.00 AA","22800050"
"203","0.024","MP","22800050"
"209","38.23","MP ","22800050"
"235","19.03","MP","22800050"
"235",NULL,NULL,"22800050"
"235",NULL,NULL,"22800050"
"235",NULL,NULL,"22800050"
"235",NULL,NULL,"22800050"
"236","72.23","MP","22800050"
"236",NULL,NULL,"22800050"
"236",NULL,NULL,"22800050"
"236",NULL,NULL,"22800050"
"236",NULL,NULL,"22800050"
"237","0.48","MP","22800050"
"237",NULL,NULL,"22800050"
"237",NULL,NULL,"22800050"
"237",NULL,NULL,"22800050"
"237",NULL,NULL,"22800050"
"238","8.06","MP","22800050"
"238",NULL,NULL,"22800050"
"238",NULL,NULL,"22800050"
"238",NULL,NULL,"22800050"
"238",NULL,NULL,"22800050"
"197","13.598","7 11.00","22800084"
"197","13.978","7 18.00","22800084"
"197","11.56","MP","22800084"
"197","15.327","7 18.05","22800084"
"197","13.887","7 06.00","22800084"
"197","11.526","AA 06.00","22800084"
"197","8.8464","7 09.30","22800084"
"197","13.106","7 15.10","22800084"
"197","18.04","7 18.21","22800084"
"198","1.365","7 11.00","22800084"
"198","1.391","7 18.00","22800084"
"198","1.419","MP","22800084"
"198","1.385","7 18.05","22800084"
"198","1.368","7 06.00","22800084"
"198","1.392","AA 06.00","22800084"
"198","1.429","7 09.30","22800084"
"198","1.405","7 15.10","22800084"
"198","1.317","7 18.21","22800084"
"100","0.15","7 11.00","22800084"
"100","0.21","7 18.00","22800084"
"100","0.23","MP","22800084"
"100","0.33","7 18.05","22800084"
"100","0.27","7 06.00","22800084"
"100","0.11","AA 06.00","22800084"
"100","0.21","7 09.30","22800084"
"100","0.2","7 15.10","22800084"
"100","0.4","7 18.21","22800084"
"182",NULL,NULL,"22800084"
"182",NULL,NULL,"22800084"
"182",NULL,NULL,"22800084"
"182",NULL,NULL,"22800084"
"182",NULL,NULL,"22800084"
"188","0.0",NULL,"22800084"
"188","1.0",NULL,"22800084"
"203","0.139","7 11.00","22800084"
"203","0.217","7 18.00","22800084"
"203","0.041","MP","22800084"
"203","0.285","7 18.05","22800084"
"203","0.206","7 06.00","22800084"
"203","0.054","AA 06.00","22800084"
"203","0.206","7 09.30","22800084"
"203","0.168","7 15.10","22800084"
"203","0.385","7 18.21","22800084"
"209","36.68","MP","22800084"
"235","19.16","MP","22800084"
"236","73.73","MP","22800084"
"237","0.48","MP","22800084"
"238","8.25","MP","22800084"
"197","14.17","7 06.00","22800085"
"197","12.672","AA 06.00","22800085"
"197","13.204","7 18.00","22800085"
"197","13.567","7 06.00","22800085"
"197","11.51","AA 06.00","22800085"
"197","16.427","7 21.05","22800085"
"197","12.191","MP","22800085"
"198","1.387","7 06.00","22800085"
"198","1.403","AA 06.00","22800085"
"198","1.379","7 21.05","22800085"
"198","1.442","7 06.00","22800085"
"198","1.39","AA 06.00","22800085"
"198","1.401","7 18.00","22800085"
"198","1.39","MP","22800085"
"100","0.21","7 06.00","22800085"
"100","0.13","AA 06.00","22800085"
"100","0.21","7 18.00","22800085"
"100","0.18","7 06.00","22800085"
"100","0.11","AA 06.00","22800085"
"100","0.2","7 21.05","22800085"
"100","0.11","MP","22800085"
"203","0.15","7 06.00","22800085"
"203","0.031","AA 06.00","22800085"
"203","0.204","7 06.00","22800085"
"203","0.039","AA 06.00","22800085"
"203","0.173","7 18.00","22800085"
"203","0.038","MP","22800085"
"235","19.72","MP","22800085"
"236","74.0","MP","22800085"
"237","0.67","MP","22800085"
"238","8.45","MP","22800085"
"155","22.7","Start Alterung","22800084"
"100","37.0","Start Alterung","22800084"
"106","26.05","22-29 Start Alterung","22800084"
"109","517.81","Start Alterung","22800084"
"157","23.53","Start Alterung","22800084"
"219","19.69","Start Alterung","22800084"
"220","19.14","Start Alterung","22800084"
"221","19.85","Naht110Start Alterung","22800084"
"221","19.01","Naht120Start Alterung","22800084"
"221","21.57","Naht130Start Alterung","22800084"
"107","528.47","Start Alterung","22800084"
"157","669.79","Start Alterung","22800084"
"159","460.82","Naht110Start Alterung","22800084"
"159","520.68","Naht120Start Alterung","22800084"
"159","502.75","Naht130Start Alterung","22800084"
"222","143.6","gerade 1.3,5;seit2,4","22800084"
"223","161.35","5/5 seit Start Alterung","22800084"
